t,BLOOD_A.vol,BLOOD_A.pres,BLOOD_A.to2,BLOOD_A.tco2,BLOOD_A.temp,BLOOD_B.vol,BLOOD_B.pres,BLOOD_B.to2,BLOOD_B.tco2,BLOOD_B.temp,R_AB.flow,TVE_ISOLATED.vol,TVE_ISOLATED.pres,TVE_ISOLATED.el_min_eff,TVE_ISOLATED.el_max_eff
0.0005,0.09975,100,8,20,37,0.05025,50,4.019900497512438,27.960199004975124,34.014925373134325,0.5,0.02,27.5,500,5000
0.010500000000000006,0.09524319670553148,95.4476734399308,8,20,37,0.05475680329446854,54.55232656006923,4.347485828848529,27.30502834230295,34.26061437163639,0.4089534687986156,0.02,27.5,500,5000
0.020500000000000015,0.09155705102459961,91.72429396424204,8,20,37,0.05844294897540041,58.27570603575799,4.57785920275544,26.84428159448913,34.43339440206656,0.33448587928484047,0.02,27.5,500,5000
0.030500000000000024,0.08854212689917135,88.67891605976904,8,20,37,0.061457873100828654,61.32108394023096,4.745738342231969,26.508523315536067,34.55930375667396,0.2735783211953807,0.02,27.5,500,5000
0.04050000000000003,0.08607619954065432,86.18808034409527,8,20,37,0.0639238004593457,63.81191965590475,4.871274884114625,26.257450231770754,34.65345616308594,0.22376160688190516,0.02,27.5,500,5000
0.05050000000000004,0.0840593004465124,84.1508085318307,8,20,37,0.06594069955348762,65.84919146816931,4.96697181931213,26.06605636137575,34.72522886448407,0.18301617063661396,0.02,27.5,500,5000
0.06050000000000005,0.08240966468498018,82.48450978280826,8,20,37,0.06759033531501984,67.51549021719177,5.0409970735038465,25.918005852992305,34.78074780512784,0.14969019565616493,0.02,27.5,500,5000
0.07050000000000005,0.08106041615111445,81.12163247587318,8,20,37,0.06893958384888557,68.87836752412683,5.098909090626411,25.802181818747165,34.824181817969766,0.12243264951746355,0.02,27.5,500,5000
0.08050000000000006,0.07995685641472282,80.00692567143719,8,20,37,0.0700431435852772,69.99307432856283,5.1446170208437145,25.71076595831255,34.85846276563274,0.10013851342874361,0.02,27.5,500,5000
0.09050000000000007,0.07905424725027513,79.09519924270215,8,20,37,0.0709457527497249,70.90480075729786,5.180944704251153,25.638110591497668,34.88570852818832,0.08190398485404288,0.02,27.5,500,5000
0.10050000000000008,0.0783159969527345,78.34949187144899,8,20,37,0.07168400304726552,71.65050812855104,5.209977240415432,25.580045519169108,34.907482930311524,0.06698983742897952,0.02,27.5,500,5000
0.11050000000000008,0.07771217691269283,77.73957263908366,8,20,37,0.07228782308730719,72.26042736091635,5.2332822948832485,25.533435410233473,34.92496172116238,0.054791452781673085,0.02,27.5,500,5000
0.1205000000000001,0.07721830831288251,77.24071546755809,8,20,37,0.07278169168711751,72.75928453244192,5.252056178361672,25.49588764327663,34.939042133771196,0.04481430935116165,0.02,27.5,500,5000
0.1305000000000001,0.07681436975883622,76.8326967260972,8,20,37,0.0731856302411638,73.16730327390282,5.2672230963789834,25.465553807242006,34.95041732228417,0.03665393452194379,0.02,27.5,500,5000
0.1405000000000001,0.07648398561311877,76.49897536678664,8,20,37,0.07351601438688125,73.50102463321338,5.279504313883348,25.440991372233277,34.959628235412424,0.02997950733573262,0.02,27.5,500,5000
0.1505000000000001,0.07621376212826433,76.22602235178215,8,20,37,0.07378623787173569,73.77397764821788,5.2894674431339785,25.42106511373201,34.96710058235039,0.02452044703564269,0.02,27.5,500,5000
0.16050000000000011,0.07599274446530016,76.00277218717189,8,20,37,0.07400725553469986,73.99722781282814,5.297562265280519,25.40487546943893,34.9731716989603,0.020055443743437422,0.02,27.5,500,5000
0.17050000000000012,0.07581197258543024,75.8201743287174,8,20,37,0.07418802741456978,74.17982567128261,5.304147219302909,25.391705561394165,34.978110414477094,0.016403486574347852,0.02,27.5,500,5000
0.18050000000000013,0.07566411801076217,75.67082627349714,8,20,37,0.07433588198923785,74.32917372650289,5.309509288812159,25.380981422375665,34.98213196660902,0.013416525469942542,0.02,27.5,500,5000
0.19050000000000014,0.07554318672838564,75.5486734630158,8,20,37,0.07445681327161438,74.45132653698423,5.313879130571829,25.37224173885633,34.985409347928766,0.010973469260315767,0.02,27.5,500,5000
0.20050000000000015,0.07544427619355734,75.4487638318761,8,20,37,0.07455572380644268,74.55123616812392,5.317442715475094,25.36511456904981,34.98808203660622,0.008975276637521717,0.02,27.5,500,5000
0.21050000000000016,0.07536337658091982,75.36704705143417,8,20,37,0.0746366234190802,74.63295294856586,5.320350374413218,25.359299251173557,34.99026278080982,0.0073409410286831185,0.02,27.5,500,5000
0.22050000000000017,0.07529720822649469,75.30021032979262,8,20,37,0.07470279177350533,74.69978967020741,5.322723886861035,25.354552226277928,34.99204291514568,0.0060042065958521105,0.02,27.5,500,5000
0.23050000000000018,0.07524308867036096,75.24554411147571,8,20,37,0.07475691132963906,74.7544558885243,5.324662075482172,25.350675849035657,34.99349655661154,0.004910882229514044,0.02,27.5,500,5000
0.24050000000000019,0.07519882390993952,75.20083223226214,8,20,37,0.0748011760900605,74.79916776773787,5.32624524834743,25.347509503305144,34.99468393626048,0.004016644645242735,0.02,27.5,500,5000
0.25050000000000017,0.07516261945529976,75.16426207606037,8,20,37,0.07483738054470027,74.83573792393966,5.327538744083379,25.344922511833243,34.99565405806245,0.0032852415212070696,0.02,27.5,500,5000
0.2605000000000002,0.07513300758067795,75.13435109159389,8,20,37,0.07486699241932207,74.86564890840613,5.3285957731570015,25.342808453686004,34.99644682986765,0.0026870218318775585,0.02,27.5,500,5000
0.2705000000000002,0.07510878782298952,75.1098866898884,8,20,37,0.0748912121770105,74.89011331011163,5.329459703131978,25.34108059373606,34.997094777348885,0.0021977337977676825,0.02,27.5,500,5000
0.2805000000000002,0.07508897831514924,75.08987708600934,8,20,37,0.07491102168485078,74.91012291399069,5.330165902136594,25.339668195726826,34.99762442660234,0.001797541720186473,0.02,27.5,500,5000
0.2905000000000002,0.07507277598125628,75.07351109217807,8,20,37,0.07492722401874374,74.92648890782196,5.330743229590785,25.338513540818436,34.998057422192986,0.001470221843561035,0.02,27.5,500,5000
0.3005000000000002,0.07505952397995995,75.06012523228279,8,20,37,0.07494047602004007,74.93987476771724,5.331215244128991,25.33756951174202,34.99841143309666,0.0012025046456554378,0.02,27.5,500,5000
0.3105000000000002,0.07504868507616264,75.04917684460872,8,20,37,0.07495131492383739,74.95082315539129,5.331601184005483,25.336797631989036,34.998700888004024,0.0009835368921743283,0.02,27.5,500,5000
0.32050000000000023,0.07503981986155087,75.04022208237461,8,20,37,0.07496018013844916,74.95977791762542,5.33191676393245,25.336166472135098,34.998937572949266,0.0008044416474919558,0.02,27.5,500,5000
0.33050000000000024,0.07503256894101662,75.0328979202188,8,20,37,0.0749674310589834,74.96710207978121,5.332174823455769,25.335650353088457,34.99913111759176,0.0006579584043758757,0.02,27.5,500,5000
0.34050000000000025,0.07502663836280771,75.0269074371795,8,20,37,0.07497336163719232,74.97309256282051,5.332385855021005,25.335228289957993,34.999289391265684,0.0005381487435899146,0.02,27.5,500,5000
0.35050000000000026,0.07502178770174668,75.0220077795421,8,20,37,0.07497821229825334,74.97799222045792,5.332558434383226,25.334883131233546,34.99941882578733,0.0004401555908417265,0.02,27.5,500,5000
0.36050000000000026,0.07501782031241291,75.0180003155686,8,20,37,0.07498217968758711,74.98199968443143,5.332699571640904,25.33460085671819,34.99952467873058,0.00036000631137170555,0.02,27.5,500,5000
0.3705000000000003,0.07501457535715267,75.01472258298249,8,20,37,0.07498542464284735,74.98527741701753,5.332814997679988,25.334370004640018,34.99961124825989,0.00029445165964958164,0.02,27.5,500,5000
0.3805000000000003,0.07501192128573311,75.01204170276073,8,20,37,0.07498807871426691,74.9879582972393,5.3329093980114335,25.334181203977117,34.99968204850846,0.00024083405521423628,0.02,27.5,500,5000
0.3905000000000003,0.07500975050230618,75.00984899222847,8,20,37,0.07499024949769384,74.99015100777156,5.33298660372972,25.33402679254055,34.99973995279718,0.00019697984456911398,0.02,27.5,500,5000
0.4005000000000003,0.07500797500348129,75.00805555907202,8,20,37,0.07499202499651873,74.99194444092801,5.333049747499357,25.333900505001267,34.99978731062441,0.0001611111814401056,0.02,27.5,500,5000
0.4105000000000003,0.07500652281067471,75.00658869765122,8,20,37,0.07499347718932531,74.99341130234879,5.3331013910037965,25.33379721799239,34.99982604325275,0.00013177395302435002,0.02,27.5,500,5000
0.4205000000000003,0.07500533505210351,75.00538894151869,8,20,37,0.07499466494789651,74.99461105848134,5.333143629097447,25.333712741805087,34.99985772182299,0.00010777883037349056,0.02,27.5,500,5000
0.4305000000000003,0.07500436357612791,75.00440765265445,8,20,37,0.07499563642387211,74.99559234734556,5.3331781749326215,25.33364365013474,34.999883631199374,0.00008815305308885968,0.02,27.5,500,5000
0.44050000000000034,0.07500356899918774,75.0036050496846,8,20,37,0.07499643100081228,74.99639495031543,5.333206429545507,25.33358714090897,34.999904822159046,0.00007210099369160616,0.02,27.5,500,5000
0.45050000000000034,0.07500291910919593,75.0029485951474,8,20,37,0.07499708089080409,74.99705140485261,5.333229538744306,25.333540922511375,34.99992215405817,0.000058971902947888566,0.02,27.5,500,5000
0.46050000000000035,0.07500238755966296,75.00241167642723,8,20,37,0.07499761244033706,74.9975883235728,5.333248439620576,25.333503120758834,34.999936329715354,0.00004823352854430141,0.02,27.5,500,5000
0.47050000000000036,0.07500195280161225,75.00197252688105,8,20,37,0.07499804719838778,74.99802747311897,5.33326389857922,25.333472202841538,34.99994792393432,0.00003945053762080875,0.02,27.5,500,5000
0.48050000000000037,0.07500159720998642,75.00161334342062,8,20,37,0.0749984027900136,74.9983866565794,5.333276542435499,25.333446915128977,34.999957406826525,0.000032266868412165196,0.02,27.5,500,5000
0.4905000000000004,0.07500130636912868,75.00131956477644,8,20,37,0.07499869363087135,74.99868043522358,5.333286883844133,25.333426232311716,34.999965162882994,0.000026391295528611635,0.02,27.5,500,5000
0.5005000000000003,0.0750010684883734,75.00107928118526,8,20,37,0.07499893151162662,74.99892071881477,5.333295342094368,25.33340931581125,34.999971506570695,0.000021585623704822866,0.02,27.5,500,5000
0.5104999999999992,0.07500087392405334,75.00088275156904,8,20,37,0.07499912607594668,74.99911724843099,5.333302260116024,25.33339547976793,34.999976695086936,0.000017655031380456877,0.02,27.5,500,5000
0.5204999999999981,0.07500071478854616,75.00072200863248,8,20,37,0.07499928521145387,74.99927799136755,5.3333079183872485,25.333384163225485,34.999980938790365,0.00001444017264930153,0.02,27.5,500,5000
0.530499999999997,0.0750005846305108,75.00059053586949,8,20,37,0.07499941536948922,74.99940946413052,5.333312546308686,25.33337490738261,34.99998440973145,0.000011810717389693081,0.02,27.5,500,5000
0.5404999999999959,0.07500047817335073,75.00048300338457,8,20,37,0.07499952182664929,74.99951699661544,5.333316331505794,25.3333673369884,34.99998724862928,0.000009660067691328323,0.02,27.5,500,5000
0.5504999999999948,0.07500039110130094,75.00039505181913,8,20,37,0.07499960889869908,74.99960494818089,5.333319427436781,25.333361145126425,34.99998957057752,0.000007901036382378378,0.02,27.5,500,5000
0.5604999999999937,0.07500031988446736,75.00032311562359,8,20,37,0.07499968011553267,74.99967688437644,5.33332195961487,25.333356080770248,34.99999146971109,0.000006462312471455789,0.02,27.5,500,5000
0.5704999999999926,0.07500026163572507,75.00026427851017,8,20,37,0.07499973836427495,74.99973572148986,5.333324030697319,25.333351938605347,34.999993023022924,0.000005285570203170664,0.02,27.5,500,5000
0.5804999999999915,0.07500021399367465,75.00021615522692,8,20,37,0.07499978600632537,74.9997838447731,5.333325724647632,25.333348550704724,34.999994293485656,0.000004323104538173084,0.02,27.5,500,5000
0.5904999999999904,0.07500017502691111,75.00017679485971,8,20,37,0.07499982497308891,74.99982320514032,5.333327110139744,25.333345779720492,34.99999533260474,0.0000035358971939558616,0.02,27.5,500,5000
0.6004999999999893,0.07500014315572488,75.0001446017423,8,20,37,0.07499985684427514,74.99985539825772,5.333328243342286,25.333343513315416,34.999996182506635,0.0000028920348458427725,0.02,27.5,500,5000
0.6104999999999882,0.07500011708806054,75.00011827076821,8,20,37,0.07499988291193949,74.9998817292318,5.33332917019579,25.33334165960841,34.99999687764677,0.0000023654153640961794,0.02,27.5,500,5000
0.6204999999999871,0.07500009576713702,75.00009673448184,8,20,37,0.074999904232863,74.99990326551818,5.333329928275221,25.333340143449547,34.99999744620635,0.0000019346896365846077,0.02,27.5,500,5000
0.630499999999986,0.07500007832860577,75.0000791198038,8,20,37,0.07499992167139426,74.99992088019621,5.333330548313329,25.333338903373342,34.999997911234935,0.0000015823960758609702,0.02,27.5,500,5000
0.6404999999999849,0.07500006406551006,75.00006471263643,8,20,37,0.07499993593448996,74.9999352873636,5.333331055446584,25.33333788910684,34.99999829158487,0.0000012942527283144045,0.02,27.5,500,5000
0.6504999999999838,0.07500005239962514,75.00005292891427,8,20,37,0.07499994760037489,74.99994707108574,5.333331470234248,25.33333705953152,34.99999860267563,0.0000010585782852956526,0.02,27.5,500,5000
0.6604999999999827,0.07500004285801695,75.00004329092621,8,20,37,0.07499995714198307,74.9999567090738,5.333331809491861,25.33333638101629,34.99999885711885,8.658185241472438e-7,0.02,27.5,500,5000
0.6704999999999816,0.07500003505386942,75.0000354079489,8,20,37,0.0749999649461306,74.99996459205111,5.333332086972952,25.333335826054117,34.99999906522966,7.081589778579201e-7,0.02,27.5,500,5000
0.6804999999999805,0.07500002867080299,75.00002896040706,8,20,37,0.07499997132919703,74.99997103959295,5.3333323139266176,25.33333537214679,34.99999923544492,5.792081411470917e-7,0.02,27.5,500,5000
0.6904999999999794,0.07500002345004869,75.00002368691787,8,20,37,0.07499997654995133,74.99997631308216,5.333332499553568,25.333335000892895,34.99999937466512,4.73738357129605e-7,0.02,27.5,500,5000
0.7004999999999783,0.07500001917995754,75.00001937369449,8,20,37,0.07499998082004249,74.99998062630554,5.333332651379119,25.333334697241796,34.999999488534286,3.874738894182883e-7,0.02,27.5,500,5000
0.7104999999999771,0.07500001568742033,75.00001584587912,8,20,37,0.07499998431257969,74.99998415412091,5.333332775558278,25.33333444888348,34.99999958166867,3.1691758209717593e-7,0.02,27.5,500,5000
0.720499999999976,0.07500001283084991,75.00001296045446,8,20,37,0.07499998716915011,74.99998703954556,5.333332877125262,25.333334245749505,34.99999965784392,2.592090889663723e-7,0.02,27.5,500,5000
0.730499999999975,0.07500001049444116,75.00001060044562,8,20,37,0.07499998950555886,74.99998939955441,5.333332960197599,25.333334079604835,34.999999720148175,2.120089121149249e-7,0.02,27.5,500,5000
0.7404999999999738,0.07500000858347623,75.00000867017802,8,20,37,0.07499999141652379,74.99999132982201,5.333333028143038,25.33333394371396,34.99999977110727,1.7340356009754032e-7,0.02,27.5,500,5000
0.7504999999999727,0.07500000702048477,75.00000709139876,8,20,37,0.07499999297951525,74.99999290860127,5.333333083716079,25.333333832567885,34.99999981278705,1.4182797485773336e-7,0.02,27.5,500,5000
0.7604999999999716,0.0750000057421032,75.00000580010426,8,20,37,0.07499999425789682,74.99999419989577,5.333333129169653,25.333333741660738,34.999999846877245,1.1600208495110564e-7,0.02,27.5,500,5000
0.7704999999999705,0.07500000469650603,75.00000474394548,8,20,37,0.074999995303494,74.99999525605453,5.333333166346447,25.33333366730715,34.999999874759844,9.487890949344546e-8,0.02,27.5,500,5000
0.7804999999999694,0.07500000384130488,75.00000388010594,8,20,37,0.07499999615869514,74.99999611989408,5.333333196753602,25.333333606492836,34.9999998975652,7.760211857998911e-8,0.02,27.5,500,5000
0.7904999999999683,0.07500000314182989,75.00000317356555,8,20,37,0.07499999685817013,74.99999682643447,5.3333332216238265,25.333333556752393,34.999999916217874,6.347131076722689e-8,0.02,27.5,500,5000
0.8004999999999672,0.07500000256972449,75.0000025956813,8,20,37,0.07499999743027554,74.99999740431873,5.333333241965351,25.33333351606933,34.99999993147402,5.19136256116326e-8,0.02,27.5,500,5000
0.8104999999999661,0.07500000210179548,75.00000212302574,8,20,37,0.07499999789820454,74.99999787697428,5.333333258602828,25.33333348279439,34.99999994395213,4.246051460654598e-8,0.02,27.5,500,5000
0.820499999999965,0.07500000171907309,75.00000173643747,8,20,37,0.07499999828092693,74.99999826356256,5.333333272210737,25.333333455578586,34.99999995415806,3.47287490853887e-8,0.02,27.5,500,5000
0.8304999999999639,0.0750000014060418,75.00000142024425,8,20,37,0.07499999859395823,74.99999857975578,5.33333328334074,25.333333433318575,34.999999962505576,2.8404884631072492e-8,0.02,27.5,500,5000
0.8404999999999628,0.07500000115001133,75.00000116162761,8,20,37,0.07499999884998869,74.9999988383724,5.333333292444045,25.33333341511197,34.999999969333054,2.3232552024410325e-8,0.02,27.5,500,5000
0.8504999999999617,0.07500000094060225,75.00000095010328,8,20,37,0.07499999905939778,74.99999904989674,5.333333299889702,25.333333400220653,34.999999974917294,1.9002065414497338e-8,0.02,27.5,500,5000
0.8604999999999606,0.0750000007693251,75.00000077709606,8,20,37,0.07499999923067492,74.99999922290395,5.333333305979555,25.333333388040938,34.999999979484684,1.5541921101203115e-8,0.02,27.5,500,5000
0.8704999999999595,0.07500000062923634,75.00000063559226,8,20,37,0.07499999937076368,74.99999936440777,5.333333310960487,25.33333337807907,34.99999998322038,1.2711844874502277e-8,0.02,27.5,500,5000
0.8804999999999584,0.07500000051465677,75.00000051985532,8,20,37,0.07499999948534325,74.9999994801447,5.333333315034427,25.333333369931193,34.999999986275824,1.039710625150292e-8,0.02,27.5,500,5000
0.8904999999999573,0.07500000042094135,75.00000042519328,8,20,37,0.07499999957905867,74.99999957480674,5.33333331836653,25.333333363266977,34.99999998877492,8.503865416287226e-9,0.02,27.5,500,5000
0.9004999999999562,0.07500000034429087,75.00000034776856,8,20,37,0.07499999965570915,74.99999965223147,5.333333321091881,25.333333357816276,34.99999999081893,6.955370963623863e-9,0.02,27.5,500,5000
0.9104999999999551,0.0750000002815979,75.00000028444231,8,20,37,0.07499999971840213,74.9999997155577,5.333333323320965,25.33333335335811,34.999999992490736,5.688846016482785e-9,0.02,27.5,500,5000
0.920499999999954,0.07500000023032084,75.00000023264731,8,20,37,0.07499999976967918,74.9999997673527,5.333333325144145,25.33333334971174,34.99999999385811,4.652946046235229e-9,0.02,27.5,500,5000
0.9304999999999529,0.075000000188381,75.00000019028384,8,20,37,0.07499999981161902,74.99999980971619,5.333333326635337,25.33333334672935,34.999999994976484,3.805676556112303e-9,0.02,27.5,500,5000
0.9404999999999518,0.07500000015407816,75.0000001556345,8,20,37,0.07499999984592186,74.99999984436552,5.333333327854998,25.333333344290043,34.99999999589124,3.1126897681588162e-9,0.02,27.5,500,5000
0.9504999999999507,0.07500000012602158,75.00000012729451,8,20,37,0.07499999987397844,74.9999998727055,5.333333328852565,25.333333342294914,34.99999999663942,2.5458901120600785e-9,0.02,27.5,500,5000
0.9604999999999496,0.07500000010307392,75.00000010411507,8,20,37,0.0749999998969261,74.99999989588494,5.3333333296684815,25.333333340663074,34.99999999725135,2.0823013358040042e-9,0.02,27.5,500,5000
0.9704999999999485,0.07500000008430485,75.00000008515642,8,20,37,0.07499999991569517,74.9999999148436,5.333333330335825,25.333333339328387,34.999999997751864,1.7031281629442675e-9,0.02,27.5,500,5000
0.9804999999999474,0.07500000006895353,75.00000006965003,8,20,37,0.07499999993104649,74.99999993034999,5.33333333088165,25.333333338236738,34.99999999816122,1.3930004172379995e-9,0.02,27.5,500,5000
0.9904999999999463,0.07500000005639758,75.00000005696725,8,20,37,0.07499999994360244,74.99999994303278,5.333333331328082,25.33333333734387,34.999999998496044,1.1393447607588313e-9,0.02,27.5,500,5000
1.0004999999999453,0.07500000004612797,75.00000004659391,8,20,37,0.07499999995387205,74.99999995340612,5.333333331693224,25.333333336613585,34.999999998769894,9.318779348177486e-10,0.02,27.5,500,5000
1.0104999999999442,0.0750000000377284,75.0000000381095,8,20,37,0.07499999996227162,74.99999996189052,5.333333331991873,25.33333333601628,34.99999999899388,7.621898134857474e-10,0.02,27.5,500,5000
1.0204999999999431,0.07500000003085834,75.00000003117003,8,20,37,0.07499999996914168,74.99999996882998,5.333333332236141,25.333333335527737,34.999999999177106,6.234004956695572e-10,0.02,27.5,500,5000
1.030499999999942,0.07500000002523927,75.0000000254942,8,20,37,0.07499999997476076,74.99999997450583,5.33333333243593,25.33333333512816,34.99999999932694,5.09883761878882e-10,0.02,27.5,500,5000
1.040499999999941,0.07500000002064339,75.0000000208519,8,20,37,0.07499999997935664,74.99999997914811,5.3333333325993415,25.333333334801342,34.9999999994495,4.1703785313984554e-10,0.02,27.5,500,5000
1.0504999999999398,0.07500000001688438,75.00000001705493,8,20,37,0.07499999998311564,74.9999999829451,5.333333332732995,25.33333333453403,34.99999999954975,3.410983140383905e-10,0.02,27.5,500,5000
1.0604999999999387,0.07500000001380987,75.00000001394936,8,20,37,0.07499999998619016,74.99999998605065,5.3333333328423125,25.333333334315395,34.999999999631754,2.789870734432043e-10,0.02,27.5,500,5000
1.0704999999999376,0.07500000001129521,75.0000000114093,8,20,37,0.07499999998870481,74.99999998859072,5.333333332931723,25.333333334136572,34.99999999969881,2.2818582579020585e-10,0.02,27.5,500,5000
1.0804999999999365,0.07500000000923845,75.00000000933177,8,20,37,0.07499999999076157,74.99999999066826,5.333333333004853,25.33333333399031,34.99999999975365,1.8663513401406818e-10,0.02,27.5,500,5000
1.0904999999999354,0.07500000000755622,75.00000000763255,8,20,37,0.0749999999924438,74.99999999236748,5.333333333064664,25.333333333870687,34.99999999979849,1.526507276139455e-10,0.02,27.5,500,5000
1.1004999999999343,0.0750000000061803,75.00000000624273,8,20,37,0.07499999999381972,74.9999999937573,5.333333333113587,25.33333333377284,34.999999999835175,1.2485429579101037e-10,0.02,27.5,500,5000
1.1104999999999332,0.07500000000505493,75.00000000510599,8,20,37,0.0749999999949451,74.99999999489404,5.333333333153602,25.33333333369281,34.9999999998652,1.0211948620053591e-10,0.02,27.5,500,5000
1.120499999999932,0.0750000000041345,75.00000000417626,8,20,37,0.07499999999586553,74.99999999582377,5.33333333318633,25.333333333627348,34.99999999988975,8.352486702278838e-11,0.02,27.5,500,5000
1.130499999999931,0.07500000000338165,75.0000000034158,8,20,37,0.07499999999661837,74.99999999658422,5.333333333213097,25.333333333573805,34.99999999990983,6.83158418723906e-11,0.02,27.5,500,5000
1.14049999999993,0.0750000000027659,75.00000000279383,8,20,37,0.07499999999723413,74.99999999720619,5.333333333234991,25.333333333530017,34.999999999926246,5.5876370197438516e-11,0.02,27.5,500,5000
1.1504999999999288,0.07500000000226226,75.00000000228512,8,20,37,0.07499999999773777,74.99999999771491,5.333333333252897,25.3333333334942,34.999999999939696,4.5702108764089644e-11,0.02,27.5,500,5000
1.1604999999999277,0.07500000000185032,75.00000000186901,8,20,37,0.0749999999981497,74.999999998131,5.333333333267546,25.333333333464907,34.99999999995069,3.7380090134320197e-11,0.02,27.5,500,5000
1.1704999999999266,0.07500000000151337,75.00000000152866,8,20,37,0.07499999999848665,74.99999999847135,5.3333333332795245,25.333333333440947,34.99999999995967,3.057309072573844e-11,0.02,27.5,500,5000
1.1804999999999255,0.0750000000012378,75.0000000012503,8,20,37,0.07499999999876222,74.99999999874971,5.333333333289324,25.33333333342135,34.99999999996701,2.5005846282510903e-11,0.02,27.5,500,5000
1.1904999999999244,0.0750000000010124,75.00000000102263,8,20,37,0.07499999999898763,74.9999999989774,5.33333333329734,25.33333333340532,34.99999999997302,2.0452262106118724e-11,0.02,27.5,500,5000
1.2004999999999233,0.07500000000082804,75.00000000083641,8,20,37,0.07499999999917198,74.9999999991636,5.333333333303894,25.333333333392204,34.99999999997793,1.6728023410905736e-11,0.02,27.5,500,5000
1.2104999999999222,0.07500000000067725,75.00000000068408,8,20,37,0.07499999999932278,74.99999999931593,5.333333333309255,25.333333333381486,34.99999999998195,1.3681500377060729e-11,0.02,27.5,500,5000
1.220499999999921,0.07500000000055393,75.00000000055952,8,20,37,0.0749999999994461,74.9999999994405,5.33333333331364,25.333333333372714,34.999999999985235,1.1190195436938667e-11,0.02,27.5,500,5000
1.23049999999992,0.07500000000045308,75.00000000045766,8,20,37,0.07499999999954694,74.99999999954237,5.33333333331723,25.333333333365548,34.99999999998793,9.152927304967307e-12,0.02,27.5,500,5000
1.240499999999919,0.0750000000003706,75.00000000037436,8,20,37,0.07499999999962942,74.99999999962567,5.333333333320163,25.33333333335968,34.99999999999012,7.486846698157024e-12,0.02,27.5,500,5000
1.2504999999999178,0.07500000000030312,75.00000000030619,8,20,37,0.0749999999996969,74.99999999969384,5.333333333322563,25.333333333354883,34.99999999999192,6.123457296780543e-12,0.02,27.5,500,5000
1.2604999999999167,0.07500000000024788,75.00000000025038,8,20,37,0.07499999999975214,74.99999999974965,5.333333333324524,25.333333333350957,34.999999999993385,5.007336767448578e-12,0.02,27.5,500,5000
1.2704999999999156,0.07500000000020272,75.00000000020478,8,20,37,0.0749999999997973,74.99999999979525,5.333333333326127,25.333333333347746,34.999999999994586,4.0952841118269135e-12,0.02,27.5,500,5000
1.2804999999999145,0.07500000000016581,75.00000000016749,8,20,37,0.07499999999983421,74.99999999983254,5.333333333327439,25.333333333345117,34.999999999995566,3.349498456373112e-12,0.02,27.5,500,5000
1.2904999999999134,0.07500000000013561,75.00000000013698,8,20,37,0.07499999999986441,74.99999999986304,5.333333333328512,25.333333333342967,34.99999999999637,2.7394264634494904e-12,0.02,27.5,500,5000
1.3004999999999123,0.07500000000011091,75.00000000011204,8,20,37,0.07499999999988911,74.99999999988799,5.333333333329391,25.33333333334121,34.99999999999703,2.240483354398748e-12,0.02,27.5,500,5000
1.3104999999999112,0.07500000000009072,75.00000000009163,8,20,37,0.0749999999999093,74.9999999999084,5.33333333333011,25.333333333339773,34.999999999997584,1.8323476069781463e-12,0.02,27.5,500,5000
1.32049999999991,0.07500000000007419,75.00000000007493,8,20,37,0.07499999999992583,74.99999999992508,5.333333333330699,25.3333333333386,34.99999999999801,1.4985346297180513e-12,0.02,27.5,500,5000
1.330499999999909,0.0750000000000607,75.0000000000613,8,20,37,0.07499999999993932,74.99999999993871,5.33333333333118,25.333333333337638,34.99999999999837,1.2259704362804768e-12,0.02,27.5,500,5000
1.3404999999999079,0.07500000000004965,75.00000000005015,8,20,37,0.07499999999995037,74.99999999994986,5.333333333331573,25.333333333336853,34.99999999999866,1.0028600172518053e-12,0.02,27.5,500,5000
1.3504999999999068,0.07500000000004062,75.00000000004104,8,20,37,0.0749999999999594,74.99999999995899,5.333333333331894,25.33333333333621,34.99999999999894,8.205347512557637e-13,0.02,27.5,500,5000
1.3604999999999057,0.07500000000003323,75.00000000003357,8,20,37,0.07499999999996679,74.99999999996645,5.333333333332157,25.33333333333568,34.9999999999991,6.711786681989906e-13,0.02,27.5,500,5000
1.3704999999999046,0.07500000000002718,75.00000000002746,8,20,37,0.07499999999997284,74.99999999997256,5.333333333332372,25.333333333335247,34.99999999999924,5.489653176482534e-13,0.02,27.5,500,5000
1.3804999999999035,0.07500000000002223,75.00000000002245,8,20,37,0.07499999999997779,74.99999999997758,5.333333333332548,25.333333333334895,34.99999999999938,4.4877879190607925e-13,0.02,27.5,500,5000
1.3904999999999024,0.07500000000001819,75.00000000001837,8,20,37,0.07499999999998183,74.99999999998165,5.333333333332692,25.33333333333461,34.999999999999524,3.6720848584081977e-13,0.02,27.5,500,5000
1.4004999999999013,0.07500000000001489,75.00000000001504,8,20,37,0.07499999999998513,74.99999999998498,5.333333333332809,25.333333333334384,34.999999999999666,3.0055957722652236e-13,0.02,27.5,500,5000
1.4104999999999002,0.07500000000001218,75.0000000000123,8,20,37,0.07499999999998784,74.99999999998772,5.333333333332905,25.333333333334178,34.999999999999744,2.4584778657299467e-13,0.02,27.5,500,5000
1.420499999999899,0.07500000000000998,75.00000000001008,8,20,37,0.07499999999999005,74.99999999998995,5.333333333332983,25.333333333334036,34.999999999999744,2.0122570276726037e-13,0.02,27.5,500,5000
1.430499999999898,0.07500000000000817,75.00000000000826,8,20,37,0.07499999999999185,74.99999999999177,5.333333333333048,25.333333333333893,34.999999999999744,1.6484591469634324e-13,0.02,27.5,500,5000
1.4404999999998969,0.07500000000000669,75.00000000000675,8,20,37,0.07499999999999334,74.99999999999326,5.333333333333101,25.33333333333379,34.999999999999744,1.3486101124726702e-13,0.02,27.5,500,5000
1.4504999999998958,0.07500000000000548,75.00000000000553,8,20,37,0.07499999999999454,74.99999999999449,5.333333333333143,25.33333333333372,34.999999999999744,1.1041834113711956e-13,0.02,27.5,500,5000
1.4604999999998947,0.07500000000000448,75.00000000000452,8,20,37,0.07499999999999554,74.9999999999955,5.3333333333331785,25.33333333333365,34.999999999999744,9.023892744153272e-14,0.02,27.5,500,5000
1.4704999999998936,0.07500000000000365,75.0000000000037,8,20,37,0.07499999999999638,74.99999999999633,5.333333333333212,25.333333333333577,34.999999999999744,7.361222742474638e-14,0.02,27.5,500,5000
1.4804999999998925,0.07500000000000304,75.00000000000307,8,20,37,0.07499999999999699,74.99999999999696,5.33333333333323,25.333333333333506,34.999999999999744,6.110667527536861e-14,0.02,27.5,500,5000
1.4904999999998914,0.07500000000000248,75.00000000000252,8,20,37,0.07499999999999754,74.99999999999751,5.333333333333248,25.333333333333435,34.999999999999744,5.0022208597511053e-14,0.02,27.5,500,5000
1.5004999999998903,0.075000000000002,75.000000000002,8,20,37,0.07499999999999803,74.99999999999801,5.3333333333332655,25.333333333333435,34.999999999999744,3.993250174971763e-14,0.02,27.5,500,5000
1.5104999999998892,0.07500000000000172,75.00000000000173,8,20,37,0.0749999999999983,74.9999999999983,5.333333333333283,25.333333333333435,34.999999999999744,3.439026841078885e-14,0.02,27.5,500,5000
1.520499999999888,0.07500000000000144,75.00000000000145,8,20,37,0.07499999999999858,74.99999999999856,5.333333333333301,25.333333333333435,34.999999999999744,2.8848035071860065e-14,0.02,27.5,500,5000
1.530499999999887,0.07500000000000116,75.00000000000118,8,20,37,0.07499999999999886,74.99999999999885,5.3333333333333135,25.333333333333435,34.999999999999744,2.3305801732931285e-14,0.02,27.5,500,5000
1.5404999999998858,0.07500000000000089,75.0000000000009,8,20,37,0.07499999999999914,74.99999999999912,5.3333333333333135,25.333333333333435,34.999999999999744,1.7763568394002505e-14,0.02,27.5,500,5000
1.5504999999998847,0.07500000000000069,75.0000000000007,8,20,37,0.07499999999999933,74.99999999999933,5.3333333333333135,25.333333333333435,34.999999999999744,1.3642420526593923e-14,0.02,27.5,500,5000
1.5604999999998836,0.07500000000000069,75.0000000000007,8,20,37,0.07499999999999933,74.99999999999933,5.3333333333333135,25.333333333333435,34.999999999999744,1.3642420526593923e-14,0.02,27.5,500,5000
1.5704999999998825,0.07500000000000069,75.0000000000007,8,20,37,0.07499999999999933,74.99999999999933,5.3333333333333135,25.333333333333435,34.999999999999744,1.3642420526593923e-14,0.02,27.5,500,5000
1.5804999999998814,0.07500000000000069,75.0000000000007,8,20,37,0.07499999999999933,74.99999999999933,5.3333333333333135,25.333333333333435,34.999999999999744,1.3642420526593923e-14,0.02,27.5,500,5000
1.5904999999998803,0.07500000000000069,75.0000000000007,8,20,37,0.07499999999999933,74.99999999999933,5.3333333333333135,25.333333333333435,34.999999999999744,1.3642420526593923e-14,0.02,27.5,500,5000
1.6004999999998792,0.07500000000000069,75.0000000000007,8,20,37,0.07499999999999933,74.99999999999933,5.3333333333333135,25.333333333333435,34.999999999999744,1.3642420526593923e-14,0.02,27.5,500,5000
1.6104999999998781,0.07500000000000069,75.0000000000007,8,20,37,0.07499999999999933,74.99999999999933,5.3333333333333135,25.333333333333435,34.999999999999744,1.3642420526593923e-14,0.02,27.5,500,5000
1.620499999999877,0.07500000000000069,75.0000000000007,8,20,37,0.07499999999999933,74.99999999999933,5.3333333333333135,25.333333333333435,34.999999999999744,1.3642420526593923e-14,0.02,27.5,500,5000
1.630499999999876,0.07500000000000069,75.0000000000007,8,20,37,0.07499999999999933,74.99999999999933,5.3333333333333135,25.333333333333435,34.999999999999744,1.3642420526593923e-14,0.02,27.5,500,5000
1.6404999999998748,0.07500000000000069,75.0000000000007,8,20,37,0.07499999999999933,74.99999999999933,5.3333333333333135,25.333333333333435,34.999999999999744,1.3642420526593923e-14,0.02,27.5,500,5000
1.6504999999998737,0.07500000000000069,75.0000000000007,8,20,37,0.07499999999999933,74.99999999999933,5.3333333333333135,25.333333333333435,34.999999999999744,1.3642420526593923e-14,0.02,27.5,500,5000
1.6604999999998726,0.07500000000000069,75.0000000000007,8,20,37,0.07499999999999933,74.99999999999933,5.3333333333333135,25.333333333333435,34.999999999999744,1.3642420526593923e-14,0.02,27.5,500,5000
1.6704999999998715,0.07500000000000069,75.0000000000007,8,20,37,0.07499999999999933,74.99999999999933,5.3333333333333135,25.333333333333435,34.999999999999744,1.3642420526593923e-14,0.02,27.5,500,5000
1.6804999999998704,0.07500000000000069,75.0000000000007,8,20,37,0.07499999999999933,74.99999999999933,5.3333333333333135,25.333333333333435,34.999999999999744,1.3642420526593923e-14,0.02,27.5,500,5000
1.6904999999998693,0.07500000000000069,75.0000000000007,8,20,37,0.07499999999999933,74.99999999999933,5.3333333333333135,25.333333333333435,34.999999999999744,1.3642420526593923e-14,0.02,27.5,500,5000
1.7004999999998682,0.07500000000000069,75.0000000000007,8,20,37,0.07499999999999933,74.99999999999933,5.3333333333333135,25.333333333333435,34.999999999999744,1.3642420526593923e-14,0.02,27.5,500,5000
1.7104999999998671,0.07500000000000069,75.0000000000007,8,20,37,0.07499999999999933,74.99999999999933,5.3333333333333135,25.333333333333435,34.999999999999744,1.3642420526593923e-14,0.02,27.5,500,5000
1.720499999999866,0.07500000000000069,75.0000000000007,8,20,37,0.07499999999999933,74.99999999999933,5.3333333333333135,25.333333333333435,34.999999999999744,1.3642420526593923e-14,0.02,27.5,500,5000
1.730499999999865,0.07500000000000069,75.0000000000007,8,20,37,0.07499999999999933,74.99999999999933,5.3333333333333135,25.333333333333435,34.999999999999744,1.3642420526593923e-14,0.02,27.5,500,5000
1.7404999999998638,0.07500000000000069,75.0000000000007,8,20,37,0.07499999999999933,74.99999999999933,5.3333333333333135,25.333333333333435,34.999999999999744,1.3642420526593923e-14,0.02,27.5,500,5000
1.7504999999998627,0.07500000000000069,75.0000000000007,8,20,37,0.07499999999999933,74.99999999999933,5.3333333333333135,25.333333333333435,34.999999999999744,1.3642420526593923e-14,0.02,27.5,500,5000
1.7604999999998616,0.07500000000000069,75.0000000000007,8,20,37,0.07499999999999933,74.99999999999933,5.3333333333333135,25.333333333333435,34.999999999999744,1.3642420526593923e-14,0.02,27.5,500,5000
1.7704999999998605,0.07500000000000069,75.0000000000007,8,20,37,0.07499999999999933,74.99999999999933,5.3333333333333135,25.333333333333435,34.999999999999744,1.3642420526593923e-14,0.02,27.5,500,5000
1.7804999999998594,0.07500000000000069,75.0000000000007,8,20,37,0.07499999999999933,74.99999999999933,5.3333333333333135,25.333333333333435,34.999999999999744,1.3642420526593923e-14,0.02,27.5,500,5000
1.7904999999998583,0.07500000000000069,75.0000000000007,8,20,37,0.07499999999999933,74.99999999999933,5.3333333333333135,25.333333333333435,34.999999999999744,1.3642420526593923e-14,0.02,27.5,500,5000
1.8004999999998572,0.07500000000000069,75.0000000000007,8,20,37,0.07499999999999933,74.99999999999933,5.3333333333333135,25.333333333333435,34.999999999999744,1.3642420526593923e-14,0.02,27.5,500,5000
1.8104999999998561,0.07500000000000069,75.0000000000007,8,20,37,0.07499999999999933,74.99999999999933,5.3333333333333135,25.333333333333435,34.999999999999744,1.3642420526593923e-14,0.02,27.5,500,5000
1.820499999999855,0.07500000000000069,75.0000000000007,8,20,37,0.07499999999999933,74.99999999999933,5.3333333333333135,25.333333333333435,34.999999999999744,1.3642420526593923e-14,0.02,27.5,500,5000
1.830499999999854,0.07500000000000069,75.0000000000007,8,20,37,0.07499999999999933,74.99999999999933,5.3333333333333135,25.333333333333435,34.999999999999744,1.3642420526593923e-14,0.02,27.5,500,5000
1.8404999999998528,0.07500000000000069,75.0000000000007,8,20,37,0.07499999999999933,74.99999999999933,5.3333333333333135,25.333333333333435,34.999999999999744,1.3642420526593923e-14,0.02,27.5,500,5000
1.8504999999998517,0.07500000000000069,75.0000000000007,8,20,37,0.07499999999999933,74.99999999999933,5.3333333333333135,25.333333333333435,34.999999999999744,1.3642420526593923e-14,0.02,27.5,500,5000
1.8604999999998506,0.07500000000000069,75.0000000000007,8,20,37,0.07499999999999933,74.99999999999933,5.3333333333333135,25.333333333333435,34.999999999999744,1.3642420526593923e-14,0.02,27.5,500,5000
1.8704999999998495,0.07500000000000069,75.0000000000007,8,20,37,0.07499999999999933,74.99999999999933,5.3333333333333135,25.333333333333435,34.999999999999744,1.3642420526593923e-14,0.02,27.5,500,5000
1.8804999999998484,0.07500000000000069,75.0000000000007,8,20,37,0.07499999999999933,74.99999999999933,5.3333333333333135,25.333333333333435,34.999999999999744,1.3642420526593923e-14,0.02,27.5,500,5000
1.8904999999998473,0.07500000000000069,75.0000000000007,8,20,37,0.07499999999999933,74.99999999999933,5.3333333333333135,25.333333333333435,34.999999999999744,1.3642420526593923e-14,0.02,27.5,500,5000
1.9004999999998462,0.07500000000000069,75.0000000000007,8,20,37,0.07499999999999933,74.99999999999933,5.3333333333333135,25.333333333333435,34.999999999999744,1.3642420526593923e-14,0.02,27.5,500,5000
1.910499999999845,0.07500000000000069,75.0000000000007,8,20,37,0.07499999999999933,74.99999999999933,5.3333333333333135,25.333333333333435,34.999999999999744,1.3642420526593923e-14,0.02,27.5,500,5000
1.920499999999844,0.07500000000000069,75.0000000000007,8,20,37,0.07499999999999933,74.99999999999933,5.3333333333333135,25.333333333333435,34.999999999999744,1.3642420526593923e-14,0.02,27.5,500,5000
1.930499999999843,0.07500000000000069,75.0000000000007,8,20,37,0.07499999999999933,74.99999999999933,5.3333333333333135,25.333333333333435,34.999999999999744,1.3642420526593923e-14,0.02,27.5,500,5000
1.9404999999998418,0.07500000000000069,75.0000000000007,8,20,37,0.07499999999999933,74.99999999999933,5.3333333333333135,25.333333333333435,34.999999999999744,1.3642420526593923e-14,0.02,27.5,500,5000
1.9504999999998407,0.07500000000000069,75.0000000000007,8,20,37,0.07499999999999933,74.99999999999933,5.3333333333333135,25.333333333333435,34.999999999999744,1.3642420526593923e-14,0.02,27.5,500,5000
1.9604999999998396,0.07500000000000069,75.0000000000007,8,20,37,0.07499999999999933,74.99999999999933,5.3333333333333135,25.333333333333435,34.999999999999744,1.3642420526593923e-14,0.02,27.5,500,5000
1.9704999999998385,0.07500000000000069,75.0000000000007,8,20,37,0.07499999999999933,74.99999999999933,5.3333333333333135,25.333333333333435,34.999999999999744,1.3642420526593923e-14,0.02,27.5,500,5000
1.9804999999998374,0.07500000000000069,75.0000000000007,8,20,37,0.07499999999999933,74.99999999999933,5.3333333333333135,25.333333333333435,34.999999999999744,1.3642420526593923e-14,0.02,27.5,500,5000
1.9904999999998363,0.07500000000000069,75.0000000000007,8,20,37,0.07499999999999933,74.99999999999933,5.3333333333333135,25.333333333333435,34.999999999999744,1.3642420526593923e-14,0.02,27.5,500,5000
2.0004999999998354,0.07500000000000069,75.0000000000007,8,20,37,0.07499999999999933,74.99999999999933,5.3333333333333135,25.333333333333435,34.999999999999744,1.3642420526593923e-14,0.02,27.5,500,5000
2.0104999999998387,0.07500000000000069,75.0000000000007,8,20,37,0.07499999999999933,74.99999999999933,5.3333333333333135,25.333333333333435,34.999999999999744,1.3642420526593923e-14,0.02,27.5,500,5000
2.020499999999842,0.07500000000000069,75.0000000000007,8,20,37,0.07499999999999933,74.99999999999933,5.3333333333333135,25.333333333333435,34.999999999999744,1.3642420526593923e-14,0.02,27.5,500,5000
2.0304999999998454,0.07500000000000069,75.0000000000007,8,20,37,0.07499999999999933,74.99999999999933,5.3333333333333135,25.333333333333435,34.999999999999744,1.3642420526593923e-14,0.02,27.5,500,5000
2.0404999999998488,0.07500000000000069,75.0000000000007,8,20,37,0.07499999999999933,74.99999999999933,5.3333333333333135,25.333333333333435,34.999999999999744,1.3642420526593923e-14,0.02,27.5,500,5000
2.050499999999852,0.07500000000000069,75.0000000000007,8,20,37,0.07499999999999933,74.99999999999933,5.3333333333333135,25.333333333333435,34.999999999999744,1.3642420526593923e-14,0.02,27.5,500,5000
2.0604999999998554,0.07500000000000069,75.0000000000007,8,20,37,0.07499999999999933,74.99999999999933,5.3333333333333135,25.333333333333435,34.999999999999744,1.3642420526593923e-14,0.02,27.5,500,5000
2.070499999999859,0.07500000000000069,75.0000000000007,8,20,37,0.07499999999999933,74.99999999999933,5.3333333333333135,25.333333333333435,34.999999999999744,1.3642420526593923e-14,0.02,27.5,500,5000
2.080499999999862,0.07500000000000069,75.0000000000007,8,20,37,0.07499999999999933,74.99999999999933,5.3333333333333135,25.333333333333435,34.999999999999744,1.3642420526593923e-14,0.02,27.5,500,5000
2.0904999999998655,0.07500000000000069,75.0000000000007,8,20,37,0.07499999999999933,74.99999999999933,5.3333333333333135,25.333333333333435,34.999999999999744,1.3642420526593923e-14,0.02,27.5,500,5000
2.100499999999869,0.07500000000000069,75.0000000000007,8,20,37,0.07499999999999933,74.99999999999933,5.3333333333333135,25.333333333333435,34.999999999999744,1.3642420526593923e-14,0.02,27.5,500,5000
2.110499999999872,0.07500000000000069,75.0000000000007,8,20,37,0.07499999999999933,74.99999999999933,5.3333333333333135,25.333333333333435,34.999999999999744,1.3642420526593923e-14,0.02,27.5,500,5000
2.1204999999998755,0.07500000000000069,75.0000000000007,8,20,37,0.07499999999999933,74.99999999999933,5.3333333333333135,25.333333333333435,34.999999999999744,1.3642420526593923e-14,0.02,27.5,500,5000
2.130499999999879,0.07500000000000069,75.0000000000007,8,20,37,0.07499999999999933,74.99999999999933,5.3333333333333135,25.333333333333435,34.999999999999744,1.3642420526593923e-14,0.02,27.5,500,5000
2.140499999999882,0.07500000000000069,75.0000000000007,8,20,37,0.07499999999999933,74.99999999999933,5.3333333333333135,25.333333333333435,34.999999999999744,1.3642420526593923e-14,0.02,27.5,500,5000
2.1504999999998855,0.07500000000000069,75.0000000000007,8,20,37,0.07499999999999933,74.99999999999933,5.3333333333333135,25.333333333333435,34.999999999999744,1.3642420526593923e-14,0.02,27.5,500,5000
2.160499999999889,0.07500000000000069,75.0000000000007,8,20,37,0.07499999999999933,74.99999999999933,5.3333333333333135,25.333333333333435,34.999999999999744,1.3642420526593923e-14,0.02,27.5,500,5000
2.170499999999892,0.07500000000000069,75.0000000000007,8,20,37,0.07499999999999933,74.99999999999933,5.3333333333333135,25.333333333333435,34.999999999999744,1.3642420526593923e-14,0.02,27.5,500,5000
2.1804999999998955,0.07500000000000069,75.0000000000007,8,20,37,0.07499999999999933,74.99999999999933,5.3333333333333135,25.333333333333435,34.999999999999744,1.3642420526593923e-14,0.02,27.5,500,5000
2.190499999999899,0.07500000000000069,75.0000000000007,8,20,37,0.07499999999999933,74.99999999999933,5.3333333333333135,25.333333333333435,34.999999999999744,1.3642420526593923e-14,0.02,27.5,500,5000
2.200499999999902,0.07500000000000069,75.0000000000007,8,20,37,0.07499999999999933,74.99999999999933,5.3333333333333135,25.333333333333435,34.999999999999744,1.3642420526593923e-14,0.02,27.5,500,5000
2.2104999999999055,0.07500000000000069,75.0000000000007,8,20,37,0.07499999999999933,74.99999999999933,5.3333333333333135,25.333333333333435,34.999999999999744,1.3642420526593923e-14,0.02,27.5,500,5000
2.220499999999909,0.07500000000000069,75.0000000000007,8,20,37,0.07499999999999933,74.99999999999933,5.3333333333333135,25.333333333333435,34.999999999999744,1.3642420526593923e-14,0.02,27.5,500,5000
2.230499999999912,0.07500000000000069,75.0000000000007,8,20,37,0.07499999999999933,74.99999999999933,5.3333333333333135,25.333333333333435,34.999999999999744,1.3642420526593923e-14,0.02,27.5,500,5000
2.2404999999999156,0.07500000000000069,75.0000000000007,8,20,37,0.07499999999999933,74.99999999999933,5.3333333333333135,25.333333333333435,34.999999999999744,1.3642420526593923e-14,0.02,27.5,500,5000
2.250499999999919,0.07500000000000069,75.0000000000007,8,20,37,0.07499999999999933,74.99999999999933,5.3333333333333135,25.333333333333435,34.999999999999744,1.3642420526593923e-14,0.02,27.5,500,5000
2.2604999999999222,0.07500000000000069,75.0000000000007,8,20,37,0.07499999999999933,74.99999999999933,5.3333333333333135,25.333333333333435,34.999999999999744,1.3642420526593923e-14,0.02,27.5,500,5000
2.2704999999999256,0.07500000000000069,75.0000000000007,8,20,37,0.07499999999999933,74.99999999999933,5.3333333333333135,25.333333333333435,34.999999999999744,1.3642420526593923e-14,0.02,27.5,500,5000
2.280499999999929,0.07500000000000069,75.0000000000007,8,20,37,0.07499999999999933,74.99999999999933,5.3333333333333135,25.333333333333435,34.999999999999744,1.3642420526593923e-14,0.02,27.5,500,5000
2.2904999999999323,0.07500000000000069,75.0000000000007,8,20,37,0.07499999999999933,74.99999999999933,5.3333333333333135,25.333333333333435,34.999999999999744,1.3642420526593923e-14,0.02,27.5,500,5000
2.3004999999999356,0.07500000000000069,75.0000000000007,8,20,37,0.07499999999999933,74.99999999999933,5.3333333333333135,25.333333333333435,34.999999999999744,1.3642420526593923e-14,0.02,27.5,500,5000
2.310499999999939,0.07500000000000069,75.0000000000007,8,20,37,0.07499999999999933,74.99999999999933,5.3333333333333135,25.333333333333435,34.999999999999744,1.3642420526593923e-14,0.02,27.5,500,5000
2.3204999999999423,0.07500000000000069,75.0000000000007,8,20,37,0.07499999999999933,74.99999999999933,5.3333333333333135,25.333333333333435,34.999999999999744,1.3642420526593923e-14,0.02,27.5,500,5000
2.3304999999999456,0.07500000000000069,75.0000000000007,8,20,37,0.07499999999999933,74.99999999999933,5.3333333333333135,25.333333333333435,34.999999999999744,1.3642420526593923e-14,0.02,27.5,500,5000
2.340499999999949,0.07500000000000069,75.0000000000007,8,20,37,0.07499999999999933,74.99999999999933,5.3333333333333135,25.333333333333435,34.999999999999744,1.3642420526593923e-14,0.02,27.5,500,5000
2.3504999999999523,0.07500000000000069,75.0000000000007,8,20,37,0.07499999999999933,74.99999999999933,5.3333333333333135,25.333333333333435,34.999999999999744,1.3642420526593923e-14,0.02,27.5,500,5000
2.3604999999999556,0.07500000000000069,75.0000000000007,8,20,37,0.07499999999999933,74.99999999999933,5.3333333333333135,25.333333333333435,34.999999999999744,1.3642420526593923e-14,0.02,27.5,500,5000
2.370499999999959,0.07500000000000069,75.0000000000007,8,20,37,0.07499999999999933,74.99999999999933,5.3333333333333135,25.333333333333435,34.999999999999744,1.3642420526593923e-14,0.02,27.5,500,5000
2.3804999999999623,0.07500000000000069,75.0000000000007,8,20,37,0.07499999999999933,74.99999999999933,5.3333333333333135,25.333333333333435,34.999999999999744,1.3642420526593923e-14,0.02,27.5,500,5000
2.3904999999999657,0.07500000000000069,75.0000000000007,8,20,37,0.07499999999999933,74.99999999999933,5.3333333333333135,25.333333333333435,34.999999999999744,1.3642420526593923e-14,0.02,27.5,500,5000
2.400499999999969,0.07500000000000069,75.0000000000007,8,20,37,0.07499999999999933,74.99999999999933,5.3333333333333135,25.333333333333435,34.999999999999744,1.3642420526593923e-14,0.02,27.5,500,5000
2.4104999999999723,0.07500000000000069,75.0000000000007,8,20,37,0.07499999999999933,74.99999999999933,5.3333333333333135,25.333333333333435,34.999999999999744,1.3642420526593923e-14,0.02,27.5,500,5000
2.4204999999999757,0.07500000000000069,75.0000000000007,8,20,37,0.07499999999999933,74.99999999999933,5.3333333333333135,25.333333333333435,34.999999999999744,1.3642420526593923e-14,0.02,27.5,500,5000
2.430499999999979,0.07500000000000069,75.0000000000007,8,20,37,0.07499999999999933,74.99999999999933,5.3333333333333135,25.333333333333435,34.999999999999744,1.3642420526593923e-14,0.02,27.5,500,5000
2.4404999999999824,0.07500000000000069,75.0000000000007,8,20,37,0.07499999999999933,74.99999999999933,5.3333333333333135,25.333333333333435,34.999999999999744,1.3642420526593923e-14,0.02,27.5,500,5000
2.4504999999999857,0.07500000000000069,75.0000000000007,8,20,37,0.07499999999999933,74.99999999999933,5.3333333333333135,25.333333333333435,34.999999999999744,1.3642420526593923e-14,0.02,27.5,500,5000
2.460499999999989,0.07500000000000069,75.0000000000007,8,20,37,0.07499999999999933,74.99999999999933,5.3333333333333135,25.333333333333435,34.999999999999744,1.3642420526593923e-14,0.02,27.5,500,5000
2.4704999999999924,0.07500000000000069,75.0000000000007,8,20,37,0.07499999999999933,74.99999999999933,5.3333333333333135,25.333333333333435,34.999999999999744,1.3642420526593923e-14,0.02,27.5,500,5000
2.4804999999999957,0.07500000000000069,75.0000000000007,8,20,37,0.07499999999999933,74.99999999999933,5.3333333333333135,25.333333333333435,34.999999999999744,1.3642420526593923e-14,0.02,27.5,500,5000
2.490499999999999,0.07500000000000069,75.0000000000007,8,20,37,0.07499999999999933,74.99999999999933,5.3333333333333135,25.333333333333435,34.999999999999744,1.3642420526593923e-14,0.02,27.5,500,5000
2.5005000000000024,0.07500000000000069,75.0000000000007,8,20,37,0.07499999999999933,74.99999999999933,5.3333333333333135,25.333333333333435,34.999999999999744,1.3642420526593923e-14,0.02,27.5,500,5000
2.5105000000000057,0.07500000000000069,75.0000000000007,8,20,37,0.07499999999999933,74.99999999999933,5.3333333333333135,25.333333333333435,34.999999999999744,1.3642420526593923e-14,0.02,27.5,500,5000
2.520500000000009,0.07500000000000069,75.0000000000007,8,20,37,0.07499999999999933,74.99999999999933,5.3333333333333135,25.333333333333435,34.999999999999744,1.3642420526593923e-14,0.02,27.5,500,5000
2.5305000000000124,0.07500000000000069,75.0000000000007,8,20,37,0.07499999999999933,74.99999999999933,5.3333333333333135,25.333333333333435,34.999999999999744,1.3642420526593923e-14,0.02,27.5,500,5000
2.5405000000000157,0.07500000000000069,75.0000000000007,8,20,37,0.07499999999999933,74.99999999999933,5.3333333333333135,25.333333333333435,34.999999999999744,1.3642420526593923e-14,0.02,27.5,500,5000
2.550500000000019,0.07500000000000069,75.0000000000007,8,20,37,0.07499999999999933,74.99999999999933,5.3333333333333135,25.333333333333435,34.999999999999744,1.3642420526593923e-14,0.02,27.5,500,5000
2.5605000000000224,0.07500000000000069,75.0000000000007,8,20,37,0.07499999999999933,74.99999999999933,5.3333333333333135,25.333333333333435,34.999999999999744,1.3642420526593923e-14,0.02,27.5,500,5000
2.5705000000000258,0.07500000000000069,75.0000000000007,8,20,37,0.07499999999999933,74.99999999999933,5.3333333333333135,25.333333333333435,34.999999999999744,1.3642420526593923e-14,0.02,27.5,500,5000
2.580500000000029,0.07500000000000069,75.0000000000007,8,20,37,0.07499999999999933,74.99999999999933,5.3333333333333135,25.333333333333435,34.999999999999744,1.3642420526593923e-14,0.02,27.5,500,5000
2.5905000000000324,0.07500000000000069,75.0000000000007,8,20,37,0.07499999999999933,74.99999999999933,5.3333333333333135,25.333333333333435,34.999999999999744,1.3642420526593923e-14,0.02,27.5,500,5000
2.600500000000036,0.07500000000000069,75.0000000000007,8,20,37,0.07499999999999933,74.99999999999933,5.3333333333333135,25.333333333333435,34.999999999999744,1.3642420526593923e-14,0.02,27.5,500,5000
2.610500000000039,0.07500000000000069,75.0000000000007,8,20,37,0.07499999999999933,74.99999999999933,5.3333333333333135,25.333333333333435,34.999999999999744,1.3642420526593923e-14,0.02,27.5,500,5000
2.6205000000000425,0.07500000000000069,75.0000000000007,8,20,37,0.07499999999999933,74.99999999999933,5.3333333333333135,25.333333333333435,34.999999999999744,1.3642420526593923e-14,0.02,27.5,500,5000
2.630500000000046,0.07500000000000069,75.0000000000007,8,20,37,0.07499999999999933,74.99999999999933,5.3333333333333135,25.333333333333435,34.999999999999744,1.3642420526593923e-14,0.02,27.5,500,5000
2.640500000000049,0.07500000000000069,75.0000000000007,8,20,37,0.07499999999999933,74.99999999999933,5.3333333333333135,25.333333333333435,34.999999999999744,1.3642420526593923e-14,0.02,27.5,500,5000
2.6505000000000525,0.07500000000000069,75.0000000000007,8,20,37,0.07499999999999933,74.99999999999933,5.3333333333333135,25.333333333333435,34.999999999999744,1.3642420526593923e-14,0.02,27.5,500,5000
2.660500000000056,0.07500000000000069,75.0000000000007,8,20,37,0.07499999999999933,74.99999999999933,5.3333333333333135,25.333333333333435,34.999999999999744,1.3642420526593923e-14,0.02,27.5,500,5000
2.670500000000059,0.07500000000000069,75.0000000000007,8,20,37,0.07499999999999933,74.99999999999933,5.3333333333333135,25.333333333333435,34.999999999999744,1.3642420526593923e-14,0.02,27.5,500,5000
2.6805000000000625,0.07500000000000069,75.0000000000007,8,20,37,0.07499999999999933,74.99999999999933,5.3333333333333135,25.333333333333435,34.999999999999744,1.3642420526593923e-14,0.02,27.5,500,5000
2.690500000000066,0.07500000000000069,75.0000000000007,8,20,37,0.07499999999999933,74.99999999999933,5.3333333333333135,25.333333333333435,34.999999999999744,1.3642420526593923e-14,0.02,27.5,500,5000
2.700500000000069,0.07500000000000069,75.0000000000007,8,20,37,0.07499999999999933,74.99999999999933,5.3333333333333135,25.333333333333435,34.999999999999744,1.3642420526593923e-14,0.02,27.5,500,5000
2.7105000000000725,0.07500000000000069,75.0000000000007,8,20,37,0.07499999999999933,74.99999999999933,5.3333333333333135,25.333333333333435,34.999999999999744,1.3642420526593923e-14,0.02,27.5,500,5000
2.720500000000076,0.07500000000000069,75.0000000000007,8,20,37,0.07499999999999933,74.99999999999933,5.3333333333333135,25.333333333333435,34.999999999999744,1.3642420526593923e-14,0.02,27.5,500,5000
2.730500000000079,0.07500000000000069,75.0000000000007,8,20,37,0.07499999999999933,74.99999999999933,5.3333333333333135,25.333333333333435,34.999999999999744,1.3642420526593923e-14,0.02,27.5,500,5000
2.7405000000000825,0.07500000000000069,75.0000000000007,8,20,37,0.07499999999999933,74.99999999999933,5.3333333333333135,25.333333333333435,34.999999999999744,1.3642420526593923e-14,0.02,27.5,500,5000
2.750500000000086,0.07500000000000069,75.0000000000007,8,20,37,0.07499999999999933,74.99999999999933,5.3333333333333135,25.333333333333435,34.999999999999744,1.3642420526593923e-14,0.02,27.5,500,5000
2.760500000000089,0.07500000000000069,75.0000000000007,8,20,37,0.07499999999999933,74.99999999999933,5.3333333333333135,25.333333333333435,34.999999999999744,1.3642420526593923e-14,0.02,27.5,500,5000
2.7705000000000926,0.07500000000000069,75.0000000000007,8,20,37,0.07499999999999933,74.99999999999933,5.3333333333333135,25.333333333333435,34.999999999999744,1.3642420526593923e-14,0.02,27.5,500,5000
2.780500000000096,0.07500000000000069,75.0000000000007,8,20,37,0.07499999999999933,74.99999999999933,5.3333333333333135,25.333333333333435,34.999999999999744,1.3642420526593923e-14,0.02,27.5,500,5000
2.7905000000000992,0.07500000000000069,75.0000000000007,8,20,37,0.07499999999999933,74.99999999999933,5.3333333333333135,25.333333333333435,34.999999999999744,1.3642420526593923e-14,0.02,27.5,500,5000
2.8005000000001026,0.07500000000000069,75.0000000000007,8,20,37,0.07499999999999933,74.99999999999933,5.3333333333333135,25.333333333333435,34.999999999999744,1.3642420526593923e-14,0.02,27.5,500,5000
2.810500000000106,0.07500000000000069,75.0000000000007,8,20,37,0.07499999999999933,74.99999999999933,5.3333333333333135,25.333333333333435,34.999999999999744,1.3642420526593923e-14,0.02,27.5,500,5000
2.8205000000001093,0.07500000000000069,75.0000000000007,8,20,37,0.07499999999999933,74.99999999999933,5.3333333333333135,25.333333333333435,34.999999999999744,1.3642420526593923e-14,0.02,27.5,500,5000
2.8305000000001126,0.07500000000000069,75.0000000000007,8,20,37,0.07499999999999933,74.99999999999933,5.3333333333333135,25.333333333333435,34.999999999999744,1.3642420526593923e-14,0.02,27.5,500,5000
2.840500000000116,0.07500000000000069,75.0000000000007,8,20,37,0.07499999999999933,74.99999999999933,5.3333333333333135,25.333333333333435,34.999999999999744,1.3642420526593923e-14,0.02,27.5,500,5000
2.8505000000001193,0.07500000000000069,75.0000000000007,8,20,37,0.07499999999999933,74.99999999999933,5.3333333333333135,25.333333333333435,34.999999999999744,1.3642420526593923e-14,0.02,27.5,500,5000
2.8605000000001226,0.07500000000000069,75.0000000000007,8,20,37,0.07499999999999933,74.99999999999933,5.3333333333333135,25.333333333333435,34.999999999999744,1.3642420526593923e-14,0.02,27.5,500,5000
2.870500000000126,0.07500000000000069,75.0000000000007,8,20,37,0.07499999999999933,74.99999999999933,5.3333333333333135,25.333333333333435,34.999999999999744,1.3642420526593923e-14,0.02,27.5,500,5000
2.8805000000001293,0.07500000000000069,75.0000000000007,8,20,37,0.07499999999999933,74.99999999999933,5.3333333333333135,25.333333333333435,34.999999999999744,1.3642420526593923e-14,0.02,27.5,500,5000
2.8905000000001326,0.07500000000000069,75.0000000000007,8,20,37,0.07499999999999933,74.99999999999933,5.3333333333333135,25.333333333333435,34.999999999999744,1.3642420526593923e-14,0.02,27.5,500,5000
2.900500000000136,0.07500000000000069,75.0000000000007,8,20,37,0.07499999999999933,74.99999999999933,5.3333333333333135,25.333333333333435,34.999999999999744,1.3642420526593923e-14,0.02,27.5,500,5000
2.9105000000001393,0.07500000000000069,75.0000000000007,8,20,37,0.07499999999999933,74.99999999999933,5.3333333333333135,25.333333333333435,34.999999999999744,1.3642420526593923e-14,0.02,27.5,500,5000
2.9205000000001426,0.07500000000000069,75.0000000000007,8,20,37,0.07499999999999933,74.99999999999933,5.3333333333333135,25.333333333333435,34.999999999999744,1.3642420526593923e-14,0.02,27.5,500,5000
2.930500000000146,0.07500000000000069,75.0000000000007,8,20,37,0.07499999999999933,74.99999999999933,5.3333333333333135,25.333333333333435,34.999999999999744,1.3642420526593923e-14,0.02,27.5,500,5000
2.9405000000001493,0.07500000000000069,75.0000000000007,8,20,37,0.07499999999999933,74.99999999999933,5.3333333333333135,25.333333333333435,34.999999999999744,1.3642420526593923e-14,0.02,27.5,500,5000
2.9505000000001527,0.07500000000000069,75.0000000000007,8,20,37,0.07499999999999933,74.99999999999933,5.3333333333333135,25.333333333333435,34.999999999999744,1.3642420526593923e-14,0.02,27.5,500,5000
2.960500000000156,0.07500000000000069,75.0000000000007,8,20,37,0.07499999999999933,74.99999999999933,5.3333333333333135,25.333333333333435,34.999999999999744,1.3642420526593923e-14,0.02,27.5,500,5000
2.9705000000001593,0.07500000000000069,75.0000000000007,8,20,37,0.07499999999999933,74.99999999999933,5.3333333333333135,25.333333333333435,34.999999999999744,1.3642420526593923e-14,0.02,27.5,500,5000
2.9805000000001627,0.07500000000000069,75.0000000000007,8,20,37,0.07499999999999933,74.99999999999933,5.3333333333333135,25.333333333333435,34.999999999999744,1.3642420526593923e-14,0.02,27.5,500,5000
2.990500000000166,0.07500000000000069,75.0000000000007,8,20,37,0.07499999999999933,74.99999999999933,5.3333333333333135,25.333333333333435,34.999999999999744,1.3642420526593923e-14,0.02,27.5,500,5000
3.0005000000001694,0.07500000000000069,75.0000000000007,8,20,37,0.07499999999999933,74.99999999999933,5.3333333333333135,25.333333333333435,34.999999999999744,1.3642420526593923e-14,0.02,27.5,500,5000
3.0105000000001727,0.07500000000000069,75.0000000000007,8,20,37,0.07499999999999933,74.99999999999933,5.3333333333333135,25.333333333333435,34.999999999999744,1.3642420526593923e-14,0.02,27.5,500,5000
3.020500000000176,0.07500000000000069,75.0000000000007,8,20,37,0.07499999999999933,74.99999999999933,5.3333333333333135,25.333333333333435,34.999999999999744,1.3642420526593923e-14,0.02,27.5,500,5000
3.0305000000001794,0.07500000000000069,75.0000000000007,8,20,37,0.07499999999999933,74.99999999999933,5.3333333333333135,25.333333333333435,34.999999999999744,1.3642420526593923e-14,0.02,27.5,500,5000
3.0405000000001827,0.07500000000000069,75.0000000000007,8,20,37,0.07499999999999933,74.99999999999933,5.3333333333333135,25.333333333333435,34.999999999999744,1.3642420526593923e-14,0.02,27.5,500,5000
3.050500000000186,0.07500000000000069,75.0000000000007,8,20,37,0.07499999999999933,74.99999999999933,5.3333333333333135,25.333333333333435,34.999999999999744,1.3642420526593923e-14,0.02,27.5,500,5000
3.0605000000001894,0.07500000000000069,75.0000000000007,8,20,37,0.07499999999999933,74.99999999999933,5.3333333333333135,25.333333333333435,34.999999999999744,1.3642420526593923e-14,0.02,27.5,500,5000
3.0705000000001927,0.07500000000000069,75.0000000000007,8,20,37,0.07499999999999933,74.99999999999933,5.3333333333333135,25.333333333333435,34.999999999999744,1.3642420526593923e-14,0.02,27.5,500,5000
3.080500000000196,0.07500000000000069,75.0000000000007,8,20,37,0.07499999999999933,74.99999999999933,5.3333333333333135,25.333333333333435,34.999999999999744,1.3642420526593923e-14,0.02,27.5,500,5000
3.0905000000001994,0.07500000000000069,75.0000000000007,8,20,37,0.07499999999999933,74.99999999999933,5.3333333333333135,25.333333333333435,34.999999999999744,1.3642420526593923e-14,0.02,27.5,500,5000
3.1005000000002028,0.07500000000000069,75.0000000000007,8,20,37,0.07499999999999933,74.99999999999933,5.3333333333333135,25.333333333333435,34.999999999999744,1.3642420526593923e-14,0.02,27.5,500,5000
3.110500000000206,0.07500000000000069,75.0000000000007,8,20,37,0.07499999999999933,74.99999999999933,5.3333333333333135,25.333333333333435,34.999999999999744,1.3642420526593923e-14,0.02,27.5,500,5000
3.1205000000002094,0.07500000000000069,75.0000000000007,8,20,37,0.07499999999999933,74.99999999999933,5.3333333333333135,25.333333333333435,34.999999999999744,1.3642420526593923e-14,0.02,27.5,500,5000
3.130500000000213,0.07500000000000069,75.0000000000007,8,20,37,0.07499999999999933,74.99999999999933,5.3333333333333135,25.333333333333435,34.999999999999744,1.3642420526593923e-14,0.02,27.5,500,5000
3.140500000000216,0.07500000000000069,75.0000000000007,8,20,37,0.07499999999999933,74.99999999999933,5.3333333333333135,25.333333333333435,34.999999999999744,1.3642420526593923e-14,0.02,27.5,500,5000
3.1505000000002195,0.07500000000000069,75.0000000000007,8,20,37,0.07499999999999933,74.99999999999933,5.3333333333333135,25.333333333333435,34.999999999999744,1.3642420526593923e-14,0.02,27.5,500,5000
3.160500000000223,0.07500000000000069,75.0000000000007,8,20,37,0.07499999999999933,74.99999999999933,5.3333333333333135,25.333333333333435,34.999999999999744,1.3642420526593923e-14,0.02,27.5,500,5000
3.170500000000226,0.07500000000000069,75.0000000000007,8,20,37,0.07499999999999933,74.99999999999933,5.3333333333333135,25.333333333333435,34.999999999999744,1.3642420526593923e-14,0.02,27.5,500,5000
3.1805000000002295,0.07500000000000069,75.0000000000007,8,20,37,0.07499999999999933,74.99999999999933,5.3333333333333135,25.333333333333435,34.999999999999744,1.3642420526593923e-14,0.02,27.5,500,5000
3.190500000000233,0.07500000000000069,75.0000000000007,8,20,37,0.07499999999999933,74.99999999999933,5.3333333333333135,25.333333333333435,34.999999999999744,1.3642420526593923e-14,0.02,27.5,500,5000
3.200500000000236,0.07500000000000069,75.0000000000007,8,20,37,0.07499999999999933,74.99999999999933,5.3333333333333135,25.333333333333435,34.999999999999744,1.3642420526593923e-14,0.02,27.5,500,5000
3.2105000000002395,0.07500000000000069,75.0000000000007,8,20,37,0.07499999999999933,74.99999999999933,5.3333333333333135,25.333333333333435,34.999999999999744,1.3642420526593923e-14,0.02,27.5,500,5000
3.220500000000243,0.07500000000000069,75.0000000000007,8,20,37,0.07499999999999933,74.99999999999933,5.3333333333333135,25.333333333333435,34.999999999999744,1.3642420526593923e-14,0.02,27.5,500,5000
3.230500000000246,0.07500000000000069,75.0000000000007,8,20,37,0.07499999999999933,74.99999999999933,5.3333333333333135,25.333333333333435,34.999999999999744,1.3642420526593923e-14,0.02,27.5,500,5000
3.2405000000002495,0.07500000000000069,75.0000000000007,8,20,37,0.07499999999999933,74.99999999999933,5.3333333333333135,25.333333333333435,34.999999999999744,1.3642420526593923e-14,0.02,27.5,500,5000
3.250500000000253,0.07500000000000069,75.0000000000007,8,20,37,0.07499999999999933,74.99999999999933,5.3333333333333135,25.333333333333435,34.999999999999744,1.3642420526593923e-14,0.02,27.5,500,5000
3.260500000000256,0.07500000000000069,75.0000000000007,8,20,37,0.07499999999999933,74.99999999999933,5.3333333333333135,25.333333333333435,34.999999999999744,1.3642420526593923e-14,0.02,27.5,500,5000
3.2705000000002595,0.07500000000000069,75.0000000000007,8,20,37,0.07499999999999933,74.99999999999933,5.3333333333333135,25.333333333333435,34.999999999999744,1.3642420526593923e-14,0.02,27.5,500,5000
3.280500000000263,0.07500000000000069,75.0000000000007,8,20,37,0.07499999999999933,74.99999999999933,5.3333333333333135,25.333333333333435,34.999999999999744,1.3642420526593923e-14,0.02,27.5,500,5000
3.290500000000266,0.07500000000000069,75.0000000000007,8,20,37,0.07499999999999933,74.99999999999933,5.3333333333333135,25.333333333333435,34.999999999999744,1.3642420526593923e-14,0.02,27.5,500,5000
3.3005000000002696,0.07500000000000069,75.0000000000007,8,20,37,0.07499999999999933,74.99999999999933,5.3333333333333135,25.333333333333435,34.999999999999744,1.3642420526593923e-14,0.02,27.5,500,5000
3.310500000000273,0.07500000000000069,75.0000000000007,8,20,37,0.07499999999999933,74.99999999999933,5.3333333333333135,25.333333333333435,34.999999999999744,1.3642420526593923e-14,0.02,27.5,500,5000
3.3205000000002762,0.07500000000000069,75.0000000000007,8,20,37,0.07499999999999933,74.99999999999933,5.3333333333333135,25.333333333333435,34.999999999999744,1.3642420526593923e-14,0.02,27.5,500,5000
3.3305000000002796,0.07500000000000069,75.0000000000007,8,20,37,0.07499999999999933,74.99999999999933,5.3333333333333135,25.333333333333435,34.999999999999744,1.3642420526593923e-14,0.02,27.5,500,5000
3.340500000000283,0.07500000000000069,75.0000000000007,8,20,37,0.07499999999999933,74.99999999999933,5.3333333333333135,25.333333333333435,34.999999999999744,1.3642420526593923e-14,0.02,27.5,500,5000
3.3505000000002862,0.07500000000000069,75.0000000000007,8,20,37,0.07499999999999933,74.99999999999933,5.3333333333333135,25.333333333333435,34.999999999999744,1.3642420526593923e-14,0.02,27.5,500,5000
3.3605000000002896,0.07500000000000069,75.0000000000007,8,20,37,0.07499999999999933,74.99999999999933,5.3333333333333135,25.333333333333435,34.999999999999744,1.3642420526593923e-14,0.02,27.5,500,5000
3.370500000000293,0.07500000000000069,75.0000000000007,8,20,37,0.07499999999999933,74.99999999999933,5.3333333333333135,25.333333333333435,34.999999999999744,1.3642420526593923e-14,0.02,27.5,500,5000
3.3805000000002963,0.07500000000000069,75.0000000000007,8,20,37,0.07499999999999933,74.99999999999933,5.3333333333333135,25.333333333333435,34.999999999999744,1.3642420526593923e-14,0.02,27.5,500,5000
3.3905000000002996,0.07500000000000069,75.0000000000007,8,20,37,0.07499999999999933,74.99999999999933,5.3333333333333135,25.333333333333435,34.999999999999744,1.3642420526593923e-14,0.02,27.5,500,5000
3.400500000000303,0.07500000000000069,75.0000000000007,8,20,37,0.07499999999999933,74.99999999999933,5.3333333333333135,25.333333333333435,34.999999999999744,1.3642420526593923e-14,0.02,27.5,500,5000
3.4105000000003063,0.07500000000000069,75.0000000000007,8,20,37,0.07499999999999933,74.99999999999933,5.3333333333333135,25.333333333333435,34.999999999999744,1.3642420526593923e-14,0.02,27.5,500,5000
3.4205000000003096,0.07500000000000069,75.0000000000007,8,20,37,0.07499999999999933,74.99999999999933,5.3333333333333135,25.333333333333435,34.999999999999744,1.3642420526593923e-14,0.02,27.5,500,5000
3.430500000000313,0.07500000000000069,75.0000000000007,8,20,37,0.07499999999999933,74.99999999999933,5.3333333333333135,25.333333333333435,34.999999999999744,1.3642420526593923e-14,0.02,27.5,500,5000
3.4405000000003163,0.07500000000000069,75.0000000000007,8,20,37,0.07499999999999933,74.99999999999933,5.3333333333333135,25.333333333333435,34.999999999999744,1.3642420526593923e-14,0.02,27.5,500,5000
3.4505000000003196,0.07500000000000069,75.0000000000007,8,20,37,0.07499999999999933,74.99999999999933,5.3333333333333135,25.333333333333435,34.999999999999744,1.3642420526593923e-14,0.02,27.5,500,5000
3.460500000000323,0.07500000000000069,75.0000000000007,8,20,37,0.07499999999999933,74.99999999999933,5.3333333333333135,25.333333333333435,34.999999999999744,1.3642420526593923e-14,0.02,27.5,500,5000
3.4705000000003263,0.07500000000000069,75.0000000000007,8,20,37,0.07499999999999933,74.99999999999933,5.3333333333333135,25.333333333333435,34.999999999999744,1.3642420526593923e-14,0.02,27.5,500,5000
3.4805000000003297,0.07500000000000069,75.0000000000007,8,20,37,0.07499999999999933,74.99999999999933,5.3333333333333135,25.333333333333435,34.999999999999744,1.3642420526593923e-14,0.02,27.5,500,5000
3.490500000000333,0.07500000000000069,75.0000000000007,8,20,37,0.07499999999999933,74.99999999999933,5.3333333333333135,25.333333333333435,34.999999999999744,1.3642420526593923e-14,0.02,27.5,500,5000
3.5005000000003363,0.07500000000000069,75.0000000000007,8,20,37,0.07499999999999933,74.99999999999933,5.3333333333333135,25.333333333333435,34.999999999999744,1.3642420526593923e-14,0.02,27.5,500,5000
3.5105000000003397,0.07500000000000069,75.0000000000007,8,20,37,0.07499999999999933,74.99999999999933,5.3333333333333135,25.333333333333435,34.999999999999744,1.3642420526593923e-14,0.02,27.5,500,5000
3.520500000000343,0.07500000000000069,75.0000000000007,8,20,37,0.07499999999999933,74.99999999999933,5.3333333333333135,25.333333333333435,34.999999999999744,1.3642420526593923e-14,0.02,27.5,500,5000
3.5305000000003464,0.07500000000000069,75.0000000000007,8,20,37,0.07499999999999933,74.99999999999933,5.3333333333333135,25.333333333333435,34.999999999999744,1.3642420526593923e-14,0.02,27.5,500,5000
3.5405000000003497,0.07500000000000069,75.0000000000007,8,20,37,0.07499999999999933,74.99999999999933,5.3333333333333135,25.333333333333435,34.999999999999744,1.3642420526593923e-14,0.02,27.5,500,5000
3.550500000000353,0.07500000000000069,75.0000000000007,8,20,37,0.07499999999999933,74.99999999999933,5.3333333333333135,25.333333333333435,34.999999999999744,1.3642420526593923e-14,0.02,27.5,500,5000
3.5605000000003564,0.07500000000000069,75.0000000000007,8,20,37,0.07499999999999933,74.99999999999933,5.3333333333333135,25.333333333333435,34.999999999999744,1.3642420526593923e-14,0.02,27.5,500,5000
3.5705000000003597,0.07500000000000069,75.0000000000007,8,20,37,0.07499999999999933,74.99999999999933,5.3333333333333135,25.333333333333435,34.999999999999744,1.3642420526593923e-14,0.02,27.5,500,5000
3.580500000000363,0.07500000000000069,75.0000000000007,8,20,37,0.07499999999999933,74.99999999999933,5.3333333333333135,25.333333333333435,34.999999999999744,1.3642420526593923e-14,0.02,27.5,500,5000
3.5905000000003664,0.07500000000000069,75.0000000000007,8,20,37,0.07499999999999933,74.99999999999933,5.3333333333333135,25.333333333333435,34.999999999999744,1.3642420526593923e-14,0.02,27.5,500,5000
3.6005000000003697,0.07500000000000069,75.0000000000007,8,20,37,0.07499999999999933,74.99999999999933,5.3333333333333135,25.333333333333435,34.999999999999744,1.3642420526593923e-14,0.02,27.5,500,5000
3.610500000000373,0.07500000000000069,75.0000000000007,8,20,37,0.07499999999999933,74.99999999999933,5.3333333333333135,25.333333333333435,34.999999999999744,1.3642420526593923e-14,0.02,27.5,500,5000
3.6205000000003764,0.07500000000000069,75.0000000000007,8,20,37,0.07499999999999933,74.99999999999933,5.3333333333333135,25.333333333333435,34.999999999999744,1.3642420526593923e-14,0.02,27.5,500,5000
3.6305000000003798,0.07500000000000069,75.0000000000007,8,20,37,0.07499999999999933,74.99999999999933,5.3333333333333135,25.333333333333435,34.999999999999744,1.3642420526593923e-14,0.02,27.5,500,5000
3.640500000000383,0.07500000000000069,75.0000000000007,8,20,37,0.07499999999999933,74.99999999999933,5.3333333333333135,25.333333333333435,34.999999999999744,1.3642420526593923e-14,0.02,27.5,500,5000
3.6505000000003864,0.07500000000000069,75.0000000000007,8,20,37,0.07499999999999933,74.99999999999933,5.3333333333333135,25.333333333333435,34.999999999999744,1.3642420526593923e-14,0.02,27.5,500,5000
3.6605000000003898,0.07500000000000069,75.0000000000007,8,20,37,0.07499999999999933,74.99999999999933,5.3333333333333135,25.333333333333435,34.999999999999744,1.3642420526593923e-14,0.02,27.5,500,5000
3.670500000000393,0.07500000000000069,75.0000000000007,8,20,37,0.07499999999999933,74.99999999999933,5.3333333333333135,25.333333333333435,34.999999999999744,1.3642420526593923e-14,0.02,27.5,500,5000
3.6805000000003965,0.07500000000000069,75.0000000000007,8,20,37,0.07499999999999933,74.99999999999933,5.3333333333333135,25.333333333333435,34.999999999999744,1.3642420526593923e-14,0.02,27.5,500,5000
3.6905000000004,0.07500000000000069,75.0000000000007,8,20,37,0.07499999999999933,74.99999999999933,5.3333333333333135,25.333333333333435,34.999999999999744,1.3642420526593923e-14,0.02,27.5,500,5000
3.700500000000403,0.07500000000000069,75.0000000000007,8,20,37,0.07499999999999933,74.99999999999933,5.3333333333333135,25.333333333333435,34.999999999999744,1.3642420526593923e-14,0.02,27.5,500,5000
3.7105000000004065,0.07500000000000069,75.0000000000007,8,20,37,0.07499999999999933,74.99999999999933,5.3333333333333135,25.333333333333435,34.999999999999744,1.3642420526593923e-14,0.02,27.5,500,5000
3.72050000000041,0.07500000000000069,75.0000000000007,8,20,37,0.07499999999999933,74.99999999999933,5.3333333333333135,25.333333333333435,34.999999999999744,1.3642420526593923e-14,0.02,27.5,500,5000
3.730500000000413,0.07500000000000069,75.0000000000007,8,20,37,0.07499999999999933,74.99999999999933,5.3333333333333135,25.333333333333435,34.999999999999744,1.3642420526593923e-14,0.02,27.5,500,5000
3.7405000000004165,0.07500000000000069,75.0000000000007,8,20,37,0.07499999999999933,74.99999999999933,5.3333333333333135,25.333333333333435,34.999999999999744,1.3642420526593923e-14,0.02,27.5,500,5000
3.75050000000042,0.07500000000000069,75.0000000000007,8,20,37,0.07499999999999933,74.99999999999933,5.3333333333333135,25.333333333333435,34.999999999999744,1.3642420526593923e-14,0.02,27.5,500,5000
3.760500000000423,0.07500000000000069,75.0000000000007,8,20,37,0.07499999999999933,74.99999999999933,5.3333333333333135,25.333333333333435,34.999999999999744,1.3642420526593923e-14,0.02,27.5,500,5000
3.7705000000004265,0.07500000000000069,75.0000000000007,8,20,37,0.07499999999999933,74.99999999999933,5.3333333333333135,25.333333333333435,34.999999999999744,1.3642420526593923e-14,0.02,27.5,500,5000
3.78050000000043,0.07500000000000069,75.0000000000007,8,20,37,0.07499999999999933,74.99999999999933,5.3333333333333135,25.333333333333435,34.999999999999744,1.3642420526593923e-14,0.02,27.5,500,5000
3.790500000000433,0.07500000000000069,75.0000000000007,8,20,37,0.07499999999999933,74.99999999999933,5.3333333333333135,25.333333333333435,34.999999999999744,1.3642420526593923e-14,0.02,27.5,500,5000
3.8005000000004365,0.07500000000000069,75.0000000000007,8,20,37,0.07499999999999933,74.99999999999933,5.3333333333333135,25.333333333333435,34.999999999999744,1.3642420526593923e-14,0.02,27.5,500,5000
3.81050000000044,0.07500000000000069,75.0000000000007,8,20,37,0.07499999999999933,74.99999999999933,5.3333333333333135,25.333333333333435,34.999999999999744,1.3642420526593923e-14,0.02,27.5,500,5000
3.820500000000443,0.07500000000000069,75.0000000000007,8,20,37,0.07499999999999933,74.99999999999933,5.3333333333333135,25.333333333333435,34.999999999999744,1.3642420526593923e-14,0.02,27.5,500,5000
3.8305000000004465,0.07500000000000069,75.0000000000007,8,20,37,0.07499999999999933,74.99999999999933,5.3333333333333135,25.333333333333435,34.999999999999744,1.3642420526593923e-14,0.02,27.5,500,5000
3.84050000000045,0.07500000000000069,75.0000000000007,8,20,37,0.07499999999999933,74.99999999999933,5.3333333333333135,25.333333333333435,34.999999999999744,1.3642420526593923e-14,0.02,27.5,500,5000
3.8505000000004532,0.07500000000000069,75.0000000000007,8,20,37,0.07499999999999933,74.99999999999933,5.3333333333333135,25.333333333333435,34.999999999999744,1.3642420526593923e-14,0.02,27.5,500,5000
3.8605000000004566,0.07500000000000069,75.0000000000007,8,20,37,0.07499999999999933,74.99999999999933,5.3333333333333135,25.333333333333435,34.999999999999744,1.3642420526593923e-14,0.02,27.5,500,5000
3.87050000000046,0.07500000000000069,75.0000000000007,8,20,37,0.07499999999999933,74.99999999999933,5.3333333333333135,25.333333333333435,34.999999999999744,1.3642420526593923e-14,0.02,27.5,500,5000
3.8805000000004632,0.07500000000000069,75.0000000000007,8,20,37,0.07499999999999933,74.99999999999933,5.3333333333333135,25.333333333333435,34.999999999999744,1.3642420526593923e-14,0.02,27.5,500,5000
3.8905000000004666,0.07500000000000069,75.0000000000007,8,20,37,0.07499999999999933,74.99999999999933,5.3333333333333135,25.333333333333435,34.999999999999744,1.3642420526593923e-14,0.02,27.5,500,5000
3.90050000000047,0.07500000000000069,75.0000000000007,8,20,37,0.07499999999999933,74.99999999999933,5.3333333333333135,25.333333333333435,34.999999999999744,1.3642420526593923e-14,0.02,27.5,500,5000
3.9105000000004733,0.07500000000000069,75.0000000000007,8,20,37,0.07499999999999933,74.99999999999933,5.3333333333333135,25.333333333333435,34.999999999999744,1.3642420526593923e-14,0.02,27.5,500,5000
3.9205000000004766,0.07500000000000069,75.0000000000007,8,20,37,0.07499999999999933,74.99999999999933,5.3333333333333135,25.333333333333435,34.999999999999744,1.3642420526593923e-14,0.02,27.5,500,5000
3.93050000000048,0.07500000000000069,75.0000000000007,8,20,37,0.07499999999999933,74.99999999999933,5.3333333333333135,25.333333333333435,34.999999999999744,1.3642420526593923e-14,0.02,27.5,500,5000
3.9405000000004833,0.07500000000000069,75.0000000000007,8,20,37,0.07499999999999933,74.99999999999933,5.3333333333333135,25.333333333333435,34.999999999999744,1.3642420526593923e-14,0.02,27.5,500,5000
3.9505000000004866,0.07500000000000069,75.0000000000007,8,20,37,0.07499999999999933,74.99999999999933,5.3333333333333135,25.333333333333435,34.999999999999744,1.3642420526593923e-14,0.02,27.5,500,5000
3.96050000000049,0.07500000000000069,75.0000000000007,8,20,37,0.07499999999999933,74.99999999999933,5.3333333333333135,25.333333333333435,34.999999999999744,1.3642420526593923e-14,0.02,27.5,500,5000
3.9705000000004933,0.07500000000000069,75.0000000000007,8,20,37,0.07499999999999933,74.99999999999933,5.3333333333333135,25.333333333333435,34.999999999999744,1.3642420526593923e-14,0.02,27.5,500,5000
3.9805000000004966,0.07500000000000069,75.0000000000007,8,20,37,0.07499999999999933,74.99999999999933,5.3333333333333135,25.333333333333435,34.999999999999744,1.3642420526593923e-14,0.02,27.5,500,5000
3.9905000000005,0.07500000000000069,75.0000000000007,8,20,37,0.07499999999999933,74.99999999999933,5.3333333333333135,25.333333333333435,34.999999999999744,1.3642420526593923e-14,0.02,27.5,500,5000
4.000500000000502,0.07500000000000069,75.0000000000007,8,20,37,0.07499999999999933,74.99999999999933,5.3333333333333135,25.333333333333435,34.999999999999744,1.3642420526593923e-14,0.02,27.5,500,5000
4.010500000000497,0.07500000000000069,75.0000000000007,8,20,37,0.07499999999999933,74.99999999999933,5.3333333333333135,25.333333333333435,34.999999999999744,1.3642420526593923e-14,0.02,27.5,500,5000
4.020500000000491,0.07500000000000069,75.0000000000007,8,20,37,0.07499999999999933,74.99999999999933,5.3333333333333135,25.333333333333435,34.999999999999744,1.3642420526593923e-14,0.02,27.5,500,5000
4.030500000000486,0.07500000000000069,75.0000000000007,8,20,37,0.07499999999999933,74.99999999999933,5.3333333333333135,25.333333333333435,34.999999999999744,1.3642420526593923e-14,0.02,27.5,500,5000
4.04050000000048,0.07500000000000069,75.0000000000007,8,20,37,0.07499999999999933,74.99999999999933,5.3333333333333135,25.333333333333435,34.999999999999744,1.3642420526593923e-14,0.02,27.5,500,5000
4.050500000000475,0.07500000000000069,75.0000000000007,8,20,37,0.07499999999999933,74.99999999999933,5.3333333333333135,25.333333333333435,34.999999999999744,1.3642420526593923e-14,0.02,27.5,500,5000
4.060500000000469,0.07500000000000069,75.0000000000007,8,20,37,0.07499999999999933,74.99999999999933,5.3333333333333135,25.333333333333435,34.999999999999744,1.3642420526593923e-14,0.02,27.5,500,5000
4.070500000000464,0.07500000000000069,75.0000000000007,8,20,37,0.07499999999999933,74.99999999999933,5.3333333333333135,25.333333333333435,34.999999999999744,1.3642420526593923e-14,0.02,27.5,500,5000
4.080500000000458,0.07500000000000069,75.0000000000007,8,20,37,0.07499999999999933,74.99999999999933,5.3333333333333135,25.333333333333435,34.999999999999744,1.3642420526593923e-14,0.02,27.5,500,5000
4.0905000000004526,0.07500000000000069,75.0000000000007,8,20,37,0.07499999999999933,74.99999999999933,5.3333333333333135,25.333333333333435,34.999999999999744,1.3642420526593923e-14,0.02,27.5,500,5000
4.100500000000447,0.07500000000000069,75.0000000000007,8,20,37,0.07499999999999933,74.99999999999933,5.3333333333333135,25.333333333333435,34.999999999999744,1.3642420526593923e-14,0.02,27.5,500,5000
4.1105000000004415,0.07500000000000069,75.0000000000007,8,20,37,0.07499999999999933,74.99999999999933,5.3333333333333135,25.333333333333435,34.999999999999744,1.3642420526593923e-14,0.02,27.5,500,5000
4.120500000000436,0.07500000000000069,75.0000000000007,8,20,37,0.07499999999999933,74.99999999999933,5.3333333333333135,25.333333333333435,34.999999999999744,1.3642420526593923e-14,0.02,27.5,500,5000
4.13050000000043,0.07500000000000069,75.0000000000007,8,20,37,0.07499999999999933,74.99999999999933,5.3333333333333135,25.333333333333435,34.999999999999744,1.3642420526593923e-14,0.02,27.5,500,5000
4.140500000000425,0.07500000000000069,75.0000000000007,8,20,37,0.07499999999999933,74.99999999999933,5.3333333333333135,25.333333333333435,34.999999999999744,1.3642420526593923e-14,0.02,27.5,500,5000
4.150500000000419,0.07500000000000069,75.0000000000007,8,20,37,0.07499999999999933,74.99999999999933,5.3333333333333135,25.333333333333435,34.999999999999744,1.3642420526593923e-14,0.02,27.5,500,5000
4.160500000000414,0.07500000000000069,75.0000000000007,8,20,37,0.07499999999999933,74.99999999999933,5.3333333333333135,25.333333333333435,34.999999999999744,1.3642420526593923e-14,0.02,27.5,500,5000
4.170500000000408,0.07500000000000069,75.0000000000007,8,20,37,0.07499999999999933,74.99999999999933,5.3333333333333135,25.333333333333435,34.999999999999744,1.3642420526593923e-14,0.02,27.5,500,5000
4.180500000000403,0.07500000000000069,75.0000000000007,8,20,37,0.07499999999999933,74.99999999999933,5.3333333333333135,25.333333333333435,34.999999999999744,1.3642420526593923e-14,0.02,27.5,500,5000
4.190500000000397,0.07500000000000069,75.0000000000007,8,20,37,0.07499999999999933,74.99999999999933,5.3333333333333135,25.333333333333435,34.999999999999744,1.3642420526593923e-14,0.02,27.5,500,5000
4.200500000000392,0.07500000000000069,75.0000000000007,8,20,37,0.07499999999999933,74.99999999999933,5.3333333333333135,25.333333333333435,34.999999999999744,1.3642420526593923e-14,0.02,27.5,500,5000
4.210500000000386,0.07500000000000069,75.0000000000007,8,20,37,0.07499999999999933,74.99999999999933,5.3333333333333135,25.333333333333435,34.999999999999744,1.3642420526593923e-14,0.02,27.5,500,5000
4.2205000000003805,0.07500000000000069,75.0000000000007,8,20,37,0.07499999999999933,74.99999999999933,5.3333333333333135,25.333333333333435,34.999999999999744,1.3642420526593923e-14,0.02,27.5,500,5000
4.230500000000375,0.07500000000000069,75.0000000000007,8,20,37,0.07499999999999933,74.99999999999933,5.3333333333333135,25.333333333333435,34.999999999999744,1.3642420526593923e-14,0.02,27.5,500,5000
4.240500000000369,0.07500000000000069,75.0000000000007,8,20,37,0.07499999999999933,74.99999999999933,5.3333333333333135,25.333333333333435,34.999999999999744,1.3642420526593923e-14,0.02,27.5,500,5000
4.250500000000364,0.07500000000000069,75.0000000000007,8,20,37,0.07499999999999933,74.99999999999933,5.3333333333333135,25.333333333333435,34.999999999999744,1.3642420526593923e-14,0.02,27.5,500,5000
4.260500000000358,0.07500000000000069,75.0000000000007,8,20,37,0.07499999999999933,74.99999999999933,5.3333333333333135,25.333333333333435,34.999999999999744,1.3642420526593923e-14,0.02,27.5,500,5000
4.270500000000353,0.07500000000000069,75.0000000000007,8,20,37,0.07499999999999933,74.99999999999933,5.3333333333333135,25.333333333333435,34.999999999999744,1.3642420526593923e-14,0.02,27.5,500,5000
4.280500000000347,0.07500000000000069,75.0000000000007,8,20,37,0.07499999999999933,74.99999999999933,5.3333333333333135,25.333333333333435,34.999999999999744,1.3642420526593923e-14,0.02,27.5,500,5000
4.290500000000342,0.07500000000000069,75.0000000000007,8,20,37,0.07499999999999933,74.99999999999933,5.3333333333333135,25.333333333333435,34.999999999999744,1.3642420526593923e-14,0.02,27.5,500,5000
4.300500000000336,0.07500000000000069,75.0000000000007,8,20,37,0.07499999999999933,74.99999999999933,5.3333333333333135,25.333333333333435,34.999999999999744,1.3642420526593923e-14,0.02,27.5,500,5000
4.310500000000331,0.07500000000000069,75.0000000000007,8,20,37,0.07499999999999933,74.99999999999933,5.3333333333333135,25.333333333333435,34.999999999999744,1.3642420526593923e-14,0.02,27.5,500,5000
4.320500000000325,0.07500000000000069,75.0000000000007,8,20,37,0.07499999999999933,74.99999999999933,5.3333333333333135,25.333333333333435,34.999999999999744,1.3642420526593923e-14,0.02,27.5,500,5000
4.3305000000003195,0.07500000000000069,75.0000000000007,8,20,37,0.07499999999999933,74.99999999999933,5.3333333333333135,25.333333333333435,34.999999999999744,1.3642420526593923e-14,0.02,27.5,500,5000
4.340500000000314,0.07500000000000069,75.0000000000007,8,20,37,0.07499999999999933,74.99999999999933,5.3333333333333135,25.333333333333435,34.999999999999744,1.3642420526593923e-14,0.02,27.5,500,5000
4.3505000000003085,0.07500000000000069,75.0000000000007,8,20,37,0.07499999999999933,74.99999999999933,5.3333333333333135,25.333333333333435,34.999999999999744,1.3642420526593923e-14,0.02,27.5,500,5000
4.360500000000303,0.07500000000000069,75.0000000000007,8,20,37,0.07499999999999933,74.99999999999933,5.3333333333333135,25.333333333333435,34.999999999999744,1.3642420526593923e-14,0.02,27.5,500,5000
4.370500000000297,0.07500000000000069,75.0000000000007,8,20,37,0.07499999999999933,74.99999999999933,5.3333333333333135,25.333333333333435,34.999999999999744,1.3642420526593923e-14,0.02,27.5,500,5000
4.380500000000292,0.07500000000000069,75.0000000000007,8,20,37,0.07499999999999933,74.99999999999933,5.3333333333333135,25.333333333333435,34.999999999999744,1.3642420526593923e-14,0.02,27.5,500,5000
4.390500000000286,0.07500000000000069,75.0000000000007,8,20,37,0.07499999999999933,74.99999999999933,5.3333333333333135,25.333333333333435,34.999999999999744,1.3642420526593923e-14,0.02,27.5,500,5000
4.400500000000281,0.07500000000000069,75.0000000000007,8,20,37,0.07499999999999933,74.99999999999933,5.3333333333333135,25.333333333333435,34.999999999999744,1.3642420526593923e-14,0.02,27.5,500,5000
4.410500000000275,0.07500000000000069,75.0000000000007,8,20,37,0.07499999999999933,74.99999999999933,5.3333333333333135,25.333333333333435,34.999999999999744,1.3642420526593923e-14,0.02,27.5,500,5000
4.42050000000027,0.07500000000000069,75.0000000000007,8,20,37,0.07499999999999933,74.99999999999933,5.3333333333333135,25.333333333333435,34.999999999999744,1.3642420526593923e-14,0.02,27.5,500,5000
4.430500000000264,0.07500000000000069,75.0000000000007,8,20,37,0.07499999999999933,74.99999999999933,5.3333333333333135,25.333333333333435,34.999999999999744,1.3642420526593923e-14,0.02,27.5,500,5000
4.440500000000259,0.07500000000000069,75.0000000000007,8,20,37,0.07499999999999933,74.99999999999933,5.3333333333333135,25.333333333333435,34.999999999999744,1.3642420526593923e-14,0.02,27.5,500,5000
4.450500000000253,0.07500000000000069,75.0000000000007,8,20,37,0.07499999999999933,74.99999999999933,5.3333333333333135,25.333333333333435,34.999999999999744,1.3642420526593923e-14,0.02,27.5,500,5000
4.4605000000002475,0.07500000000000069,75.0000000000007,8,20,37,0.07499999999999933,74.99999999999933,5.3333333333333135,25.333333333333435,34.999999999999744,1.3642420526593923e-14,0.02,27.5,500,5000
4.470500000000242,0.07500000000000069,75.0000000000007,8,20,37,0.07499999999999933,74.99999999999933,5.3333333333333135,25.333333333333435,34.999999999999744,1.3642420526593923e-14,0.02,27.5,500,5000
4.480500000000236,0.07500000000000069,75.0000000000007,8,20,37,0.07499999999999933,74.99999999999933,5.3333333333333135,25.333333333333435,34.999999999999744,1.3642420526593923e-14,0.02,27.5,500,5000
4.490500000000231,0.07500000000000069,75.0000000000007,8,20,37,0.07499999999999933,74.99999999999933,5.3333333333333135,25.333333333333435,34.999999999999744,1.3642420526593923e-14,0.02,27.5,500,5000
4.500500000000225,0.07500000000000069,75.0000000000007,8,20,37,0.07499999999999933,74.99999999999933,5.3333333333333135,25.333333333333435,34.999999999999744,1.3642420526593923e-14,0.02,27.5,500,5000
4.51050000000022,0.07500000000000069,75.0000000000007,8,20,37,0.07499999999999933,74.99999999999933,5.3333333333333135,25.333333333333435,34.999999999999744,1.3642420526593923e-14,0.02,27.5,500,5000
4.520500000000214,0.07500000000000069,75.0000000000007,8,20,37,0.07499999999999933,74.99999999999933,5.3333333333333135,25.333333333333435,34.999999999999744,1.3642420526593923e-14,0.02,27.5,500,5000
4.530500000000209,0.07500000000000069,75.0000000000007,8,20,37,0.07499999999999933,74.99999999999933,5.3333333333333135,25.333333333333435,34.999999999999744,1.3642420526593923e-14,0.02,27.5,500,5000
4.540500000000203,0.07500000000000069,75.0000000000007,8,20,37,0.07499999999999933,74.99999999999933,5.3333333333333135,25.333333333333435,34.999999999999744,1.3642420526593923e-14,0.02,27.5,500,5000
4.550500000000198,0.07500000000000069,75.0000000000007,8,20,37,0.07499999999999933,74.99999999999933,5.3333333333333135,25.333333333333435,34.999999999999744,1.3642420526593923e-14,0.02,27.5,500,5000
4.560500000000192,0.07500000000000069,75.0000000000007,8,20,37,0.07499999999999933,74.99999999999933,5.3333333333333135,25.333333333333435,34.999999999999744,1.3642420526593923e-14,0.02,27.5,500,5000
4.5705000000001865,0.07500000000000069,75.0000000000007,8,20,37,0.07499999999999933,74.99999999999933,5.3333333333333135,25.333333333333435,34.999999999999744,1.3642420526593923e-14,0.02,27.5,500,5000
4.580500000000181,0.07500000000000069,75.0000000000007,8,20,37,0.07499999999999933,74.99999999999933,5.3333333333333135,25.333333333333435,34.999999999999744,1.3642420526593923e-14,0.02,27.5,500,5000
4.590500000000175,0.07500000000000069,75.0000000000007,8,20,37,0.07499999999999933,74.99999999999933,5.3333333333333135,25.333333333333435,34.999999999999744,1.3642420526593923e-14,0.02,27.5,500,5000
4.60050000000017,0.07500000000000069,75.0000000000007,8,20,37,0.07499999999999933,74.99999999999933,5.3333333333333135,25.333333333333435,34.999999999999744,1.3642420526593923e-14,0.02,27.5,500,5000
4.610500000000164,0.07500000000000069,75.0000000000007,8,20,37,0.07499999999999933,74.99999999999933,5.3333333333333135,25.333333333333435,34.999999999999744,1.3642420526593923e-14,0.02,27.5,500,5000
4.620500000000159,0.07500000000000069,75.0000000000007,8,20,37,0.07499999999999933,74.99999999999933,5.3333333333333135,25.333333333333435,34.999999999999744,1.3642420526593923e-14,0.02,27.5,500,5000
4.630500000000153,0.07500000000000069,75.0000000000007,8,20,37,0.07499999999999933,74.99999999999933,5.3333333333333135,25.333333333333435,34.999999999999744,1.3642420526593923e-14,0.02,27.5,500,5000
4.640500000000148,0.07500000000000069,75.0000000000007,8,20,37,0.07499999999999933,74.99999999999933,5.3333333333333135,25.333333333333435,34.999999999999744,1.3642420526593923e-14,0.02,27.5,500,5000
4.650500000000142,0.07500000000000069,75.0000000000007,8,20,37,0.07499999999999933,74.99999999999933,5.3333333333333135,25.333333333333435,34.999999999999744,1.3642420526593923e-14,0.02,27.5,500,5000
4.660500000000137,0.07500000000000069,75.0000000000007,8,20,37,0.07499999999999933,74.99999999999933,5.3333333333333135,25.333333333333435,34.999999999999744,1.3642420526593923e-14,0.02,27.5,500,5000
4.670500000000131,0.07500000000000069,75.0000000000007,8,20,37,0.07499999999999933,74.99999999999933,5.3333333333333135,25.333333333333435,34.999999999999744,1.3642420526593923e-14,0.02,27.5,500,5000
4.680500000000126,0.07500000000000069,75.0000000000007,8,20,37,0.07499999999999933,74.99999999999933,5.3333333333333135,25.333333333333435,34.999999999999744,1.3642420526593923e-14,0.02,27.5,500,5000
4.69050000000012,0.07500000000000069,75.0000000000007,8,20,37,0.07499999999999933,74.99999999999933,5.3333333333333135,25.333333333333435,34.999999999999744,1.3642420526593923e-14,0.02,27.5,500,5000
4.7005000000001145,0.07500000000000069,75.0000000000007,8,20,37,0.07499999999999933,74.99999999999933,5.3333333333333135,25.333333333333435,34.999999999999744,1.3642420526593923e-14,0.02,27.5,500,5000
4.710500000000109,0.07500000000000069,75.0000000000007,8,20,37,0.07499999999999933,74.99999999999933,5.3333333333333135,25.333333333333435,34.999999999999744,1.3642420526593923e-14,0.02,27.5,500,5000
4.720500000000103,0.07500000000000069,75.0000000000007,8,20,37,0.07499999999999933,74.99999999999933,5.3333333333333135,25.333333333333435,34.999999999999744,1.3642420526593923e-14,0.02,27.5,500,5000
4.730500000000098,0.07500000000000069,75.0000000000007,8,20,37,0.07499999999999933,74.99999999999933,5.3333333333333135,25.333333333333435,34.999999999999744,1.3642420526593923e-14,0.02,27.5,500,5000
4.740500000000092,0.07500000000000069,75.0000000000007,8,20,37,0.07499999999999933,74.99999999999933,5.3333333333333135,25.333333333333435,34.999999999999744,1.3642420526593923e-14,0.02,27.5,500,5000
4.750500000000087,0.07500000000000069,75.0000000000007,8,20,37,0.07499999999999933,74.99999999999933,5.3333333333333135,25.333333333333435,34.999999999999744,1.3642420526593923e-14,0.02,27.5,500,5000
4.760500000000081,0.07500000000000069,75.0000000000007,8,20,37,0.07499999999999933,74.99999999999933,5.3333333333333135,25.333333333333435,34.999999999999744,1.3642420526593923e-14,0.02,27.5,500,5000
4.770500000000076,0.07500000000000069,75.0000000000007,8,20,37,0.07499999999999933,74.99999999999933,5.3333333333333135,25.333333333333435,34.999999999999744,1.3642420526593923e-14,0.02,27.5,500,5000
4.78050000000007,0.07500000000000069,75.0000000000007,8,20,37,0.07499999999999933,74.99999999999933,5.3333333333333135,25.333333333333435,34.999999999999744,1.3642420526593923e-14,0.02,27.5,500,5000
4.790500000000065,0.07500000000000069,75.0000000000007,8,20,37,0.07499999999999933,74.99999999999933,5.3333333333333135,25.333333333333435,34.999999999999744,1.3642420526593923e-14,0.02,27.5,500,5000
4.800500000000059,0.07500000000000069,75.0000000000007,8,20,37,0.07499999999999933,74.99999999999933,5.3333333333333135,25.333333333333435,34.999999999999744,1.3642420526593923e-14,0.02,27.5,500,5000
4.8105000000000535,0.07500000000000069,75.0000000000007,8,20,37,0.07499999999999933,74.99999999999933,5.3333333333333135,25.333333333333435,34.999999999999744,1.3642420526593923e-14,0.02,27.5,500,5000
4.820500000000048,0.07500000000000069,75.0000000000007,8,20,37,0.07499999999999933,74.99999999999933,5.3333333333333135,25.333333333333435,34.999999999999744,1.3642420526593923e-14,0.02,27.5,500,5000
4.830500000000042,0.07500000000000069,75.0000000000007,8,20,37,0.07499999999999933,74.99999999999933,5.3333333333333135,25.333333333333435,34.999999999999744,1.3642420526593923e-14,0.02,27.5,500,5000
4.840500000000037,0.07500000000000069,75.0000000000007,8,20,37,0.07499999999999933,74.99999999999933,5.3333333333333135,25.333333333333435,34.999999999999744,1.3642420526593923e-14,0.02,27.5,500,5000
4.850500000000031,0.07500000000000069,75.0000000000007,8,20,37,0.07499999999999933,74.99999999999933,5.3333333333333135,25.333333333333435,34.999999999999744,1.3642420526593923e-14,0.02,27.5,500,5000
4.860500000000026,0.07500000000000069,75.0000000000007,8,20,37,0.07499999999999933,74.99999999999933,5.3333333333333135,25.333333333333435,34.999999999999744,1.3642420526593923e-14,0.02,27.5,500,5000
4.87050000000002,0.07500000000000069,75.0000000000007,8,20,37,0.07499999999999933,74.99999999999933,5.3333333333333135,25.333333333333435,34.999999999999744,1.3642420526593923e-14,0.02,27.5,500,5000
4.880500000000015,0.07500000000000069,75.0000000000007,8,20,37,0.07499999999999933,74.99999999999933,5.3333333333333135,25.333333333333435,34.999999999999744,1.3642420526593923e-14,0.02,27.5,500,5000
4.890500000000009,0.07500000000000069,75.0000000000007,8,20,37,0.07499999999999933,74.99999999999933,5.3333333333333135,25.333333333333435,34.999999999999744,1.3642420526593923e-14,0.02,27.5,500,5000
4.900500000000004,0.07500000000000069,75.0000000000007,8,20,37,0.07499999999999933,74.99999999999933,5.3333333333333135,25.333333333333435,34.999999999999744,1.3642420526593923e-14,0.02,27.5,500,5000
4.910499999999998,0.07500000000000069,75.0000000000007,8,20,37,0.07499999999999933,74.99999999999933,5.3333333333333135,25.333333333333435,34.999999999999744,1.3642420526593923e-14,0.02,27.5,500,5000
4.9204999999999925,0.07500000000000069,75.0000000000007,8,20,37,0.07499999999999933,74.99999999999933,5.3333333333333135,25.333333333333435,34.999999999999744,1.3642420526593923e-14,0.02,27.5,500,5000
4.930499999999987,0.07500000000000069,75.0000000000007,8,20,37,0.07499999999999933,74.99999999999933,5.3333333333333135,25.333333333333435,34.999999999999744,1.3642420526593923e-14,0.02,27.5,500,5000
4.9404999999999815,0.07500000000000069,75.0000000000007,8,20,37,0.07499999999999933,74.99999999999933,5.3333333333333135,25.333333333333435,34.999999999999744,1.3642420526593923e-14,0.02,27.5,500,5000
4.950499999999976,0.07500000000000069,75.0000000000007,8,20,37,0.07499999999999933,74.99999999999933,5.3333333333333135,25.333333333333435,34.999999999999744,1.3642420526593923e-14,0.02,27.5,500,5000
4.96049999999997,0.07500000000000069,75.0000000000007,8,20,37,0.07499999999999933,74.99999999999933,5.3333333333333135,25.333333333333435,34.999999999999744,1.3642420526593923e-14,0.02,27.5,500,5000
4.970499999999965,0.07500000000000069,75.0000000000007,8,20,37,0.07499999999999933,74.99999999999933,5.3333333333333135,25.333333333333435,34.999999999999744,1.3642420526593923e-14,0.02,27.5,500,5000
4.980499999999959,0.07500000000000069,75.0000000000007,8,20,37,0.07499999999999933,74.99999999999933,5.3333333333333135,25.333333333333435,34.999999999999744,1.3642420526593923e-14,0.02,27.5,500,5000
4.990499999999954,0.07500000000000069,75.0000000000007,8,20,37,0.07499999999999933,74.99999999999933,5.3333333333333135,25.333333333333435,34.999999999999744,1.3642420526593923e-14,0.02,27.5,500,5000
5.000499999999948,0.07500000000000069,75.0000000000007,8,20,37,0.07499999999999933,74.99999999999933,5.3333333333333135,25.333333333333435,34.999999999999744,1.3642420526593923e-14,0.02,27.5,500,5000
5.010499999999943,0.07500000000000069,75.0000000000007,8,20,37,0.07499999999999933,74.99999999999933,5.3333333333333135,25.333333333333435,34.999999999999744,1.3642420526593923e-14,0.02,27.5,500,5000
5.020499999999937,0.07500000000000069,75.0000000000007,8,20,37,0.07499999999999933,74.99999999999933,5.3333333333333135,25.333333333333435,34.999999999999744,1.3642420526593923e-14,0.02,27.5,500,5000
5.030499999999932,0.07500000000000069,75.0000000000007,8,20,37,0.07499999999999933,74.99999999999933,5.3333333333333135,25.333333333333435,34.999999999999744,1.3642420526593923e-14,0.02,27.5,500,5000
5.040499999999926,0.07500000000000069,75.0000000000007,8,20,37,0.07499999999999933,74.99999999999933,5.3333333333333135,25.333333333333435,34.999999999999744,1.3642420526593923e-14,0.02,27.5,500,5000
5.0504999999999205,0.07500000000000069,75.0000000000007,8,20,37,0.07499999999999933,74.99999999999933,5.3333333333333135,25.333333333333435,34.999999999999744,1.3642420526593923e-14,0.02,27.5,500,5000
5.060499999999915,0.07500000000000069,75.0000000000007,8,20,37,0.07499999999999933,74.99999999999933,5.3333333333333135,25.333333333333435,34.999999999999744,1.3642420526593923e-14,0.02,27.5,500,5000
5.070499999999909,0.07500000000000069,75.0000000000007,8,20,37,0.07499999999999933,74.99999999999933,5.3333333333333135,25.333333333333435,34.999999999999744,1.3642420526593923e-14,0.02,27.5,500,5000
5.080499999999904,0.07500000000000069,75.0000000000007,8,20,37,0.07499999999999933,74.99999999999933,5.3333333333333135,25.333333333333435,34.999999999999744,1.3642420526593923e-14,0.02,27.5,500,5000
5.090499999999898,0.07500000000000069,75.0000000000007,8,20,37,0.07499999999999933,74.99999999999933,5.3333333333333135,25.333333333333435,34.999999999999744,1.3642420526593923e-14,0.02,27.5,500,5000
5.100499999999893,0.07500000000000069,75.0000000000007,8,20,37,0.07499999999999933,74.99999999999933,5.3333333333333135,25.333333333333435,34.999999999999744,1.3642420526593923e-14,0.02,27.5,500,5000
5.110499999999887,0.07500000000000069,75.0000000000007,8,20,37,0.07499999999999933,74.99999999999933,5.3333333333333135,25.333333333333435,34.999999999999744,1.3642420526593923e-14,0.02,27.5,500,5000
5.120499999999882,0.07500000000000069,75.0000000000007,8,20,37,0.07499999999999933,74.99999999999933,5.3333333333333135,25.333333333333435,34.999999999999744,1.3642420526593923e-14,0.02,27.5,500,5000
5.130499999999876,0.07500000000000069,75.0000000000007,8,20,37,0.07499999999999933,74.99999999999933,5.3333333333333135,25.333333333333435,34.999999999999744,1.3642420526593923e-14,0.02,27.5,500,5000
5.140499999999871,0.07500000000000069,75.0000000000007,8,20,37,0.07499999999999933,74.99999999999933,5.3333333333333135,25.333333333333435,34.999999999999744,1.3642420526593923e-14,0.02,27.5,500,5000
5.150499999999865,0.07500000000000069,75.0000000000007,8,20,37,0.07499999999999933,74.99999999999933,5.3333333333333135,25.333333333333435,34.999999999999744,1.3642420526593923e-14,0.02,27.5,500,5000
5.1604999999998595,0.07500000000000069,75.0000000000007,8,20,37,0.07499999999999933,74.99999999999933,5.3333333333333135,25.333333333333435,34.999999999999744,1.3642420526593923e-14,0.02,27.5,500,5000
5.170499999999854,0.07500000000000069,75.0000000000007,8,20,37,0.07499999999999933,74.99999999999933,5.3333333333333135,25.333333333333435,34.999999999999744,1.3642420526593923e-14,0.02,27.5,500,5000
5.1804999999998484,0.07500000000000069,75.0000000000007,8,20,37,0.07499999999999933,74.99999999999933,5.3333333333333135,25.333333333333435,34.999999999999744,1.3642420526593923e-14,0.02,27.5,500,5000
5.190499999999843,0.07500000000000069,75.0000000000007,8,20,37,0.07499999999999933,74.99999999999933,5.3333333333333135,25.333333333333435,34.999999999999744,1.3642420526593923e-14,0.02,27.5,500,5000
5.200499999999837,0.07500000000000069,75.0000000000007,8,20,37,0.07499999999999933,74.99999999999933,5.3333333333333135,25.333333333333435,34.999999999999744,1.3642420526593923e-14,0.02,27.5,500,5000
5.210499999999832,0.07500000000000069,75.0000000000007,8,20,37,0.07499999999999933,74.99999999999933,5.3333333333333135,25.333333333333435,34.999999999999744,1.3642420526593923e-14,0.02,27.5,500,5000
5.220499999999826,0.07500000000000069,75.0000000000007,8,20,37,0.07499999999999933,74.99999999999933,5.3333333333333135,25.333333333333435,34.999999999999744,1.3642420526593923e-14,0.02,27.5,500,5000
5.230499999999821,0.07500000000000069,75.0000000000007,8,20,37,0.07499999999999933,74.99999999999933,5.3333333333333135,25.333333333333435,34.999999999999744,1.3642420526593923e-14,0.02,27.5,500,5000
5.240499999999815,0.07500000000000069,75.0000000000007,8,20,37,0.07499999999999933,74.99999999999933,5.3333333333333135,25.333333333333435,34.999999999999744,1.3642420526593923e-14,0.02,27.5,500,5000
5.25049999999981,0.07500000000000069,75.0000000000007,8,20,37,0.07499999999999933,74.99999999999933,5.3333333333333135,25.333333333333435,34.999999999999744,1.3642420526593923e-14,0.02,27.5,500,5000
5.260499999999804,0.07500000000000069,75.0000000000007,8,20,37,0.07499999999999933,74.99999999999933,5.3333333333333135,25.333333333333435,34.999999999999744,1.3642420526593923e-14,0.02,27.5,500,5000
5.270499999999799,0.07500000000000069,75.0000000000007,8,20,37,0.07499999999999933,74.99999999999933,5.3333333333333135,25.333333333333435,34.999999999999744,1.3642420526593923e-14,0.02,27.5,500,5000
5.280499999999793,0.07500000000000069,75.0000000000007,8,20,37,0.07499999999999933,74.99999999999933,5.3333333333333135,25.333333333333435,34.999999999999744,1.3642420526593923e-14,0.02,27.5,500,5000
5.2904999999997875,0.07500000000000069,75.0000000000007,8,20,37,0.07499999999999933,74.99999999999933,5.3333333333333135,25.333333333333435,34.999999999999744,1.3642420526593923e-14,0.02,27.5,500,5000
5.300499999999782,0.07500000000000069,75.0000000000007,8,20,37,0.07499999999999933,74.99999999999933,5.3333333333333135,25.333333333333435,34.999999999999744,1.3642420526593923e-14,0.02,27.5,500,5000
5.310499999999776,0.07500000000000069,75.0000000000007,8,20,37,0.07499999999999933,74.99999999999933,5.3333333333333135,25.333333333333435,34.999999999999744,1.3642420526593923e-14,0.02,27.5,500,5000
5.320499999999771,0.07500000000000069,75.0000000000007,8,20,37,0.07499999999999933,74.99999999999933,5.3333333333333135,25.333333333333435,34.999999999999744,1.3642420526593923e-14,0.02,27.5,500,5000
5.330499999999765,0.07500000000000069,75.0000000000007,8,20,37,0.07499999999999933,74.99999999999933,5.3333333333333135,25.333333333333435,34.999999999999744,1.3642420526593923e-14,0.02,27.5,500,5000
5.34049999999976,0.07500000000000069,75.0000000000007,8,20,37,0.07499999999999933,74.99999999999933,5.3333333333333135,25.333333333333435,34.999999999999744,1.3642420526593923e-14,0.02,27.5,500,5000
5.350499999999754,0.07500000000000069,75.0000000000007,8,20,37,0.07499999999999933,74.99999999999933,5.3333333333333135,25.333333333333435,34.999999999999744,1.3642420526593923e-14,0.02,27.5,500,5000
5.360499999999749,0.07500000000000069,75.0000000000007,8,20,37,0.07499999999999933,74.99999999999933,5.3333333333333135,25.333333333333435,34.999999999999744,1.3642420526593923e-14,0.02,27.5,500,5000
5.370499999999743,0.07500000000000069,75.0000000000007,8,20,37,0.07499999999999933,74.99999999999933,5.3333333333333135,25.333333333333435,34.999999999999744,1.3642420526593923e-14,0.02,27.5,500,5000
5.380499999999738,0.07500000000000069,75.0000000000007,8,20,37,0.07499999999999933,74.99999999999933,5.3333333333333135,25.333333333333435,34.999999999999744,1.3642420526593923e-14,0.02,27.5,500,5000
5.390499999999732,0.07500000000000069,75.0000000000007,8,20,37,0.07499999999999933,74.99999999999933,5.3333333333333135,25.333333333333435,34.999999999999744,1.3642420526593923e-14,0.02,27.5,500,5000
5.4004999999997265,0.07500000000000069,75.0000000000007,8,20,37,0.07499999999999933,74.99999999999933,5.3333333333333135,25.333333333333435,34.999999999999744,1.3642420526593923e-14,0.02,27.5,500,5000
5.410499999999721,0.07500000000000069,75.0000000000007,8,20,37,0.07499999999999933,74.99999999999933,5.3333333333333135,25.333333333333435,34.999999999999744,1.3642420526593923e-14,0.02,27.5,500,5000
5.420499999999715,0.07500000000000069,75.0000000000007,8,20,37,0.07499999999999933,74.99999999999933,5.3333333333333135,25.333333333333435,34.999999999999744,1.3642420526593923e-14,0.02,27.5,500,5000
5.43049999999971,0.07500000000000069,75.0000000000007,8,20,37,0.07499999999999933,74.99999999999933,5.3333333333333135,25.333333333333435,34.999999999999744,1.3642420526593923e-14,0.02,27.5,500,5000
5.440499999999704,0.07500000000000069,75.0000000000007,8,20,37,0.07499999999999933,74.99999999999933,5.3333333333333135,25.333333333333435,34.999999999999744,1.3642420526593923e-14,0.02,27.5,500,5000
5.450499999999699,0.07500000000000069,75.0000000000007,8,20,37,0.07499999999999933,74.99999999999933,5.3333333333333135,25.333333333333435,34.999999999999744,1.3642420526593923e-14,0.02,27.5,500,5000
5.460499999999693,0.07500000000000069,75.0000000000007,8,20,37,0.07499999999999933,74.99999999999933,5.3333333333333135,25.333333333333435,34.999999999999744,1.3642420526593923e-14,0.02,27.5,500,5000
5.470499999999688,0.07500000000000069,75.0000000000007,8,20,37,0.07499999999999933,74.99999999999933,5.3333333333333135,25.333333333333435,34.999999999999744,1.3642420526593923e-14,0.02,27.5,500,5000
5.480499999999682,0.07500000000000069,75.0000000000007,8,20,37,0.07499999999999933,74.99999999999933,5.3333333333333135,25.333333333333435,34.999999999999744,1.3642420526593923e-14,0.02,27.5,500,5000
5.490499999999677,0.07500000000000069,75.0000000000007,8,20,37,0.07499999999999933,74.99999999999933,5.3333333333333135,25.333333333333435,34.999999999999744,1.3642420526593923e-14,0.02,27.5,500,5000
5.500499999999671,0.07500000000000069,75.0000000000007,8,20,37,0.07499999999999933,74.99999999999933,5.3333333333333135,25.333333333333435,34.999999999999744,1.3642420526593923e-14,0.02,27.5,500,5000
5.5104999999996656,0.07500000000000069,75.0000000000007,8,20,37,0.07499999999999933,74.99999999999933,5.3333333333333135,25.333333333333435,34.999999999999744,1.3642420526593923e-14,0.02,27.5,500,5000
5.52049999999966,0.07500000000000069,75.0000000000007,8,20,37,0.07499999999999933,74.99999999999933,5.3333333333333135,25.333333333333435,34.999999999999744,1.3642420526593923e-14,0.02,27.5,500,5000
5.5304999999996545,0.07500000000000069,75.0000000000007,8,20,37,0.07499999999999933,74.99999999999933,5.3333333333333135,25.333333333333435,34.999999999999744,1.3642420526593923e-14,0.02,27.5,500,5000
5.540499999999649,0.07500000000000069,75.0000000000007,8,20,37,0.07499999999999933,74.99999999999933,5.3333333333333135,25.333333333333435,34.999999999999744,1.3642420526593923e-14,0.02,27.5,500,5000
5.550499999999643,0.07500000000000069,75.0000000000007,8,20,37,0.07499999999999933,74.99999999999933,5.3333333333333135,25.333333333333435,34.999999999999744,1.3642420526593923e-14,0.02,27.5,500,5000
5.560499999999638,0.07500000000000069,75.0000000000007,8,20,37,0.07499999999999933,74.99999999999933,5.3333333333333135,25.333333333333435,34.999999999999744,1.3642420526593923e-14,0.02,27.5,500,5000
5.570499999999632,0.07500000000000069,75.0000000000007,8,20,37,0.07499999999999933,74.99999999999933,5.3333333333333135,25.333333333333435,34.999999999999744,1.3642420526593923e-14,0.02,27.5,500,5000
5.580499999999627,0.07500000000000069,75.0000000000007,8,20,37,0.07499999999999933,74.99999999999933,5.3333333333333135,25.333333333333435,34.999999999999744,1.3642420526593923e-14,0.02,27.5,500,5000
5.590499999999621,0.07500000000000069,75.0000000000007,8,20,37,0.07499999999999933,74.99999999999933,5.3333333333333135,25.333333333333435,34.999999999999744,1.3642420526593923e-14,0.02,27.5,500,5000
5.600499999999616,0.07500000000000069,75.0000000000007,8,20,37,0.07499999999999933,74.99999999999933,5.3333333333333135,25.333333333333435,34.999999999999744,1.3642420526593923e-14,0.02,27.5,500,5000
5.61049999999961,0.07500000000000069,75.0000000000007,8,20,37,0.07499999999999933,74.99999999999933,5.3333333333333135,25.333333333333435,34.999999999999744,1.3642420526593923e-14,0.02,27.5,500,5000
5.620499999999605,0.07500000000000069,75.0000000000007,8,20,37,0.07499999999999933,74.99999999999933,5.3333333333333135,25.333333333333435,34.999999999999744,1.3642420526593923e-14,0.02,27.5,500,5000
5.630499999999599,0.07500000000000069,75.0000000000007,8,20,37,0.07499999999999933,74.99999999999933,5.3333333333333135,25.333333333333435,34.999999999999744,1.3642420526593923e-14,0.02,27.5,500,5000
5.6404999999995935,0.07500000000000069,75.0000000000007,8,20,37,0.07499999999999933,74.99999999999933,5.3333333333333135,25.333333333333435,34.999999999999744,1.3642420526593923e-14,0.02,27.5,500,5000
5.650499999999588,0.07500000000000069,75.0000000000007,8,20,37,0.07499999999999933,74.99999999999933,5.3333333333333135,25.333333333333435,34.999999999999744,1.3642420526593923e-14,0.02,27.5,500,5000
5.660499999999582,0.07500000000000069,75.0000000000007,8,20,37,0.07499999999999933,74.99999999999933,5.3333333333333135,25.333333333333435,34.999999999999744,1.3642420526593923e-14,0.02,27.5,500,5000
5.670499999999577,0.07500000000000069,75.0000000000007,8,20,37,0.07499999999999933,74.99999999999933,5.3333333333333135,25.333333333333435,34.999999999999744,1.3642420526593923e-14,0.02,27.5,500,5000
5.680499999999571,0.07500000000000069,75.0000000000007,8,20,37,0.07499999999999933,74.99999999999933,5.3333333333333135,25.333333333333435,34.999999999999744,1.3642420526593923e-14,0.02,27.5,500,5000
5.690499999999566,0.07500000000000069,75.0000000000007,8,20,37,0.07499999999999933,74.99999999999933,5.3333333333333135,25.333333333333435,34.999999999999744,1.3642420526593923e-14,0.02,27.5,500,5000
5.70049999999956,0.07500000000000069,75.0000000000007,8,20,37,0.07499999999999933,74.99999999999933,5.3333333333333135,25.333333333333435,34.999999999999744,1.3642420526593923e-14,0.02,27.5,500,5000
5.710499999999555,0.07500000000000069,75.0000000000007,8,20,37,0.07499999999999933,74.99999999999933,5.3333333333333135,25.333333333333435,34.999999999999744,1.3642420526593923e-14,0.02,27.5,500,5000
5.720499999999549,0.07500000000000069,75.0000000000007,8,20,37,0.07499999999999933,74.99999999999933,5.3333333333333135,25.333333333333435,34.999999999999744,1.3642420526593923e-14,0.02,27.5,500,5000
5.730499999999544,0.07500000000000069,75.0000000000007,8,20,37,0.07499999999999933,74.99999999999933,5.3333333333333135,25.333333333333435,34.999999999999744,1.3642420526593923e-14,0.02,27.5,500,5000
5.740499999999538,0.07500000000000069,75.0000000000007,8,20,37,0.07499999999999933,74.99999999999933,5.3333333333333135,25.333333333333435,34.999999999999744,1.3642420526593923e-14,0.02,27.5,500,5000
5.7504999999995325,0.07500000000000069,75.0000000000007,8,20,37,0.07499999999999933,74.99999999999933,5.3333333333333135,25.333333333333435,34.999999999999744,1.3642420526593923e-14,0.02,27.5,500,5000
5.760499999999527,0.07500000000000069,75.0000000000007,8,20,37,0.07499999999999933,74.99999999999933,5.3333333333333135,25.333333333333435,34.999999999999744,1.3642420526593923e-14,0.02,27.5,500,5000
5.7704999999995215,0.07500000000000069,75.0000000000007,8,20,37,0.07499999999999933,74.99999999999933,5.3333333333333135,25.333333333333435,34.999999999999744,1.3642420526593923e-14,0.02,27.5,500,5000
5.780499999999516,0.07500000000000069,75.0000000000007,8,20,37,0.07499999999999933,74.99999999999933,5.3333333333333135,25.333333333333435,34.999999999999744,1.3642420526593923e-14,0.02,27.5,500,5000
5.79049999999951,0.07500000000000069,75.0000000000007,8,20,37,0.07499999999999933,74.99999999999933,5.3333333333333135,25.333333333333435,34.999999999999744,1.3642420526593923e-14,0.02,27.5,500,5000
5.800499999999505,0.07500000000000069,75.0000000000007,8,20,37,0.07499999999999933,74.99999999999933,5.3333333333333135,25.333333333333435,34.999999999999744,1.3642420526593923e-14,0.02,27.5,500,5000
5.810499999999499,0.07500000000000069,75.0000000000007,8,20,37,0.07499999999999933,74.99999999999933,5.3333333333333135,25.333333333333435,34.999999999999744,1.3642420526593923e-14,0.02,27.5,500,5000
5.820499999999494,0.07500000000000069,75.0000000000007,8,20,37,0.07499999999999933,74.99999999999933,5.3333333333333135,25.333333333333435,34.999999999999744,1.3642420526593923e-14,0.02,27.5,500,5000
5.830499999999488,0.07500000000000069,75.0000000000007,8,20,37,0.07499999999999933,74.99999999999933,5.3333333333333135,25.333333333333435,34.999999999999744,1.3642420526593923e-14,0.02,27.5,500,5000
5.840499999999483,0.07500000000000069,75.0000000000007,8,20,37,0.07499999999999933,74.99999999999933,5.3333333333333135,25.333333333333435,34.999999999999744,1.3642420526593923e-14,0.02,27.5,500,5000
5.850499999999477,0.07500000000000069,75.0000000000007,8,20,37,0.07499999999999933,74.99999999999933,5.3333333333333135,25.333333333333435,34.999999999999744,1.3642420526593923e-14,0.02,27.5,500,5000
5.860499999999472,0.07500000000000069,75.0000000000007,8,20,37,0.07499999999999933,74.99999999999933,5.3333333333333135,25.333333333333435,34.999999999999744,1.3642420526593923e-14,0.02,27.5,500,5000
5.870499999999466,0.07500000000000069,75.0000000000007,8,20,37,0.07499999999999933,74.99999999999933,5.3333333333333135,25.333333333333435,34.999999999999744,1.3642420526593923e-14,0.02,27.5,500,5000
5.8804999999994605,0.07500000000000069,75.0000000000007,8,20,37,0.07499999999999933,74.99999999999933,5.3333333333333135,25.333333333333435,34.999999999999744,1.3642420526593923e-14,0.02,27.5,500,5000
5.890499999999455,0.07500000000000069,75.0000000000007,8,20,37,0.07499999999999933,74.99999999999933,5.3333333333333135,25.333333333333435,34.999999999999744,1.3642420526593923e-14,0.02,27.5,500,5000
5.900499999999449,0.07500000000000069,75.0000000000007,8,20,37,0.07499999999999933,74.99999999999933,5.3333333333333135,25.333333333333435,34.999999999999744,1.3642420526593923e-14,0.02,27.5,500,5000
5.910499999999444,0.07500000000000069,75.0000000000007,8,20,37,0.07499999999999933,74.99999999999933,5.3333333333333135,25.333333333333435,34.999999999999744,1.3642420526593923e-14,0.02,27.5,500,5000
5.920499999999438,0.07500000000000069,75.0000000000007,8,20,37,0.07499999999999933,74.99999999999933,5.3333333333333135,25.333333333333435,34.999999999999744,1.3642420526593923e-14,0.02,27.5,500,5000
5.930499999999433,0.07500000000000069,75.0000000000007,8,20,37,0.07499999999999933,74.99999999999933,5.3333333333333135,25.333333333333435,34.999999999999744,1.3642420526593923e-14,0.02,27.5,500,5000
5.940499999999427,0.07500000000000069,75.0000000000007,8,20,37,0.07499999999999933,74.99999999999933,5.3333333333333135,25.333333333333435,34.999999999999744,1.3642420526593923e-14,0.02,27.5,500,5000
5.950499999999422,0.07500000000000069,75.0000000000007,8,20,37,0.07499999999999933,74.99999999999933,5.3333333333333135,25.333333333333435,34.999999999999744,1.3642420526593923e-14,0.02,27.5,500,5000
5.960499999999416,0.07500000000000069,75.0000000000007,8,20,37,0.07499999999999933,74.99999999999933,5.3333333333333135,25.333333333333435,34.999999999999744,1.3642420526593923e-14,0.02,27.5,500,5000
5.970499999999411,0.07500000000000069,75.0000000000007,8,20,37,0.07499999999999933,74.99999999999933,5.3333333333333135,25.333333333333435,34.999999999999744,1.3642420526593923e-14,0.02,27.5,500,5000
5.980499999999405,0.07500000000000069,75.0000000000007,8,20,37,0.07499999999999933,74.99999999999933,5.3333333333333135,25.333333333333435,34.999999999999744,1.3642420526593923e-14,0.02,27.5,500,5000
5.9904999999993995,0.07500000000000069,75.0000000000007,8,20,37,0.07499999999999933,74.99999999999933,5.3333333333333135,25.333333333333435,34.999999999999744,1.3642420526593923e-14,0.02,27.5,500,5000
6.000499999999394,0.07500000000000069,75.0000000000007,8,20,37,0.07499999999999933,74.99999999999933,5.3333333333333135,25.333333333333435,34.999999999999744,1.3642420526593923e-14,0.02,27.5,500,5000
6.010499999999388,0.07500000000000069,75.0000000000007,8,20,37,0.07499999999999933,74.99999999999933,5.3333333333333135,25.333333333333435,34.999999999999744,1.3642420526593923e-14,0.02,27.5,500,5000
6.020499999999383,0.07500000000000069,75.0000000000007,8,20,37,0.07499999999999933,74.99999999999933,5.3333333333333135,25.333333333333435,34.999999999999744,1.3642420526593923e-14,0.02,27.5,500,5000
6.030499999999377,0.07500000000000069,75.0000000000007,8,20,37,0.07499999999999933,74.99999999999933,5.3333333333333135,25.333333333333435,34.999999999999744,1.3642420526593923e-14,0.02,27.5,500,5000
6.040499999999372,0.07500000000000069,75.0000000000007,8,20,37,0.07499999999999933,74.99999999999933,5.3333333333333135,25.333333333333435,34.999999999999744,1.3642420526593923e-14,0.02,27.5,500,5000
6.050499999999366,0.07500000000000069,75.0000000000007,8,20,37,0.07499999999999933,74.99999999999933,5.3333333333333135,25.333333333333435,34.999999999999744,1.3642420526593923e-14,0.02,27.5,500,5000
6.060499999999361,0.07500000000000069,75.0000000000007,8,20,37,0.07499999999999933,74.99999999999933,5.3333333333333135,25.333333333333435,34.999999999999744,1.3642420526593923e-14,0.02,27.5,500,5000
6.070499999999355,0.07500000000000069,75.0000000000007,8,20,37,0.07499999999999933,74.99999999999933,5.3333333333333135,25.333333333333435,34.999999999999744,1.3642420526593923e-14,0.02,27.5,500,5000
6.08049999999935,0.07500000000000069,75.0000000000007,8,20,37,0.07499999999999933,74.99999999999933,5.3333333333333135,25.333333333333435,34.999999999999744,1.3642420526593923e-14,0.02,27.5,500,5000
6.090499999999344,0.07500000000000069,75.0000000000007,8,20,37,0.07499999999999933,74.99999999999933,5.3333333333333135,25.333333333333435,34.999999999999744,1.3642420526593923e-14,0.02,27.5,500,5000
6.100499999999339,0.07500000000000069,75.0000000000007,8,20,37,0.07499999999999933,74.99999999999933,5.3333333333333135,25.333333333333435,34.999999999999744,1.3642420526593923e-14,0.02,27.5,500,5000
6.110499999999333,0.07500000000000069,75.0000000000007,8,20,37,0.07499999999999933,74.99999999999933,5.3333333333333135,25.333333333333435,34.999999999999744,1.3642420526593923e-14,0.02,27.5,500,5000
6.1204999999993275,0.07500000000000069,75.0000000000007,8,20,37,0.07499999999999933,74.99999999999933,5.3333333333333135,25.333333333333435,34.999999999999744,1.3642420526593923e-14,0.02,27.5,500,5000
6.130499999999322,0.07500000000000069,75.0000000000007,8,20,37,0.07499999999999933,74.99999999999933,5.3333333333333135,25.333333333333435,34.999999999999744,1.3642420526593923e-14,0.02,27.5,500,5000
6.140499999999316,0.07500000000000069,75.0000000000007,8,20,37,0.07499999999999933,74.99999999999933,5.3333333333333135,25.333333333333435,34.999999999999744,1.3642420526593923e-14,0.02,27.5,500,5000
6.150499999999311,0.07500000000000069,75.0000000000007,8,20,37,0.07499999999999933,74.99999999999933,5.3333333333333135,25.333333333333435,34.999999999999744,1.3642420526593923e-14,0.02,27.5,500,5000
6.160499999999305,0.07500000000000069,75.0000000000007,8,20,37,0.07499999999999933,74.99999999999933,5.3333333333333135,25.333333333333435,34.999999999999744,1.3642420526593923e-14,0.02,27.5,500,5000
6.1704999999993,0.07500000000000069,75.0000000000007,8,20,37,0.07499999999999933,74.99999999999933,5.3333333333333135,25.333333333333435,34.999999999999744,1.3642420526593923e-14,0.02,27.5,500,5000
6.180499999999294,0.07500000000000069,75.0000000000007,8,20,37,0.07499999999999933,74.99999999999933,5.3333333333333135,25.333333333333435,34.999999999999744,1.3642420526593923e-14,0.02,27.5,500,5000
6.190499999999289,0.07500000000000069,75.0000000000007,8,20,37,0.07499999999999933,74.99999999999933,5.3333333333333135,25.333333333333435,34.999999999999744,1.3642420526593923e-14,0.02,27.5,500,5000
6.200499999999283,0.07500000000000069,75.0000000000007,8,20,37,0.07499999999999933,74.99999999999933,5.3333333333333135,25.333333333333435,34.999999999999744,1.3642420526593923e-14,0.02,27.5,500,5000
6.210499999999278,0.07500000000000069,75.0000000000007,8,20,37,0.07499999999999933,74.99999999999933,5.3333333333333135,25.333333333333435,34.999999999999744,1.3642420526593923e-14,0.02,27.5,500,5000
6.220499999999272,0.07500000000000069,75.0000000000007,8,20,37,0.07499999999999933,74.99999999999933,5.3333333333333135,25.333333333333435,34.999999999999744,1.3642420526593923e-14,0.02,27.5,500,5000
6.2304999999992665,0.07500000000000069,75.0000000000007,8,20,37,0.07499999999999933,74.99999999999933,5.3333333333333135,25.333333333333435,34.999999999999744,1.3642420526593923e-14,0.02,27.5,500,5000
6.240499999999261,0.07500000000000069,75.0000000000007,8,20,37,0.07499999999999933,74.99999999999933,5.3333333333333135,25.333333333333435,34.999999999999744,1.3642420526593923e-14,0.02,27.5,500,5000
6.250499999999255,0.07500000000000069,75.0000000000007,8,20,37,0.07499999999999933,74.99999999999933,5.3333333333333135,25.333333333333435,34.999999999999744,1.3642420526593923e-14,0.02,27.5,500,5000
6.26049999999925,0.07500000000000069,75.0000000000007,8,20,37,0.07499999999999933,74.99999999999933,5.3333333333333135,25.333333333333435,34.999999999999744,1.3642420526593923e-14,0.02,27.5,500,5000
6.270499999999244,0.07500000000000069,75.0000000000007,8,20,37,0.07499999999999933,74.99999999999933,5.3333333333333135,25.333333333333435,34.999999999999744,1.3642420526593923e-14,0.02,27.5,500,5000
6.280499999999239,0.07500000000000069,75.0000000000007,8,20,37,0.07499999999999933,74.99999999999933,5.3333333333333135,25.333333333333435,34.999999999999744,1.3642420526593923e-14,0.02,27.5,500,5000
6.290499999999233,0.07500000000000069,75.0000000000007,8,20,37,0.07499999999999933,74.99999999999933,5.3333333333333135,25.333333333333435,34.999999999999744,1.3642420526593923e-14,0.02,27.5,500,5000
6.300499999999228,0.07500000000000069,75.0000000000007,8,20,37,0.07499999999999933,74.99999999999933,5.3333333333333135,25.333333333333435,34.999999999999744,1.3642420526593923e-14,0.02,27.5,500,5000
6.310499999999222,0.07500000000000069,75.0000000000007,8,20,37,0.07499999999999933,74.99999999999933,5.3333333333333135,25.333333333333435,34.999999999999744,1.3642420526593923e-14,0.02,27.5,500,5000
6.320499999999217,0.07500000000000069,75.0000000000007,8,20,37,0.07499999999999933,74.99999999999933,5.3333333333333135,25.333333333333435,34.999999999999744,1.3642420526593923e-14,0.02,27.5,500,5000
6.330499999999211,0.07500000000000069,75.0000000000007,8,20,37,0.07499999999999933,74.99999999999933,5.3333333333333135,25.333333333333435,34.999999999999744,1.3642420526593923e-14,0.02,27.5,500,5000
6.3404999999992055,0.07500000000000069,75.0000000000007,8,20,37,0.07499999999999933,74.99999999999933,5.3333333333333135,25.333333333333435,34.999999999999744,1.3642420526593923e-14,0.02,27.5,500,5000
6.3504999999992,0.07500000000000069,75.0000000000007,8,20,37,0.07499999999999933,74.99999999999933,5.3333333333333135,25.333333333333435,34.999999999999744,1.3642420526593923e-14,0.02,27.5,500,5000
6.3604999999991945,0.07500000000000069,75.0000000000007,8,20,37,0.07499999999999933,74.99999999999933,5.3333333333333135,25.333333333333435,34.999999999999744,1.3642420526593923e-14,0.02,27.5,500,5000
6.370499999999189,0.07500000000000069,75.0000000000007,8,20,37,0.07499999999999933,74.99999999999933,5.3333333333333135,25.333333333333435,34.999999999999744,1.3642420526593923e-14,0.02,27.5,500,5000
6.380499999999183,0.07500000000000069,75.0000000000007,8,20,37,0.07499999999999933,74.99999999999933,5.3333333333333135,25.333333333333435,34.999999999999744,1.3642420526593923e-14,0.02,27.5,500,5000
6.390499999999178,0.07500000000000069,75.0000000000007,8,20,37,0.07499999999999933,74.99999999999933,5.3333333333333135,25.333333333333435,34.999999999999744,1.3642420526593923e-14,0.02,27.5,500,5000
6.400499999999172,0.07500000000000069,75.0000000000007,8,20,37,0.07499999999999933,74.99999999999933,5.3333333333333135,25.333333333333435,34.999999999999744,1.3642420526593923e-14,0.02,27.5,500,5000
6.410499999999167,0.07500000000000069,75.0000000000007,8,20,37,0.07499999999999933,74.99999999999933,5.3333333333333135,25.333333333333435,34.999999999999744,1.3642420526593923e-14,0.02,27.5,500,5000
6.420499999999161,0.07500000000000069,75.0000000000007,8,20,37,0.07499999999999933,74.99999999999933,5.3333333333333135,25.333333333333435,34.999999999999744,1.3642420526593923e-14,0.02,27.5,500,5000
6.430499999999156,0.07500000000000069,75.0000000000007,8,20,37,0.07499999999999933,74.99999999999933,5.3333333333333135,25.333333333333435,34.999999999999744,1.3642420526593923e-14,0.02,27.5,500,5000
6.44049999999915,0.07500000000000069,75.0000000000007,8,20,37,0.07499999999999933,74.99999999999933,5.3333333333333135,25.333333333333435,34.999999999999744,1.3642420526593923e-14,0.02,27.5,500,5000
6.450499999999145,0.07500000000000069,75.0000000000007,8,20,37,0.07499999999999933,74.99999999999933,5.3333333333333135,25.333333333333435,34.999999999999744,1.3642420526593923e-14,0.02,27.5,500,5000
6.460499999999139,0.07500000000000069,75.0000000000007,8,20,37,0.07499999999999933,74.99999999999933,5.3333333333333135,25.333333333333435,34.999999999999744,1.3642420526593923e-14,0.02,27.5,500,5000
6.4704999999991335,0.07500000000000069,75.0000000000007,8,20,37,0.07499999999999933,74.99999999999933,5.3333333333333135,25.333333333333435,34.999999999999744,1.3642420526593923e-14,0.02,27.5,500,5000
6.480499999999128,0.07500000000000069,75.0000000000007,8,20,37,0.07499999999999933,74.99999999999933,5.3333333333333135,25.333333333333435,34.999999999999744,1.3642420526593923e-14,0.02,27.5,500,5000
6.490499999999122,0.07500000000000069,75.0000000000007,8,20,37,0.07499999999999933,74.99999999999933,5.3333333333333135,25.333333333333435,34.999999999999744,1.3642420526593923e-14,0.02,27.5,500,5000
6.500499999999117,0.07500000000000069,75.0000000000007,8,20,37,0.07499999999999933,74.99999999999933,5.3333333333333135,25.333333333333435,34.999999999999744,1.3642420526593923e-14,0.02,27.5,500,5000
6.510499999999111,0.07500000000000069,75.0000000000007,8,20,37,0.07499999999999933,74.99999999999933,5.3333333333333135,25.333333333333435,34.999999999999744,1.3642420526593923e-14,0.02,27.5,500,5000
6.520499999999106,0.07500000000000069,75.0000000000007,8,20,37,0.07499999999999933,74.99999999999933,5.3333333333333135,25.333333333333435,34.999999999999744,1.3642420526593923e-14,0.02,27.5,500,5000
6.5304999999991,0.07500000000000069,75.0000000000007,8,20,37,0.07499999999999933,74.99999999999933,5.3333333333333135,25.333333333333435,34.999999999999744,1.3642420526593923e-14,0.02,27.5,500,5000
6.540499999999095,0.07500000000000069,75.0000000000007,8,20,37,0.07499999999999933,74.99999999999933,5.3333333333333135,25.333333333333435,34.999999999999744,1.3642420526593923e-14,0.02,27.5,500,5000
6.550499999999089,0.07500000000000069,75.0000000000007,8,20,37,0.07499999999999933,74.99999999999933,5.3333333333333135,25.333333333333435,34.999999999999744,1.3642420526593923e-14,0.02,27.5,500,5000
6.560499999999084,0.07500000000000069,75.0000000000007,8,20,37,0.07499999999999933,74.99999999999933,5.3333333333333135,25.333333333333435,34.999999999999744,1.3642420526593923e-14,0.02,27.5,500,5000
6.570499999999078,0.07500000000000069,75.0000000000007,8,20,37,0.07499999999999933,74.99999999999933,5.3333333333333135,25.333333333333435,34.999999999999744,1.3642420526593923e-14,0.02,27.5,500,5000
6.5804999999990725,0.07500000000000069,75.0000000000007,8,20,37,0.07499999999999933,74.99999999999933,5.3333333333333135,25.333333333333435,34.999999999999744,1.3642420526593923e-14,0.02,27.5,500,5000
6.590499999999067,0.07500000000000069,75.0000000000007,8,20,37,0.07499999999999933,74.99999999999933,5.3333333333333135,25.333333333333435,34.999999999999744,1.3642420526593923e-14,0.02,27.5,500,5000
6.6004999999990615,0.07500000000000069,75.0000000000007,8,20,37,0.07499999999999933,74.99999999999933,5.3333333333333135,25.333333333333435,34.999999999999744,1.3642420526593923e-14,0.02,27.5,500,5000
6.610499999999056,0.07500000000000069,75.0000000000007,8,20,37,0.07499999999999933,74.99999999999933,5.3333333333333135,25.333333333333435,34.999999999999744,1.3642420526593923e-14,0.02,27.5,500,5000
6.62049999999905,0.07500000000000069,75.0000000000007,8,20,37,0.07499999999999933,74.99999999999933,5.3333333333333135,25.333333333333435,34.999999999999744,1.3642420526593923e-14,0.02,27.5,500,5000
6.630499999999045,0.07500000000000069,75.0000000000007,8,20,37,0.07499999999999933,74.99999999999933,5.3333333333333135,25.333333333333435,34.999999999999744,1.3642420526593923e-14,0.02,27.5,500,5000
6.640499999999039,0.07500000000000069,75.0000000000007,8,20,37,0.07499999999999933,74.99999999999933,5.3333333333333135,25.333333333333435,34.999999999999744,1.3642420526593923e-14,0.02,27.5,500,5000
6.650499999999034,0.07500000000000069,75.0000000000007,8,20,37,0.07499999999999933,74.99999999999933,5.3333333333333135,25.333333333333435,34.999999999999744,1.3642420526593923e-14,0.02,27.5,500,5000
6.660499999999028,0.07500000000000069,75.0000000000007,8,20,37,0.07499999999999933,74.99999999999933,5.3333333333333135,25.333333333333435,34.999999999999744,1.3642420526593923e-14,0.02,27.5,500,5000
6.670499999999023,0.07500000000000069,75.0000000000007,8,20,37,0.07499999999999933,74.99999999999933,5.3333333333333135,25.333333333333435,34.999999999999744,1.3642420526593923e-14,0.02,27.5,500,5000
6.680499999999017,0.07500000000000069,75.0000000000007,8,20,37,0.07499999999999933,74.99999999999933,5.3333333333333135,25.333333333333435,34.999999999999744,1.3642420526593923e-14,0.02,27.5,500,5000
6.690499999999012,0.07500000000000069,75.0000000000007,8,20,37,0.07499999999999933,74.99999999999933,5.3333333333333135,25.333333333333435,34.999999999999744,1.3642420526593923e-14,0.02,27.5,500,5000
6.700499999999006,0.07500000000000069,75.0000000000007,8,20,37,0.07499999999999933,74.99999999999933,5.3333333333333135,25.333333333333435,34.999999999999744,1.3642420526593923e-14,0.02,27.5,500,5000
6.7104999999990005,0.07500000000000069,75.0000000000007,8,20,37,0.07499999999999933,74.99999999999933,5.3333333333333135,25.333333333333435,34.999999999999744,1.3642420526593923e-14,0.02,27.5,500,5000
6.720499999998995,0.07500000000000069,75.0000000000007,8,20,37,0.07499999999999933,74.99999999999933,5.3333333333333135,25.333333333333435,34.999999999999744,1.3642420526593923e-14,0.02,27.5,500,5000
6.730499999998989,0.07500000000000069,75.0000000000007,8,20,37,0.07499999999999933,74.99999999999933,5.3333333333333135,25.333333333333435,34.999999999999744,1.3642420526593923e-14,0.02,27.5,500,5000
6.740499999998984,0.07500000000000069,75.0000000000007,8,20,37,0.07499999999999933,74.99999999999933,5.3333333333333135,25.333333333333435,34.999999999999744,1.3642420526593923e-14,0.02,27.5,500,5000
6.750499999998978,0.07500000000000069,75.0000000000007,8,20,37,0.07499999999999933,74.99999999999933,5.3333333333333135,25.333333333333435,34.999999999999744,1.3642420526593923e-14,0.02,27.5,500,5000
6.760499999998973,0.07500000000000069,75.0000000000007,8,20,37,0.07499999999999933,74.99999999999933,5.3333333333333135,25.333333333333435,34.999999999999744,1.3642420526593923e-14,0.02,27.5,500,5000
6.770499999998967,0.07500000000000069,75.0000000000007,8,20,37,0.07499999999999933,74.99999999999933,5.3333333333333135,25.333333333333435,34.999999999999744,1.3642420526593923e-14,0.02,27.5,500,5000
6.780499999998962,0.07500000000000069,75.0000000000007,8,20,37,0.07499999999999933,74.99999999999933,5.3333333333333135,25.333333333333435,34.999999999999744,1.3642420526593923e-14,0.02,27.5,500,5000
6.790499999998956,0.07500000000000069,75.0000000000007,8,20,37,0.07499999999999933,74.99999999999933,5.3333333333333135,25.333333333333435,34.999999999999744,1.3642420526593923e-14,0.02,27.5,500,5000
6.800499999998951,0.07500000000000069,75.0000000000007,8,20,37,0.07499999999999933,74.99999999999933,5.3333333333333135,25.333333333333435,34.999999999999744,1.3642420526593923e-14,0.02,27.5,500,5000
6.810499999998945,0.07500000000000069,75.0000000000007,8,20,37,0.07499999999999933,74.99999999999933,5.3333333333333135,25.333333333333435,34.999999999999744,1.3642420526593923e-14,0.02,27.5,500,5000
6.8204999999989395,0.07500000000000069,75.0000000000007,8,20,37,0.07499999999999933,74.99999999999933,5.3333333333333135,25.333333333333435,34.999999999999744,1.3642420526593923e-14,0.02,27.5,500,5000
6.830499999998934,0.07500000000000069,75.0000000000007,8,20,37,0.07499999999999933,74.99999999999933,5.3333333333333135,25.333333333333435,34.999999999999744,1.3642420526593923e-14,0.02,27.5,500,5000
6.840499999998928,0.07500000000000069,75.0000000000007,8,20,37,0.07499999999999933,74.99999999999933,5.3333333333333135,25.333333333333435,34.999999999999744,1.3642420526593923e-14,0.02,27.5,500,5000
6.850499999998923,0.07500000000000069,75.0000000000007,8,20,37,0.07499999999999933,74.99999999999933,5.3333333333333135,25.333333333333435,34.999999999999744,1.3642420526593923e-14,0.02,27.5,500,5000
6.860499999998917,0.07500000000000069,75.0000000000007,8,20,37,0.07499999999999933,74.99999999999933,5.3333333333333135,25.333333333333435,34.999999999999744,1.3642420526593923e-14,0.02,27.5,500,5000
6.870499999998912,0.07500000000000069,75.0000000000007,8,20,37,0.07499999999999933,74.99999999999933,5.3333333333333135,25.333333333333435,34.999999999999744,1.3642420526593923e-14,0.02,27.5,500,5000
6.880499999998906,0.07500000000000069,75.0000000000007,8,20,37,0.07499999999999933,74.99999999999933,5.3333333333333135,25.333333333333435,34.999999999999744,1.3642420526593923e-14,0.02,27.5,500,5000
6.890499999998901,0.07500000000000069,75.0000000000007,8,20,37,0.07499999999999933,74.99999999999933,5.3333333333333135,25.333333333333435,34.999999999999744,1.3642420526593923e-14,0.02,27.5,500,5000
6.900499999998895,0.07500000000000069,75.0000000000007,8,20,37,0.07499999999999933,74.99999999999933,5.3333333333333135,25.333333333333435,34.999999999999744,1.3642420526593923e-14,0.02,27.5,500,5000
6.91049999999889,0.07500000000000069,75.0000000000007,8,20,37,0.07499999999999933,74.99999999999933,5.3333333333333135,25.333333333333435,34.999999999999744,1.3642420526593923e-14,0.02,27.5,500,5000
6.920499999998884,0.07500000000000069,75.0000000000007,8,20,37,0.07499999999999933,74.99999999999933,5.3333333333333135,25.333333333333435,34.999999999999744,1.3642420526593923e-14,0.02,27.5,500,5000
6.930499999998879,0.07500000000000069,75.0000000000007,8,20,37,0.07499999999999933,74.99999999999933,5.3333333333333135,25.333333333333435,34.999999999999744,1.3642420526593923e-14,0.02,27.5,500,5000
6.940499999998873,0.07500000000000069,75.0000000000007,8,20,37,0.07499999999999933,74.99999999999933,5.3333333333333135,25.333333333333435,34.999999999999744,1.3642420526593923e-14,0.02,27.5,500,5000
6.9504999999988675,0.07500000000000069,75.0000000000007,8,20,37,0.07499999999999933,74.99999999999933,5.3333333333333135,25.333333333333435,34.999999999999744,1.3642420526593923e-14,0.02,27.5,500,5000
6.960499999998862,0.07500000000000069,75.0000000000007,8,20,37,0.07499999999999933,74.99999999999933,5.3333333333333135,25.333333333333435,34.999999999999744,1.3642420526593923e-14,0.02,27.5,500,5000
6.970499999998856,0.07500000000000069,75.0000000000007,8,20,37,0.07499999999999933,74.99999999999933,5.3333333333333135,25.333333333333435,34.999999999999744,1.3642420526593923e-14,0.02,27.5,500,5000
6.980499999998851,0.07500000000000069,75.0000000000007,8,20,37,0.07499999999999933,74.99999999999933,5.3333333333333135,25.333333333333435,34.999999999999744,1.3642420526593923e-14,0.02,27.5,500,5000
6.990499999998845,0.07500000000000069,75.0000000000007,8,20,37,0.07499999999999933,74.99999999999933,5.3333333333333135,25.333333333333435,34.999999999999744,1.3642420526593923e-14,0.02,27.5,500,5000
7.00049999999884,0.07500000000000069,75.0000000000007,8,20,37,0.07499999999999933,74.99999999999933,5.3333333333333135,25.333333333333435,34.999999999999744,1.3642420526593923e-14,0.02,27.5,500,5000
7.010499999998834,0.07500000000000069,75.0000000000007,8,20,37,0.07499999999999933,74.99999999999933,5.3333333333333135,25.333333333333435,34.999999999999744,1.3642420526593923e-14,0.02,27.5,500,5000
7.020499999998829,0.07500000000000069,75.0000000000007,8,20,37,0.07499999999999933,74.99999999999933,5.3333333333333135,25.333333333333435,34.999999999999744,1.3642420526593923e-14,0.02,27.5,500,5000
7.030499999998823,0.07500000000000069,75.0000000000007,8,20,37,0.07499999999999933,74.99999999999933,5.3333333333333135,25.333333333333435,34.999999999999744,1.3642420526593923e-14,0.02,27.5,500,5000
7.040499999998818,0.07500000000000069,75.0000000000007,8,20,37,0.07499999999999933,74.99999999999933,5.3333333333333135,25.333333333333435,34.999999999999744,1.3642420526593923e-14,0.02,27.5,500,5000
7.050499999998812,0.07500000000000069,75.0000000000007,8,20,37,0.07499999999999933,74.99999999999933,5.3333333333333135,25.333333333333435,34.999999999999744,1.3642420526593923e-14,0.02,27.5,500,5000
7.0604999999988065,0.07500000000000069,75.0000000000007,8,20,37,0.07499999999999933,74.99999999999933,5.3333333333333135,25.333333333333435,34.999999999999744,1.3642420526593923e-14,0.02,27.5,500,5000
7.070499999998801,0.07500000000000069,75.0000000000007,8,20,37,0.07499999999999933,74.99999999999933,5.3333333333333135,25.333333333333435,34.999999999999744,1.3642420526593923e-14,0.02,27.5,500,5000
7.080499999998795,0.07500000000000069,75.0000000000007,8,20,37,0.07499999999999933,74.99999999999933,5.3333333333333135,25.333333333333435,34.999999999999744,1.3642420526593923e-14,0.02,27.5,500,5000
7.09049999999879,0.07500000000000069,75.0000000000007,8,20,37,0.07499999999999933,74.99999999999933,5.3333333333333135,25.333333333333435,34.999999999999744,1.3642420526593923e-14,0.02,27.5,500,5000
7.100499999998784,0.07500000000000069,75.0000000000007,8,20,37,0.07499999999999933,74.99999999999933,5.3333333333333135,25.333333333333435,34.999999999999744,1.3642420526593923e-14,0.02,27.5,500,5000
7.110499999998779,0.07500000000000069,75.0000000000007,8,20,37,0.07499999999999933,74.99999999999933,5.3333333333333135,25.333333333333435,34.999999999999744,1.3642420526593923e-14,0.02,27.5,500,5000
7.120499999998773,0.07500000000000069,75.0000000000007,8,20,37,0.07499999999999933,74.99999999999933,5.3333333333333135,25.333333333333435,34.999999999999744,1.3642420526593923e-14,0.02,27.5,500,5000
7.130499999998768,0.07500000000000069,75.0000000000007,8,20,37,0.07499999999999933,74.99999999999933,5.3333333333333135,25.333333333333435,34.999999999999744,1.3642420526593923e-14,0.02,27.5,500,5000
7.140499999998762,0.07500000000000069,75.0000000000007,8,20,37,0.07499999999999933,74.99999999999933,5.3333333333333135,25.333333333333435,34.999999999999744,1.3642420526593923e-14,0.02,27.5,500,5000
7.150499999998757,0.07500000000000069,75.0000000000007,8,20,37,0.07499999999999933,74.99999999999933,5.3333333333333135,25.333333333333435,34.999999999999744,1.3642420526593923e-14,0.02,27.5,500,5000
7.160499999998751,0.07500000000000069,75.0000000000007,8,20,37,0.07499999999999933,74.99999999999933,5.3333333333333135,25.333333333333435,34.999999999999744,1.3642420526593923e-14,0.02,27.5,500,5000
7.1704999999987455,0.07500000000000069,75.0000000000007,8,20,37,0.07499999999999933,74.99999999999933,5.3333333333333135,25.333333333333435,34.999999999999744,1.3642420526593923e-14,0.02,27.5,500,5000
7.18049999999874,0.07500000000000069,75.0000000000007,8,20,37,0.07499999999999933,74.99999999999933,5.3333333333333135,25.333333333333435,34.999999999999744,1.3642420526593923e-14,0.02,27.5,500,5000
7.1904999999987345,0.07500000000000069,75.0000000000007,8,20,37,0.07499999999999933,74.99999999999933,5.3333333333333135,25.333333333333435,34.999999999999744,1.3642420526593923e-14,0.02,27.5,500,5000
7.200499999998729,0.07500000000000069,75.0000000000007,8,20,37,0.07499999999999933,74.99999999999933,5.3333333333333135,25.333333333333435,34.999999999999744,1.3642420526593923e-14,0.02,27.5,500,5000
7.210499999998723,0.07500000000000069,75.0000000000007,8,20,37,0.07499999999999933,74.99999999999933,5.3333333333333135,25.333333333333435,34.999999999999744,1.3642420526593923e-14,0.02,27.5,500,5000
7.220499999998718,0.07500000000000069,75.0000000000007,8,20,37,0.07499999999999933,74.99999999999933,5.3333333333333135,25.333333333333435,34.999999999999744,1.3642420526593923e-14,0.02,27.5,500,5000
7.230499999998712,0.07500000000000069,75.0000000000007,8,20,37,0.07499999999999933,74.99999999999933,5.3333333333333135,25.333333333333435,34.999999999999744,1.3642420526593923e-14,0.02,27.5,500,5000
7.240499999998707,0.07500000000000069,75.0000000000007,8,20,37,0.07499999999999933,74.99999999999933,5.3333333333333135,25.333333333333435,34.999999999999744,1.3642420526593923e-14,0.02,27.5,500,5000
7.250499999998701,0.07500000000000069,75.0000000000007,8,20,37,0.07499999999999933,74.99999999999933,5.3333333333333135,25.333333333333435,34.999999999999744,1.3642420526593923e-14,0.02,27.5,500,5000
7.260499999998696,0.07500000000000069,75.0000000000007,8,20,37,0.07499999999999933,74.99999999999933,5.3333333333333135,25.333333333333435,34.999999999999744,1.3642420526593923e-14,0.02,27.5,500,5000
7.27049999999869,0.07500000000000069,75.0000000000007,8,20,37,0.07499999999999933,74.99999999999933,5.3333333333333135,25.333333333333435,34.999999999999744,1.3642420526593923e-14,0.02,27.5,500,5000
7.280499999998685,0.07500000000000069,75.0000000000007,8,20,37,0.07499999999999933,74.99999999999933,5.3333333333333135,25.333333333333435,34.999999999999744,1.3642420526593923e-14,0.02,27.5,500,5000
7.290499999998679,0.07500000000000069,75.0000000000007,8,20,37,0.07499999999999933,74.99999999999933,5.3333333333333135,25.333333333333435,34.999999999999744,1.3642420526593923e-14,0.02,27.5,500,5000
7.3004999999986735,0.07500000000000069,75.0000000000007,8,20,37,0.07499999999999933,74.99999999999933,5.3333333333333135,25.333333333333435,34.999999999999744,1.3642420526593923e-14,0.02,27.5,500,5000
7.310499999998668,0.07500000000000069,75.0000000000007,8,20,37,0.07499999999999933,74.99999999999933,5.3333333333333135,25.333333333333435,34.999999999999744,1.3642420526593923e-14,0.02,27.5,500,5000
7.320499999998662,0.07500000000000069,75.0000000000007,8,20,37,0.07499999999999933,74.99999999999933,5.3333333333333135,25.333333333333435,34.999999999999744,1.3642420526593923e-14,0.02,27.5,500,5000
7.330499999998657,0.07500000000000069,75.0000000000007,8,20,37,0.07499999999999933,74.99999999999933,5.3333333333333135,25.333333333333435,34.999999999999744,1.3642420526593923e-14,0.02,27.5,500,5000
7.340499999998651,0.07500000000000069,75.0000000000007,8,20,37,0.07499999999999933,74.99999999999933,5.3333333333333135,25.333333333333435,34.999999999999744,1.3642420526593923e-14,0.02,27.5,500,5000
7.350499999998646,0.07500000000000069,75.0000000000007,8,20,37,0.07499999999999933,74.99999999999933,5.3333333333333135,25.333333333333435,34.999999999999744,1.3642420526593923e-14,0.02,27.5,500,5000
7.36049999999864,0.07500000000000069,75.0000000000007,8,20,37,0.07499999999999933,74.99999999999933,5.3333333333333135,25.333333333333435,34.999999999999744,1.3642420526593923e-14,0.02,27.5,500,5000
7.370499999998635,0.07500000000000069,75.0000000000007,8,20,37,0.07499999999999933,74.99999999999933,5.3333333333333135,25.333333333333435,34.999999999999744,1.3642420526593923e-14,0.02,27.5,500,5000
7.380499999998629,0.07500000000000069,75.0000000000007,8,20,37,0.07499999999999933,74.99999999999933,5.3333333333333135,25.333333333333435,34.999999999999744,1.3642420526593923e-14,0.02,27.5,500,5000
7.390499999998624,0.07500000000000069,75.0000000000007,8,20,37,0.07499999999999933,74.99999999999933,5.3333333333333135,25.333333333333435,34.999999999999744,1.3642420526593923e-14,0.02,27.5,500,5000
7.400499999998618,0.07500000000000069,75.0000000000007,8,20,37,0.07499999999999933,74.99999999999933,5.3333333333333135,25.333333333333435,34.999999999999744,1.3642420526593923e-14,0.02,27.5,500,5000
7.4104999999986125,0.07500000000000069,75.0000000000007,8,20,37,0.07499999999999933,74.99999999999933,5.3333333333333135,25.333333333333435,34.999999999999744,1.3642420526593923e-14,0.02,27.5,500,5000
7.420499999998607,0.07500000000000069,75.0000000000007,8,20,37,0.07499999999999933,74.99999999999933,5.3333333333333135,25.333333333333435,34.999999999999744,1.3642420526593923e-14,0.02,27.5,500,5000
7.4304999999986014,0.07500000000000069,75.0000000000007,8,20,37,0.07499999999999933,74.99999999999933,5.3333333333333135,25.333333333333435,34.999999999999744,1.3642420526593923e-14,0.02,27.5,500,5000
7.440499999998596,0.07500000000000069,75.0000000000007,8,20,37,0.07499999999999933,74.99999999999933,5.3333333333333135,25.333333333333435,34.999999999999744,1.3642420526593923e-14,0.02,27.5,500,5000
7.45049999999859,0.07500000000000069,75.0000000000007,8,20,37,0.07499999999999933,74.99999999999933,5.3333333333333135,25.333333333333435,34.999999999999744,1.3642420526593923e-14,0.02,27.5,500,5000
7.460499999998585,0.07500000000000069,75.0000000000007,8,20,37,0.07499999999999933,74.99999999999933,5.3333333333333135,25.333333333333435,34.999999999999744,1.3642420526593923e-14,0.02,27.5,500,5000
7.470499999998579,0.07500000000000069,75.0000000000007,8,20,37,0.07499999999999933,74.99999999999933,5.3333333333333135,25.333333333333435,34.999999999999744,1.3642420526593923e-14,0.02,27.5,500,5000
7.480499999998574,0.07500000000000069,75.0000000000007,8,20,37,0.07499999999999933,74.99999999999933,5.3333333333333135,25.333333333333435,34.999999999999744,1.3642420526593923e-14,0.02,27.5,500,5000
7.490499999998568,0.07500000000000069,75.0000000000007,8,20,37,0.07499999999999933,74.99999999999933,5.3333333333333135,25.333333333333435,34.999999999999744,1.3642420526593923e-14,0.02,27.5,500,5000
7.500499999998563,0.07500000000000069,75.0000000000007,8,20,37,0.07499999999999933,74.99999999999933,5.3333333333333135,25.333333333333435,34.999999999999744,1.3642420526593923e-14,0.02,27.5,500,5000
7.510499999998557,0.07500000000000069,75.0000000000007,8,20,37,0.07499999999999933,74.99999999999933,5.3333333333333135,25.333333333333435,34.999999999999744,1.3642420526593923e-14,0.02,27.5,500,5000
7.520499999998552,0.07500000000000069,75.0000000000007,8,20,37,0.07499999999999933,74.99999999999933,5.3333333333333135,25.333333333333435,34.999999999999744,1.3642420526593923e-14,0.02,27.5,500,5000
7.530499999998546,0.07500000000000069,75.0000000000007,8,20,37,0.07499999999999933,74.99999999999933,5.3333333333333135,25.333333333333435,34.999999999999744,1.3642420526593923e-14,0.02,27.5,500,5000
7.5404999999985405,0.07500000000000069,75.0000000000007,8,20,37,0.07499999999999933,74.99999999999933,5.3333333333333135,25.333333333333435,34.999999999999744,1.3642420526593923e-14,0.02,27.5,500,5000
7.550499999998535,0.07500000000000069,75.0000000000007,8,20,37,0.07499999999999933,74.99999999999933,5.3333333333333135,25.333333333333435,34.999999999999744,1.3642420526593923e-14,0.02,27.5,500,5000
7.560499999998529,0.07500000000000069,75.0000000000007,8,20,37,0.07499999999999933,74.99999999999933,5.3333333333333135,25.333333333333435,34.999999999999744,1.3642420526593923e-14,0.02,27.5,500,5000
7.570499999998524,0.07500000000000069,75.0000000000007,8,20,37,0.07499999999999933,74.99999999999933,5.3333333333333135,25.333333333333435,34.999999999999744,1.3642420526593923e-14,0.02,27.5,500,5000
7.580499999998518,0.07500000000000069,75.0000000000007,8,20,37,0.07499999999999933,74.99999999999933,5.3333333333333135,25.333333333333435,34.999999999999744,1.3642420526593923e-14,0.02,27.5,500,5000
7.590499999998513,0.07500000000000069,75.0000000000007,8,20,37,0.07499999999999933,74.99999999999933,5.3333333333333135,25.333333333333435,34.999999999999744,1.3642420526593923e-14,0.02,27.5,500,5000
7.600499999998507,0.07500000000000069,75.0000000000007,8,20,37,0.07499999999999933,74.99999999999933,5.3333333333333135,25.333333333333435,34.999999999999744,1.3642420526593923e-14,0.02,27.5,500,5000
7.610499999998502,0.07500000000000069,75.0000000000007,8,20,37,0.07499999999999933,74.99999999999933,5.3333333333333135,25.333333333333435,34.999999999999744,1.3642420526593923e-14,0.02,27.5,500,5000
7.620499999998496,0.07500000000000069,75.0000000000007,8,20,37,0.07499999999999933,74.99999999999933,5.3333333333333135,25.333333333333435,34.999999999999744,1.3642420526593923e-14,0.02,27.5,500,5000
7.630499999998491,0.07500000000000069,75.0000000000007,8,20,37,0.07499999999999933,74.99999999999933,5.3333333333333135,25.333333333333435,34.999999999999744,1.3642420526593923e-14,0.02,27.5,500,5000
7.640499999998485,0.07500000000000069,75.0000000000007,8,20,37,0.07499999999999933,74.99999999999933,5.3333333333333135,25.333333333333435,34.999999999999744,1.3642420526593923e-14,0.02,27.5,500,5000
7.6504999999984795,0.07500000000000069,75.0000000000007,8,20,37,0.07499999999999933,74.99999999999933,5.3333333333333135,25.333333333333435,34.999999999999744,1.3642420526593923e-14,0.02,27.5,500,5000
7.660499999998474,0.07500000000000069,75.0000000000007,8,20,37,0.07499999999999933,74.99999999999933,5.3333333333333135,25.333333333333435,34.999999999999744,1.3642420526593923e-14,0.02,27.5,500,5000
7.670499999998468,0.07500000000000069,75.0000000000007,8,20,37,0.07499999999999933,74.99999999999933,5.3333333333333135,25.333333333333435,34.999999999999744,1.3642420526593923e-14,0.02,27.5,500,5000
7.680499999998463,0.07500000000000069,75.0000000000007,8,20,37,0.07499999999999933,74.99999999999933,5.3333333333333135,25.333333333333435,34.999999999999744,1.3642420526593923e-14,0.02,27.5,500,5000
7.690499999998457,0.07500000000000069,75.0000000000007,8,20,37,0.07499999999999933,74.99999999999933,5.3333333333333135,25.333333333333435,34.999999999999744,1.3642420526593923e-14,0.02,27.5,500,5000
7.700499999998452,0.07500000000000069,75.0000000000007,8,20,37,0.07499999999999933,74.99999999999933,5.3333333333333135,25.333333333333435,34.999999999999744,1.3642420526593923e-14,0.02,27.5,500,5000
7.710499999998446,0.07500000000000069,75.0000000000007,8,20,37,0.07499999999999933,74.99999999999933,5.3333333333333135,25.333333333333435,34.999999999999744,1.3642420526593923e-14,0.02,27.5,500,5000
7.720499999998441,0.07500000000000069,75.0000000000007,8,20,37,0.07499999999999933,74.99999999999933,5.3333333333333135,25.333333333333435,34.999999999999744,1.3642420526593923e-14,0.02,27.5,500,5000
7.730499999998435,0.07500000000000069,75.0000000000007,8,20,37,0.07499999999999933,74.99999999999933,5.3333333333333135,25.333333333333435,34.999999999999744,1.3642420526593923e-14,0.02,27.5,500,5000
7.74049999999843,0.07500000000000069,75.0000000000007,8,20,37,0.07499999999999933,74.99999999999933,5.3333333333333135,25.333333333333435,34.999999999999744,1.3642420526593923e-14,0.02,27.5,500,5000
7.750499999998424,0.07500000000000069,75.0000000000007,8,20,37,0.07499999999999933,74.99999999999933,5.3333333333333135,25.333333333333435,34.999999999999744,1.3642420526593923e-14,0.02,27.5,500,5000
7.7604999999984186,0.07500000000000069,75.0000000000007,8,20,37,0.07499999999999933,74.99999999999933,5.3333333333333135,25.333333333333435,34.999999999999744,1.3642420526593923e-14,0.02,27.5,500,5000
7.770499999998413,0.07500000000000069,75.0000000000007,8,20,37,0.07499999999999933,74.99999999999933,5.3333333333333135,25.333333333333435,34.999999999999744,1.3642420526593923e-14,0.02,27.5,500,5000
7.7804999999984075,0.07500000000000069,75.0000000000007,8,20,37,0.07499999999999933,74.99999999999933,5.3333333333333135,25.333333333333435,34.999999999999744,1.3642420526593923e-14,0.02,27.5,500,5000
7.790499999998402,0.07500000000000069,75.0000000000007,8,20,37,0.07499999999999933,74.99999999999933,5.3333333333333135,25.333333333333435,34.999999999999744,1.3642420526593923e-14,0.02,27.5,500,5000
7.800499999998396,0.07500000000000069,75.0000000000007,8,20,37,0.07499999999999933,74.99999999999933,5.3333333333333135,25.333333333333435,34.999999999999744,1.3642420526593923e-14,0.02,27.5,500,5000
7.810499999998391,0.07500000000000069,75.0000000000007,8,20,37,0.07499999999999933,74.99999999999933,5.3333333333333135,25.333333333333435,34.999999999999744,1.3642420526593923e-14,0.02,27.5,500,5000
7.820499999998385,0.07500000000000069,75.0000000000007,8,20,37,0.07499999999999933,74.99999999999933,5.3333333333333135,25.333333333333435,34.999999999999744,1.3642420526593923e-14,0.02,27.5,500,5000
7.83049999999838,0.07500000000000069,75.0000000000007,8,20,37,0.07499999999999933,74.99999999999933,5.3333333333333135,25.333333333333435,34.999999999999744,1.3642420526593923e-14,0.02,27.5,500,5000
7.840499999998374,0.07500000000000069,75.0000000000007,8,20,37,0.07499999999999933,74.99999999999933,5.3333333333333135,25.333333333333435,34.999999999999744,1.3642420526593923e-14,0.02,27.5,500,5000
7.850499999998369,0.07500000000000069,75.0000000000007,8,20,37,0.07499999999999933,74.99999999999933,5.3333333333333135,25.333333333333435,34.999999999999744,1.3642420526593923e-14,0.02,27.5,500,5000
7.860499999998363,0.07500000000000069,75.0000000000007,8,20,37,0.07499999999999933,74.99999999999933,5.3333333333333135,25.333333333333435,34.999999999999744,1.3642420526593923e-14,0.02,27.5,500,5000
7.870499999998358,0.07500000000000069,75.0000000000007,8,20,37,0.07499999999999933,74.99999999999933,5.3333333333333135,25.333333333333435,34.999999999999744,1.3642420526593923e-14,0.02,27.5,500,5000
7.880499999998352,0.07500000000000069,75.0000000000007,8,20,37,0.07499999999999933,74.99999999999933,5.3333333333333135,25.333333333333435,34.999999999999744,1.3642420526593923e-14,0.02,27.5,500,5000
7.8904999999983465,0.07500000000000069,75.0000000000007,8,20,37,0.07499999999999933,74.99999999999933,5.3333333333333135,25.333333333333435,34.999999999999744,1.3642420526593923e-14,0.02,27.5,500,5000
7.900499999998341,0.07500000000000069,75.0000000000007,8,20,37,0.07499999999999933,74.99999999999933,5.3333333333333135,25.333333333333435,34.999999999999744,1.3642420526593923e-14,0.02,27.5,500,5000
7.910499999998335,0.07500000000000069,75.0000000000007,8,20,37,0.07499999999999933,74.99999999999933,5.3333333333333135,25.333333333333435,34.999999999999744,1.3642420526593923e-14,0.02,27.5,500,5000
7.92049999999833,0.07500000000000069,75.0000000000007,8,20,37,0.07499999999999933,74.99999999999933,5.3333333333333135,25.333333333333435,34.999999999999744,1.3642420526593923e-14,0.02,27.5,500,5000
7.930499999998324,0.07500000000000069,75.0000000000007,8,20,37,0.07499999999999933,74.99999999999933,5.3333333333333135,25.333333333333435,34.999999999999744,1.3642420526593923e-14,0.02,27.5,500,5000
7.940499999998319,0.07500000000000069,75.0000000000007,8,20,37,0.07499999999999933,74.99999999999933,5.3333333333333135,25.333333333333435,34.999999999999744,1.3642420526593923e-14,0.02,27.5,500,5000
7.950499999998313,0.07500000000000069,75.0000000000007,8,20,37,0.07499999999999933,74.99999999999933,5.3333333333333135,25.333333333333435,34.999999999999744,1.3642420526593923e-14,0.02,27.5,500,5000
7.960499999998308,0.07500000000000069,75.0000000000007,8,20,37,0.07499999999999933,74.99999999999933,5.3333333333333135,25.333333333333435,34.999999999999744,1.3642420526593923e-14,0.02,27.5,500,5000
7.970499999998302,0.07500000000000069,75.0000000000007,8,20,37,0.07499999999999933,74.99999999999933,5.3333333333333135,25.333333333333435,34.999999999999744,1.3642420526593923e-14,0.02,27.5,500,5000
7.980499999998297,0.07500000000000069,75.0000000000007,8,20,37,0.07499999999999933,74.99999999999933,5.3333333333333135,25.333333333333435,34.999999999999744,1.3642420526593923e-14,0.02,27.5,500,5000
7.990499999998291,0.07500000000000069,75.0000000000007,8,20,37,0.07499999999999933,74.99999999999933,5.3333333333333135,25.333333333333435,34.999999999999744,1.3642420526593923e-14,0.02,27.5,500,5000
8.000499999998286,0.07500000000000069,75.0000000000007,8,20,37,0.07499999999999933,74.99999999999933,5.3333333333333135,25.333333333333435,34.999999999999744,1.3642420526593923e-14,0.02,27.5,500,5000
8.010499999998299,0.07500000000000069,75.0000000000007,8,20,37,0.07499999999999933,74.99999999999933,5.3333333333333135,25.333333333333435,34.999999999999744,1.3642420526593923e-14,0.02,27.5,500,5000
8.02049999999831,0.07500000000000069,75.0000000000007,8,20,37,0.07499999999999933,74.99999999999933,5.3333333333333135,25.333333333333435,34.999999999999744,1.3642420526593923e-14,0.02,27.5,500,5000
8.030499999998323,0.07500000000000069,75.0000000000007,8,20,37,0.07499999999999933,74.99999999999933,5.3333333333333135,25.333333333333435,34.999999999999744,1.3642420526593923e-14,0.02,27.5,500,5000
8.040499999998335,0.07500000000000069,75.0000000000007,8,20,37,0.07499999999999933,74.99999999999933,5.3333333333333135,25.333333333333435,34.999999999999744,1.3642420526593923e-14,0.02,27.5,500,5000
8.050499999998348,0.07500000000000069,75.0000000000007,8,20,37,0.07499999999999933,74.99999999999933,5.3333333333333135,25.333333333333435,34.999999999999744,1.3642420526593923e-14,0.02,27.5,500,5000
8.06049999999836,0.07500000000000069,75.0000000000007,8,20,37,0.07499999999999933,74.99999999999933,5.3333333333333135,25.333333333333435,34.999999999999744,1.3642420526593923e-14,0.02,27.5,500,5000
8.070499999998372,0.07500000000000069,75.0000000000007,8,20,37,0.07499999999999933,74.99999999999933,5.3333333333333135,25.333333333333435,34.999999999999744,1.3642420526593923e-14,0.02,27.5,500,5000
8.080499999998384,0.07500000000000069,75.0000000000007,8,20,37,0.07499999999999933,74.99999999999933,5.3333333333333135,25.333333333333435,34.999999999999744,1.3642420526593923e-14,0.02,27.5,500,5000
8.090499999998396,0.07500000000000069,75.0000000000007,8,20,37,0.07499999999999933,74.99999999999933,5.3333333333333135,25.333333333333435,34.999999999999744,1.3642420526593923e-14,0.02,27.5,500,5000
8.100499999998409,0.07500000000000069,75.0000000000007,8,20,37,0.07499999999999933,74.99999999999933,5.3333333333333135,25.333333333333435,34.999999999999744,1.3642420526593923e-14,0.02,27.5,500,5000
8.11049999999842,0.07500000000000069,75.0000000000007,8,20,37,0.07499999999999933,74.99999999999933,5.3333333333333135,25.333333333333435,34.999999999999744,1.3642420526593923e-14,0.02,27.5,500,5000
8.120499999998433,0.07500000000000069,75.0000000000007,8,20,37,0.07499999999999933,74.99999999999933,5.3333333333333135,25.333333333333435,34.999999999999744,1.3642420526593923e-14,0.02,27.5,500,5000
8.130499999998445,0.07500000000000069,75.0000000000007,8,20,37,0.07499999999999933,74.99999999999933,5.3333333333333135,25.333333333333435,34.999999999999744,1.3642420526593923e-14,0.02,27.5,500,5000
8.140499999998458,0.07500000000000069,75.0000000000007,8,20,37,0.07499999999999933,74.99999999999933,5.3333333333333135,25.333333333333435,34.999999999999744,1.3642420526593923e-14,0.02,27.5,500,5000
8.15049999999847,0.07500000000000069,75.0000000000007,8,20,37,0.07499999999999933,74.99999999999933,5.3333333333333135,25.333333333333435,34.999999999999744,1.3642420526593923e-14,0.02,27.5,500,5000
8.160499999998482,0.07500000000000069,75.0000000000007,8,20,37,0.07499999999999933,74.99999999999933,5.3333333333333135,25.333333333333435,34.999999999999744,1.3642420526593923e-14,0.02,27.5,500,5000
8.170499999998494,0.07500000000000069,75.0000000000007,8,20,37,0.07499999999999933,74.99999999999933,5.3333333333333135,25.333333333333435,34.999999999999744,1.3642420526593923e-14,0.02,27.5,500,5000
8.180499999998506,0.07500000000000069,75.0000000000007,8,20,37,0.07499999999999933,74.99999999999933,5.3333333333333135,25.333333333333435,34.999999999999744,1.3642420526593923e-14,0.02,27.5,500,5000
8.190499999998519,0.07500000000000069,75.0000000000007,8,20,37,0.07499999999999933,74.99999999999933,5.3333333333333135,25.333333333333435,34.999999999999744,1.3642420526593923e-14,0.02,27.5,500,5000
8.20049999999853,0.07500000000000069,75.0000000000007,8,20,37,0.07499999999999933,74.99999999999933,5.3333333333333135,25.333333333333435,34.999999999999744,1.3642420526593923e-14,0.02,27.5,500,5000
8.210499999998543,0.07500000000000069,75.0000000000007,8,20,37,0.07499999999999933,74.99999999999933,5.3333333333333135,25.333333333333435,34.999999999999744,1.3642420526593923e-14,0.02,27.5,500,5000
8.220499999998555,0.07500000000000069,75.0000000000007,8,20,37,0.07499999999999933,74.99999999999933,5.3333333333333135,25.333333333333435,34.999999999999744,1.3642420526593923e-14,0.02,27.5,500,5000
8.230499999998568,0.07500000000000069,75.0000000000007,8,20,37,0.07499999999999933,74.99999999999933,5.3333333333333135,25.333333333333435,34.999999999999744,1.3642420526593923e-14,0.02,27.5,500,5000
8.24049999999858,0.07500000000000069,75.0000000000007,8,20,37,0.07499999999999933,74.99999999999933,5.3333333333333135,25.333333333333435,34.999999999999744,1.3642420526593923e-14,0.02,27.5,500,5000
8.250499999998592,0.07500000000000069,75.0000000000007,8,20,37,0.07499999999999933,74.99999999999933,5.3333333333333135,25.333333333333435,34.999999999999744,1.3642420526593923e-14,0.02,27.5,500,5000
8.260499999998604,0.07500000000000069,75.0000000000007,8,20,37,0.07499999999999933,74.99999999999933,5.3333333333333135,25.333333333333435,34.999999999999744,1.3642420526593923e-14,0.02,27.5,500,5000
8.270499999998616,0.07500000000000069,75.0000000000007,8,20,37,0.07499999999999933,74.99999999999933,5.3333333333333135,25.333333333333435,34.999999999999744,1.3642420526593923e-14,0.02,27.5,500,5000
8.280499999998629,0.07500000000000069,75.0000000000007,8,20,37,0.07499999999999933,74.99999999999933,5.3333333333333135,25.333333333333435,34.999999999999744,1.3642420526593923e-14,0.02,27.5,500,5000
8.29049999999864,0.07500000000000069,75.0000000000007,8,20,37,0.07499999999999933,74.99999999999933,5.3333333333333135,25.333333333333435,34.999999999999744,1.3642420526593923e-14,0.02,27.5,500,5000
8.300499999998653,0.07500000000000069,75.0000000000007,8,20,37,0.07499999999999933,74.99999999999933,5.3333333333333135,25.333333333333435,34.999999999999744,1.3642420526593923e-14,0.02,27.5,500,5000
8.310499999998665,0.07500000000000069,75.0000000000007,8,20,37,0.07499999999999933,74.99999999999933,5.3333333333333135,25.333333333333435,34.999999999999744,1.3642420526593923e-14,0.02,27.5,500,5000
8.320499999998678,0.07500000000000069,75.0000000000007,8,20,37,0.07499999999999933,74.99999999999933,5.3333333333333135,25.333333333333435,34.999999999999744,1.3642420526593923e-14,0.02,27.5,500,5000
8.33049999999869,0.07500000000000069,75.0000000000007,8,20,37,0.07499999999999933,74.99999999999933,5.3333333333333135,25.333333333333435,34.999999999999744,1.3642420526593923e-14,0.02,27.5,500,5000
8.340499999998702,0.07500000000000069,75.0000000000007,8,20,37,0.07499999999999933,74.99999999999933,5.3333333333333135,25.333333333333435,34.999999999999744,1.3642420526593923e-14,0.02,27.5,500,5000
8.350499999998714,0.07500000000000069,75.0000000000007,8,20,37,0.07499999999999933,74.99999999999933,5.3333333333333135,25.333333333333435,34.999999999999744,1.3642420526593923e-14,0.02,27.5,500,5000
8.360499999998726,0.07500000000000069,75.0000000000007,8,20,37,0.07499999999999933,74.99999999999933,5.3333333333333135,25.333333333333435,34.999999999999744,1.3642420526593923e-14,0.02,27.5,500,5000
8.370499999998739,0.07500000000000069,75.0000000000007,8,20,37,0.07499999999999933,74.99999999999933,5.3333333333333135,25.333333333333435,34.999999999999744,1.3642420526593923e-14,0.02,27.5,500,5000
8.38049999999875,0.07500000000000069,75.0000000000007,8,20,37,0.07499999999999933,74.99999999999933,5.3333333333333135,25.333333333333435,34.999999999999744,1.3642420526593923e-14,0.02,27.5,500,5000
8.390499999998763,0.07500000000000069,75.0000000000007,8,20,37,0.07499999999999933,74.99999999999933,5.3333333333333135,25.333333333333435,34.999999999999744,1.3642420526593923e-14,0.02,27.5,500,5000
8.400499999998775,0.07500000000000069,75.0000000000007,8,20,37,0.07499999999999933,74.99999999999933,5.3333333333333135,25.333333333333435,34.999999999999744,1.3642420526593923e-14,0.02,27.5,500,5000
8.410499999998788,0.07500000000000069,75.0000000000007,8,20,37,0.07499999999999933,74.99999999999933,5.3333333333333135,25.333333333333435,34.999999999999744,1.3642420526593923e-14,0.02,27.5,500,5000
8.4204999999988,0.07500000000000069,75.0000000000007,8,20,37,0.07499999999999933,74.99999999999933,5.3333333333333135,25.333333333333435,34.999999999999744,1.3642420526593923e-14,0.02,27.5,500,5000
8.430499999998812,0.07500000000000069,75.0000000000007,8,20,37,0.07499999999999933,74.99999999999933,5.3333333333333135,25.333333333333435,34.999999999999744,1.3642420526593923e-14,0.02,27.5,500,5000
8.440499999998824,0.07500000000000069,75.0000000000007,8,20,37,0.07499999999999933,74.99999999999933,5.3333333333333135,25.333333333333435,34.999999999999744,1.3642420526593923e-14,0.02,27.5,500,5000
8.450499999998836,0.07500000000000069,75.0000000000007,8,20,37,0.07499999999999933,74.99999999999933,5.3333333333333135,25.333333333333435,34.999999999999744,1.3642420526593923e-14,0.02,27.5,500,5000
8.460499999998849,0.07500000000000069,75.0000000000007,8,20,37,0.07499999999999933,74.99999999999933,5.3333333333333135,25.333333333333435,34.999999999999744,1.3642420526593923e-14,0.02,27.5,500,5000
8.47049999999886,0.07500000000000069,75.0000000000007,8,20,37,0.07499999999999933,74.99999999999933,5.3333333333333135,25.333333333333435,34.999999999999744,1.3642420526593923e-14,0.02,27.5,500,5000
8.480499999998873,0.07500000000000069,75.0000000000007,8,20,37,0.07499999999999933,74.99999999999933,5.3333333333333135,25.333333333333435,34.999999999999744,1.3642420526593923e-14,0.02,27.5,500,5000
8.490499999998885,0.07500000000000069,75.0000000000007,8,20,37,0.07499999999999933,74.99999999999933,5.3333333333333135,25.333333333333435,34.999999999999744,1.3642420526593923e-14,0.02,27.5,500,5000
8.500499999998897,0.07500000000000069,75.0000000000007,8,20,37,0.07499999999999933,74.99999999999933,5.3333333333333135,25.333333333333435,34.999999999999744,1.3642420526593923e-14,0.02,27.5,500,5000
8.51049999999891,0.07500000000000069,75.0000000000007,8,20,37,0.07499999999999933,74.99999999999933,5.3333333333333135,25.333333333333435,34.999999999999744,1.3642420526593923e-14,0.02,27.5,500,5000
8.520499999998922,0.07500000000000069,75.0000000000007,8,20,37,0.07499999999999933,74.99999999999933,5.3333333333333135,25.333333333333435,34.999999999999744,1.3642420526593923e-14,0.02,27.5,500,5000
8.530499999998934,0.07500000000000069,75.0000000000007,8,20,37,0.07499999999999933,74.99999999999933,5.3333333333333135,25.333333333333435,34.999999999999744,1.3642420526593923e-14,0.02,27.5,500,5000
8.540499999998946,0.07500000000000069,75.0000000000007,8,20,37,0.07499999999999933,74.99999999999933,5.3333333333333135,25.333333333333435,34.999999999999744,1.3642420526593923e-14,0.02,27.5,500,5000
8.550499999998959,0.07500000000000069,75.0000000000007,8,20,37,0.07499999999999933,74.99999999999933,5.3333333333333135,25.333333333333435,34.999999999999744,1.3642420526593923e-14,0.02,27.5,500,5000
8.56049999999897,0.07500000000000069,75.0000000000007,8,20,37,0.07499999999999933,74.99999999999933,5.3333333333333135,25.333333333333435,34.999999999999744,1.3642420526593923e-14,0.02,27.5,500,5000
8.570499999998983,0.07500000000000069,75.0000000000007,8,20,37,0.07499999999999933,74.99999999999933,5.3333333333333135,25.333333333333435,34.999999999999744,1.3642420526593923e-14,0.02,27.5,500,5000
8.580499999998995,0.07500000000000069,75.0000000000007,8,20,37,0.07499999999999933,74.99999999999933,5.3333333333333135,25.333333333333435,34.999999999999744,1.3642420526593923e-14,0.02,27.5,500,5000
8.590499999999007,0.07500000000000069,75.0000000000007,8,20,37,0.07499999999999933,74.99999999999933,5.3333333333333135,25.333333333333435,34.999999999999744,1.3642420526593923e-14,0.02,27.5,500,5000
8.60049999999902,0.07500000000000069,75.0000000000007,8,20,37,0.07499999999999933,74.99999999999933,5.3333333333333135,25.333333333333435,34.999999999999744,1.3642420526593923e-14,0.02,27.5,500,5000
8.610499999999032,0.07500000000000069,75.0000000000007,8,20,37,0.07499999999999933,74.99999999999933,5.3333333333333135,25.333333333333435,34.999999999999744,1.3642420526593923e-14,0.02,27.5,500,5000
8.620499999999044,0.07500000000000069,75.0000000000007,8,20,37,0.07499999999999933,74.99999999999933,5.3333333333333135,25.333333333333435,34.999999999999744,1.3642420526593923e-14,0.02,27.5,500,5000
8.630499999999056,0.07500000000000069,75.0000000000007,8,20,37,0.07499999999999933,74.99999999999933,5.3333333333333135,25.333333333333435,34.999999999999744,1.3642420526593923e-14,0.02,27.5,500,5000
8.640499999999069,0.07500000000000069,75.0000000000007,8,20,37,0.07499999999999933,74.99999999999933,5.3333333333333135,25.333333333333435,34.999999999999744,1.3642420526593923e-14,0.02,27.5,500,5000
8.65049999999908,0.07500000000000069,75.0000000000007,8,20,37,0.07499999999999933,74.99999999999933,5.3333333333333135,25.333333333333435,34.999999999999744,1.3642420526593923e-14,0.02,27.5,500,5000
8.660499999999093,0.07500000000000069,75.0000000000007,8,20,37,0.07499999999999933,74.99999999999933,5.3333333333333135,25.333333333333435,34.999999999999744,1.3642420526593923e-14,0.02,27.5,500,5000
8.670499999999105,0.07500000000000069,75.0000000000007,8,20,37,0.07499999999999933,74.99999999999933,5.3333333333333135,25.333333333333435,34.999999999999744,1.3642420526593923e-14,0.02,27.5,500,5000
8.680499999999117,0.07500000000000069,75.0000000000007,8,20,37,0.07499999999999933,74.99999999999933,5.3333333333333135,25.333333333333435,34.999999999999744,1.3642420526593923e-14,0.02,27.5,500,5000
8.69049999999913,0.07500000000000069,75.0000000000007,8,20,37,0.07499999999999933,74.99999999999933,5.3333333333333135,25.333333333333435,34.999999999999744,1.3642420526593923e-14,0.02,27.5,500,5000
8.700499999999142,0.07500000000000069,75.0000000000007,8,20,37,0.07499999999999933,74.99999999999933,5.3333333333333135,25.333333333333435,34.999999999999744,1.3642420526593923e-14,0.02,27.5,500,5000
8.710499999999154,0.07500000000000069,75.0000000000007,8,20,37,0.07499999999999933,74.99999999999933,5.3333333333333135,25.333333333333435,34.999999999999744,1.3642420526593923e-14,0.02,27.5,500,5000
8.720499999999166,0.07500000000000069,75.0000000000007,8,20,37,0.07499999999999933,74.99999999999933,5.3333333333333135,25.333333333333435,34.999999999999744,1.3642420526593923e-14,0.02,27.5,500,5000
8.730499999999179,0.07500000000000069,75.0000000000007,8,20,37,0.07499999999999933,74.99999999999933,5.3333333333333135,25.333333333333435,34.999999999999744,1.3642420526593923e-14,0.02,27.5,500,5000
8.74049999999919,0.07500000000000069,75.0000000000007,8,20,37,0.07499999999999933,74.99999999999933,5.3333333333333135,25.333333333333435,34.999999999999744,1.3642420526593923e-14,0.02,27.5,500,5000
8.750499999999203,0.07500000000000069,75.0000000000007,8,20,37,0.07499999999999933,74.99999999999933,5.3333333333333135,25.333333333333435,34.999999999999744,1.3642420526593923e-14,0.02,27.5,500,5000
8.760499999999215,0.07500000000000069,75.0000000000007,8,20,37,0.07499999999999933,74.99999999999933,5.3333333333333135,25.333333333333435,34.999999999999744,1.3642420526593923e-14,0.02,27.5,500,5000
8.770499999999227,0.07500000000000069,75.0000000000007,8,20,37,0.07499999999999933,74.99999999999933,5.3333333333333135,25.333333333333435,34.999999999999744,1.3642420526593923e-14,0.02,27.5,500,5000
8.78049999999924,0.07500000000000069,75.0000000000007,8,20,37,0.07499999999999933,74.99999999999933,5.3333333333333135,25.333333333333435,34.999999999999744,1.3642420526593923e-14,0.02,27.5,500,5000
8.790499999999252,0.07500000000000069,75.0000000000007,8,20,37,0.07499999999999933,74.99999999999933,5.3333333333333135,25.333333333333435,34.999999999999744,1.3642420526593923e-14,0.02,27.5,500,5000
8.800499999999264,0.07500000000000069,75.0000000000007,8,20,37,0.07499999999999933,74.99999999999933,5.3333333333333135,25.333333333333435,34.999999999999744,1.3642420526593923e-14,0.02,27.5,500,5000
8.810499999999276,0.07500000000000069,75.0000000000007,8,20,37,0.07499999999999933,74.99999999999933,5.3333333333333135,25.333333333333435,34.999999999999744,1.3642420526593923e-14,0.02,27.5,500,5000
8.820499999999289,0.07500000000000069,75.0000000000007,8,20,37,0.07499999999999933,74.99999999999933,5.3333333333333135,25.333333333333435,34.999999999999744,1.3642420526593923e-14,0.02,27.5,500,5000
8.8304999999993,0.07500000000000069,75.0000000000007,8,20,37,0.07499999999999933,74.99999999999933,5.3333333333333135,25.333333333333435,34.999999999999744,1.3642420526593923e-14,0.02,27.5,500,5000
8.840499999999313,0.07500000000000069,75.0000000000007,8,20,37,0.07499999999999933,74.99999999999933,5.3333333333333135,25.333333333333435,34.999999999999744,1.3642420526593923e-14,0.02,27.5,500,5000
8.850499999999325,0.07500000000000069,75.0000000000007,8,20,37,0.07499999999999933,74.99999999999933,5.3333333333333135,25.333333333333435,34.999999999999744,1.3642420526593923e-14,0.02,27.5,500,5000
8.860499999999337,0.07500000000000069,75.0000000000007,8,20,37,0.07499999999999933,74.99999999999933,5.3333333333333135,25.333333333333435,34.999999999999744,1.3642420526593923e-14,0.02,27.5,500,5000
8.87049999999935,0.07500000000000069,75.0000000000007,8,20,37,0.07499999999999933,74.99999999999933,5.3333333333333135,25.333333333333435,34.999999999999744,1.3642420526593923e-14,0.02,27.5,500,5000
8.880499999999362,0.07500000000000069,75.0000000000007,8,20,37,0.07499999999999933,74.99999999999933,5.3333333333333135,25.333333333333435,34.999999999999744,1.3642420526593923e-14,0.02,27.5,500,5000
8.890499999999374,0.07500000000000069,75.0000000000007,8,20,37,0.07499999999999933,74.99999999999933,5.3333333333333135,25.333333333333435,34.999999999999744,1.3642420526593923e-14,0.02,27.5,500,5000
8.900499999999386,0.07500000000000069,75.0000000000007,8,20,37,0.07499999999999933,74.99999999999933,5.3333333333333135,25.333333333333435,34.999999999999744,1.3642420526593923e-14,0.02,27.5,500,5000
8.910499999999399,0.07500000000000069,75.0000000000007,8,20,37,0.07499999999999933,74.99999999999933,5.3333333333333135,25.333333333333435,34.999999999999744,1.3642420526593923e-14,0.02,27.5,500,5000
8.92049999999941,0.07500000000000069,75.0000000000007,8,20,37,0.07499999999999933,74.99999999999933,5.3333333333333135,25.333333333333435,34.999999999999744,1.3642420526593923e-14,0.02,27.5,500,5000
8.930499999999423,0.07500000000000069,75.0000000000007,8,20,37,0.07499999999999933,74.99999999999933,5.3333333333333135,25.333333333333435,34.999999999999744,1.3642420526593923e-14,0.02,27.5,500,5000
8.940499999999435,0.07500000000000069,75.0000000000007,8,20,37,0.07499999999999933,74.99999999999933,5.3333333333333135,25.333333333333435,34.999999999999744,1.3642420526593923e-14,0.02,27.5,500,5000
8.950499999999447,0.07500000000000069,75.0000000000007,8,20,37,0.07499999999999933,74.99999999999933,5.3333333333333135,25.333333333333435,34.999999999999744,1.3642420526593923e-14,0.02,27.5,500,5000
8.96049999999946,0.07500000000000069,75.0000000000007,8,20,37,0.07499999999999933,74.99999999999933,5.3333333333333135,25.333333333333435,34.999999999999744,1.3642420526593923e-14,0.02,27.5,500,5000
8.970499999999472,0.07500000000000069,75.0000000000007,8,20,37,0.07499999999999933,74.99999999999933,5.3333333333333135,25.333333333333435,34.999999999999744,1.3642420526593923e-14,0.02,27.5,500,5000
8.980499999999484,0.07500000000000069,75.0000000000007,8,20,37,0.07499999999999933,74.99999999999933,5.3333333333333135,25.333333333333435,34.999999999999744,1.3642420526593923e-14,0.02,27.5,500,5000
8.990499999999496,0.07500000000000069,75.0000000000007,8,20,37,0.07499999999999933,74.99999999999933,5.3333333333333135,25.333333333333435,34.999999999999744,1.3642420526593923e-14,0.02,27.5,500,5000
9.000499999999509,0.07500000000000069,75.0000000000007,8,20,37,0.07499999999999933,74.99999999999933,5.3333333333333135,25.333333333333435,34.999999999999744,1.3642420526593923e-14,0.02,27.5,500,5000
9.01049999999952,0.07500000000000069,75.0000000000007,8,20,37,0.07499999999999933,74.99999999999933,5.3333333333333135,25.333333333333435,34.999999999999744,1.3642420526593923e-14,0.02,27.5,500,5000
9.020499999999533,0.07500000000000069,75.0000000000007,8,20,37,0.07499999999999933,74.99999999999933,5.3333333333333135,25.333333333333435,34.999999999999744,1.3642420526593923e-14,0.02,27.5,500,5000
9.030499999999545,0.07500000000000069,75.0000000000007,8,20,37,0.07499999999999933,74.99999999999933,5.3333333333333135,25.333333333333435,34.999999999999744,1.3642420526593923e-14,0.02,27.5,500,5000
9.040499999999557,0.07500000000000069,75.0000000000007,8,20,37,0.07499999999999933,74.99999999999933,5.3333333333333135,25.333333333333435,34.999999999999744,1.3642420526593923e-14,0.02,27.5,500,5000
9.05049999999957,0.07500000000000069,75.0000000000007,8,20,37,0.07499999999999933,74.99999999999933,5.3333333333333135,25.333333333333435,34.999999999999744,1.3642420526593923e-14,0.02,27.5,500,5000
9.060499999999582,0.07500000000000069,75.0000000000007,8,20,37,0.07499999999999933,74.99999999999933,5.3333333333333135,25.333333333333435,34.999999999999744,1.3642420526593923e-14,0.02,27.5,500,5000
9.070499999999594,0.07500000000000069,75.0000000000007,8,20,37,0.07499999999999933,74.99999999999933,5.3333333333333135,25.333333333333435,34.999999999999744,1.3642420526593923e-14,0.02,27.5,500,5000
9.080499999999606,0.07500000000000069,75.0000000000007,8,20,37,0.07499999999999933,74.99999999999933,5.3333333333333135,25.333333333333435,34.999999999999744,1.3642420526593923e-14,0.02,27.5,500,5000
9.090499999999619,0.07500000000000069,75.0000000000007,8,20,37,0.07499999999999933,74.99999999999933,5.3333333333333135,25.333333333333435,34.999999999999744,1.3642420526593923e-14,0.02,27.5,500,5000
9.10049999999963,0.07500000000000069,75.0000000000007,8,20,37,0.07499999999999933,74.99999999999933,5.3333333333333135,25.333333333333435,34.999999999999744,1.3642420526593923e-14,0.02,27.5,500,5000
9.110499999999643,0.07500000000000069,75.0000000000007,8,20,37,0.07499999999999933,74.99999999999933,5.3333333333333135,25.333333333333435,34.999999999999744,1.3642420526593923e-14,0.02,27.5,500,5000
9.120499999999655,0.07500000000000069,75.0000000000007,8,20,37,0.07499999999999933,74.99999999999933,5.3333333333333135,25.333333333333435,34.999999999999744,1.3642420526593923e-14,0.02,27.5,500,5000
9.130499999999667,0.07500000000000069,75.0000000000007,8,20,37,0.07499999999999933,74.99999999999933,5.3333333333333135,25.333333333333435,34.999999999999744,1.3642420526593923e-14,0.02,27.5,500,5000
9.14049999999968,0.07500000000000069,75.0000000000007,8,20,37,0.07499999999999933,74.99999999999933,5.3333333333333135,25.333333333333435,34.999999999999744,1.3642420526593923e-14,0.02,27.5,500,5000
9.150499999999692,0.07500000000000069,75.0000000000007,8,20,37,0.07499999999999933,74.99999999999933,5.3333333333333135,25.333333333333435,34.999999999999744,1.3642420526593923e-14,0.02,27.5,500,5000
9.160499999999704,0.07500000000000069,75.0000000000007,8,20,37,0.07499999999999933,74.99999999999933,5.3333333333333135,25.333333333333435,34.999999999999744,1.3642420526593923e-14,0.02,27.5,500,5000
9.170499999999716,0.07500000000000069,75.0000000000007,8,20,37,0.07499999999999933,74.99999999999933,5.3333333333333135,25.333333333333435,34.999999999999744,1.3642420526593923e-14,0.02,27.5,500,5000
9.180499999999729,0.07500000000000069,75.0000000000007,8,20,37,0.07499999999999933,74.99999999999933,5.3333333333333135,25.333333333333435,34.999999999999744,1.3642420526593923e-14,0.02,27.5,500,5000
9.19049999999974,0.07500000000000069,75.0000000000007,8,20,37,0.07499999999999933,74.99999999999933,5.3333333333333135,25.333333333333435,34.999999999999744,1.3642420526593923e-14,0.02,27.5,500,5000
9.200499999999753,0.07500000000000069,75.0000000000007,8,20,37,0.07499999999999933,74.99999999999933,5.3333333333333135,25.333333333333435,34.999999999999744,1.3642420526593923e-14,0.02,27.5,500,5000
9.210499999999765,0.07500000000000069,75.0000000000007,8,20,37,0.07499999999999933,74.99999999999933,5.3333333333333135,25.333333333333435,34.999999999999744,1.3642420526593923e-14,0.02,27.5,500,5000
9.220499999999777,0.07500000000000069,75.0000000000007,8,20,37,0.07499999999999933,74.99999999999933,5.3333333333333135,25.333333333333435,34.999999999999744,1.3642420526593923e-14,0.02,27.5,500,5000
9.23049999999979,0.07500000000000069,75.0000000000007,8,20,37,0.07499999999999933,74.99999999999933,5.3333333333333135,25.333333333333435,34.999999999999744,1.3642420526593923e-14,0.02,27.5,500,5000
9.240499999999802,0.07500000000000069,75.0000000000007,8,20,37,0.07499999999999933,74.99999999999933,5.3333333333333135,25.333333333333435,34.999999999999744,1.3642420526593923e-14,0.02,27.5,500,5000
9.250499999999814,0.07500000000000069,75.0000000000007,8,20,37,0.07499999999999933,74.99999999999933,5.3333333333333135,25.333333333333435,34.999999999999744,1.3642420526593923e-14,0.02,27.5,500,5000
9.260499999999826,0.07500000000000069,75.0000000000007,8,20,37,0.07499999999999933,74.99999999999933,5.3333333333333135,25.333333333333435,34.999999999999744,1.3642420526593923e-14,0.02,27.5,500,5000
9.270499999999839,0.07500000000000069,75.0000000000007,8,20,37,0.07499999999999933,74.99999999999933,5.3333333333333135,25.333333333333435,34.999999999999744,1.3642420526593923e-14,0.02,27.5,500,5000
9.28049999999985,0.07500000000000069,75.0000000000007,8,20,37,0.07499999999999933,74.99999999999933,5.3333333333333135,25.333333333333435,34.999999999999744,1.3642420526593923e-14,0.02,27.5,500,5000
9.290499999999863,0.07500000000000069,75.0000000000007,8,20,37,0.07499999999999933,74.99999999999933,5.3333333333333135,25.333333333333435,34.999999999999744,1.3642420526593923e-14,0.02,27.5,500,5000
9.300499999999875,0.07500000000000069,75.0000000000007,8,20,37,0.07499999999999933,74.99999999999933,5.3333333333333135,25.333333333333435,34.999999999999744,1.3642420526593923e-14,0.02,27.5,500,5000
9.310499999999887,0.07500000000000069,75.0000000000007,8,20,37,0.07499999999999933,74.99999999999933,5.3333333333333135,25.333333333333435,34.999999999999744,1.3642420526593923e-14,0.02,27.5,500,5000
9.3204999999999,0.07500000000000069,75.0000000000007,8,20,37,0.07499999999999933,74.99999999999933,5.3333333333333135,25.333333333333435,34.999999999999744,1.3642420526593923e-14,0.02,27.5,500,5000
9.330499999999912,0.07500000000000069,75.0000000000007,8,20,37,0.07499999999999933,74.99999999999933,5.3333333333333135,25.333333333333435,34.999999999999744,1.3642420526593923e-14,0.02,27.5,500,5000
9.340499999999924,0.07500000000000069,75.0000000000007,8,20,37,0.07499999999999933,74.99999999999933,5.3333333333333135,25.333333333333435,34.999999999999744,1.3642420526593923e-14,0.02,27.5,500,5000
9.350499999999936,0.07500000000000069,75.0000000000007,8,20,37,0.07499999999999933,74.99999999999933,5.3333333333333135,25.333333333333435,34.999999999999744,1.3642420526593923e-14,0.02,27.5,500,5000
9.360499999999949,0.07500000000000069,75.0000000000007,8,20,37,0.07499999999999933,74.99999999999933,5.3333333333333135,25.333333333333435,34.999999999999744,1.3642420526593923e-14,0.02,27.5,500,5000
9.37049999999996,0.07500000000000069,75.0000000000007,8,20,37,0.07499999999999933,74.99999999999933,5.3333333333333135,25.333333333333435,34.999999999999744,1.3642420526593923e-14,0.02,27.5,500,5000
9.380499999999973,0.07500000000000069,75.0000000000007,8,20,37,0.07499999999999933,74.99999999999933,5.3333333333333135,25.333333333333435,34.999999999999744,1.3642420526593923e-14,0.02,27.5,500,5000
9.390499999999985,0.07500000000000069,75.0000000000007,8,20,37,0.07499999999999933,74.99999999999933,5.3333333333333135,25.333333333333435,34.999999999999744,1.3642420526593923e-14,0.02,27.5,500,5000
9.400499999999997,0.07500000000000069,75.0000000000007,8,20,37,0.07499999999999933,74.99999999999933,5.3333333333333135,25.333333333333435,34.999999999999744,1.3642420526593923e-14,0.02,27.5,500,5000
9.41050000000001,0.07500000000000069,75.0000000000007,8,20,37,0.07499999999999933,74.99999999999933,5.3333333333333135,25.333333333333435,34.999999999999744,1.3642420526593923e-14,0.02,27.5,500,5000
9.420500000000022,0.07500000000000069,75.0000000000007,8,20,37,0.07499999999999933,74.99999999999933,5.3333333333333135,25.333333333333435,34.999999999999744,1.3642420526593923e-14,0.02,27.5,500,5000
9.430500000000034,0.07500000000000069,75.0000000000007,8,20,37,0.07499999999999933,74.99999999999933,5.3333333333333135,25.333333333333435,34.999999999999744,1.3642420526593923e-14,0.02,27.5,500,5000
9.440500000000046,0.07500000000000069,75.0000000000007,8,20,37,0.07499999999999933,74.99999999999933,5.3333333333333135,25.333333333333435,34.999999999999744,1.3642420526593923e-14,0.02,27.5,500,5000
9.450500000000059,0.07500000000000069,75.0000000000007,8,20,37,0.07499999999999933,74.99999999999933,5.3333333333333135,25.333333333333435,34.999999999999744,1.3642420526593923e-14,0.02,27.5,500,5000
9.46050000000007,0.07500000000000069,75.0000000000007,8,20,37,0.07499999999999933,74.99999999999933,5.3333333333333135,25.333333333333435,34.999999999999744,1.3642420526593923e-14,0.02,27.5,500,5000
9.470500000000083,0.07500000000000069,75.0000000000007,8,20,37,0.07499999999999933,74.99999999999933,5.3333333333333135,25.333333333333435,34.999999999999744,1.3642420526593923e-14,0.02,27.5,500,5000
9.480500000000095,0.07500000000000069,75.0000000000007,8,20,37,0.07499999999999933,74.99999999999933,5.3333333333333135,25.333333333333435,34.999999999999744,1.3642420526593923e-14,0.02,27.5,500,5000
9.490500000000107,0.07500000000000069,75.0000000000007,8,20,37,0.07499999999999933,74.99999999999933,5.3333333333333135,25.333333333333435,34.999999999999744,1.3642420526593923e-14,0.02,27.5,500,5000
9.50050000000012,0.07500000000000069,75.0000000000007,8,20,37,0.07499999999999933,74.99999999999933,5.3333333333333135,25.333333333333435,34.999999999999744,1.3642420526593923e-14,0.02,27.5,500,5000
9.510500000000132,0.07500000000000069,75.0000000000007,8,20,37,0.07499999999999933,74.99999999999933,5.3333333333333135,25.333333333333435,34.999999999999744,1.3642420526593923e-14,0.02,27.5,500,5000
9.520500000000144,0.07500000000000069,75.0000000000007,8,20,37,0.07499999999999933,74.99999999999933,5.3333333333333135,25.333333333333435,34.999999999999744,1.3642420526593923e-14,0.02,27.5,500,5000
9.530500000000156,0.07500000000000069,75.0000000000007,8,20,37,0.07499999999999933,74.99999999999933,5.3333333333333135,25.333333333333435,34.999999999999744,1.3642420526593923e-14,0.02,27.5,500,5000
9.540500000000169,0.07500000000000069,75.0000000000007,8,20,37,0.07499999999999933,74.99999999999933,5.3333333333333135,25.333333333333435,34.999999999999744,1.3642420526593923e-14,0.02,27.5,500,5000
9.55050000000018,0.07500000000000069,75.0000000000007,8,20,37,0.07499999999999933,74.99999999999933,5.3333333333333135,25.333333333333435,34.999999999999744,1.3642420526593923e-14,0.02,27.5,500,5000
9.560500000000193,0.07500000000000069,75.0000000000007,8,20,37,0.07499999999999933,74.99999999999933,5.3333333333333135,25.333333333333435,34.999999999999744,1.3642420526593923e-14,0.02,27.5,500,5000
9.570500000000205,0.07500000000000069,75.0000000000007,8,20,37,0.07499999999999933,74.99999999999933,5.3333333333333135,25.333333333333435,34.999999999999744,1.3642420526593923e-14,0.02,27.5,500,5000
9.580500000000217,0.07500000000000069,75.0000000000007,8,20,37,0.07499999999999933,74.99999999999933,5.3333333333333135,25.333333333333435,34.999999999999744,1.3642420526593923e-14,0.02,27.5,500,5000
9.59050000000023,0.07500000000000069,75.0000000000007,8,20,37,0.07499999999999933,74.99999999999933,5.3333333333333135,25.333333333333435,34.999999999999744,1.3642420526593923e-14,0.02,27.5,500,5000
9.600500000000242,0.07500000000000069,75.0000000000007,8,20,37,0.07499999999999933,74.99999999999933,5.3333333333333135,25.333333333333435,34.999999999999744,1.3642420526593923e-14,0.02,27.5,500,5000
9.610500000000254,0.07500000000000069,75.0000000000007,8,20,37,0.07499999999999933,74.99999999999933,5.3333333333333135,25.333333333333435,34.999999999999744,1.3642420526593923e-14,0.02,27.5,500,5000
9.620500000000266,0.07500000000000069,75.0000000000007,8,20,37,0.07499999999999933,74.99999999999933,5.3333333333333135,25.333333333333435,34.999999999999744,1.3642420526593923e-14,0.02,27.5,500,5000
9.630500000000279,0.07500000000000069,75.0000000000007,8,20,37,0.07499999999999933,74.99999999999933,5.3333333333333135,25.333333333333435,34.999999999999744,1.3642420526593923e-14,0.02,27.5,500,5000
9.64050000000029,0.07500000000000069,75.0000000000007,8,20,37,0.07499999999999933,74.99999999999933,5.3333333333333135,25.333333333333435,34.999999999999744,1.3642420526593923e-14,0.02,27.5,500,5000
9.650500000000303,0.07500000000000069,75.0000000000007,8,20,37,0.07499999999999933,74.99999999999933,5.3333333333333135,25.333333333333435,34.999999999999744,1.3642420526593923e-14,0.02,27.5,500,5000
9.660500000000315,0.07500000000000069,75.0000000000007,8,20,37,0.07499999999999933,74.99999999999933,5.3333333333333135,25.333333333333435,34.999999999999744,1.3642420526593923e-14,0.02,27.5,500,5000
9.670500000000327,0.07500000000000069,75.0000000000007,8,20,37,0.07499999999999933,74.99999999999933,5.3333333333333135,25.333333333333435,34.999999999999744,1.3642420526593923e-14,0.02,27.5,500,5000
9.68050000000034,0.07500000000000069,75.0000000000007,8,20,37,0.07499999999999933,74.99999999999933,5.3333333333333135,25.333333333333435,34.999999999999744,1.3642420526593923e-14,0.02,27.5,500,5000
9.690500000000352,0.07500000000000069,75.0000000000007,8,20,37,0.07499999999999933,74.99999999999933,5.3333333333333135,25.333333333333435,34.999999999999744,1.3642420526593923e-14,0.02,27.5,500,5000
9.700500000000364,0.07500000000000069,75.0000000000007,8,20,37,0.07499999999999933,74.99999999999933,5.3333333333333135,25.333333333333435,34.999999999999744,1.3642420526593923e-14,0.02,27.5,500,5000
9.710500000000376,0.07500000000000069,75.0000000000007,8,20,37,0.07499999999999933,74.99999999999933,5.3333333333333135,25.333333333333435,34.999999999999744,1.3642420526593923e-14,0.02,27.5,500,5000
9.720500000000388,0.07500000000000069,75.0000000000007,8,20,37,0.07499999999999933,74.99999999999933,5.3333333333333135,25.333333333333435,34.999999999999744,1.3642420526593923e-14,0.02,27.5,500,5000
9.7305000000004,0.07500000000000069,75.0000000000007,8,20,37,0.07499999999999933,74.99999999999933,5.3333333333333135,25.333333333333435,34.999999999999744,1.3642420526593923e-14,0.02,27.5,500,5000
9.740500000000413,0.07500000000000069,75.0000000000007,8,20,37,0.07499999999999933,74.99999999999933,5.3333333333333135,25.333333333333435,34.999999999999744,1.3642420526593923e-14,0.02,27.5,500,5000
9.750500000000425,0.07500000000000069,75.0000000000007,8,20,37,0.07499999999999933,74.99999999999933,5.3333333333333135,25.333333333333435,34.999999999999744,1.3642420526593923e-14,0.02,27.5,500,5000
9.760500000000437,0.07500000000000069,75.0000000000007,8,20,37,0.07499999999999933,74.99999999999933,5.3333333333333135,25.333333333333435,34.999999999999744,1.3642420526593923e-14,0.02,27.5,500,5000
9.77050000000045,0.07500000000000069,75.0000000000007,8,20,37,0.07499999999999933,74.99999999999933,5.3333333333333135,25.333333333333435,34.999999999999744,1.3642420526593923e-14,0.02,27.5,500,5000
9.780500000000462,0.07500000000000069,75.0000000000007,8,20,37,0.07499999999999933,74.99999999999933,5.3333333333333135,25.333333333333435,34.999999999999744,1.3642420526593923e-14,0.02,27.5,500,5000
9.790500000000474,0.07500000000000069,75.0000000000007,8,20,37,0.07499999999999933,74.99999999999933,5.3333333333333135,25.333333333333435,34.999999999999744,1.3642420526593923e-14,0.02,27.5,500,5000
9.800500000000486,0.07500000000000069,75.0000000000007,8,20,37,0.07499999999999933,74.99999999999933,5.3333333333333135,25.333333333333435,34.999999999999744,1.3642420526593923e-14,0.02,27.5,500,5000
9.810500000000498,0.07500000000000069,75.0000000000007,8,20,37,0.07499999999999933,74.99999999999933,5.3333333333333135,25.333333333333435,34.999999999999744,1.3642420526593923e-14,0.02,27.5,500,5000
9.82050000000051,0.07500000000000069,75.0000000000007,8,20,37,0.07499999999999933,74.99999999999933,5.3333333333333135,25.333333333333435,34.999999999999744,1.3642420526593923e-14,0.02,27.5,500,5000
9.830500000000523,0.07500000000000069,75.0000000000007,8,20,37,0.07499999999999933,74.99999999999933,5.3333333333333135,25.333333333333435,34.999999999999744,1.3642420526593923e-14,0.02,27.5,500,5000
9.840500000000535,0.07500000000000069,75.0000000000007,8,20,37,0.07499999999999933,74.99999999999933,5.3333333333333135,25.333333333333435,34.999999999999744,1.3642420526593923e-14,0.02,27.5,500,5000
9.850500000000547,0.07500000000000069,75.0000000000007,8,20,37,0.07499999999999933,74.99999999999933,5.3333333333333135,25.333333333333435,34.999999999999744,1.3642420526593923e-14,0.02,27.5,500,5000
9.86050000000056,0.07500000000000069,75.0000000000007,8,20,37,0.07499999999999933,74.99999999999933,5.3333333333333135,25.333333333333435,34.999999999999744,1.3642420526593923e-14,0.02,27.5,500,5000
9.870500000000572,0.07500000000000069,75.0000000000007,8,20,37,0.07499999999999933,74.99999999999933,5.3333333333333135,25.333333333333435,34.999999999999744,1.3642420526593923e-14,0.02,27.5,500,5000
9.880500000000584,0.07500000000000069,75.0000000000007,8,20,37,0.07499999999999933,74.99999999999933,5.3333333333333135,25.333333333333435,34.999999999999744,1.3642420526593923e-14,0.02,27.5,500,5000
9.890500000000596,0.07500000000000069,75.0000000000007,8,20,37,0.07499999999999933,74.99999999999933,5.3333333333333135,25.333333333333435,34.999999999999744,1.3642420526593923e-14,0.02,27.5,500,5000
9.900500000000608,0.07500000000000069,75.0000000000007,8,20,37,0.07499999999999933,74.99999999999933,5.3333333333333135,25.333333333333435,34.999999999999744,1.3642420526593923e-14,0.02,27.5,500,5000
9.91050000000062,0.07500000000000069,75.0000000000007,8,20,37,0.07499999999999933,74.99999999999933,5.3333333333333135,25.333333333333435,34.999999999999744,1.3642420526593923e-14,0.02,27.5,500,5000
9.920500000000633,0.07500000000000069,75.0000000000007,8,20,37,0.07499999999999933,74.99999999999933,5.3333333333333135,25.333333333333435,34.999999999999744,1.3642420526593923e-14,0.02,27.5,500,5000
9.930500000000645,0.07500000000000069,75.0000000000007,8,20,37,0.07499999999999933,74.99999999999933,5.3333333333333135,25.333333333333435,34.999999999999744,1.3642420526593923e-14,0.02,27.5,500,5000
9.940500000000657,0.07500000000000069,75.0000000000007,8,20,37,0.07499999999999933,74.99999999999933,5.3333333333333135,25.333333333333435,34.999999999999744,1.3642420526593923e-14,0.02,27.5,500,5000
9.95050000000067,0.07500000000000069,75.0000000000007,8,20,37,0.07499999999999933,74.99999999999933,5.3333333333333135,25.333333333333435,34.999999999999744,1.3642420526593923e-14,0.02,27.5,500,5000
9.960500000000682,0.07500000000000069,75.0000000000007,8,20,37,0.07499999999999933,74.99999999999933,5.3333333333333135,25.333333333333435,34.999999999999744,1.3642420526593923e-14,0.02,27.5,500,5000
9.970500000000694,0.07500000000000069,75.0000000000007,8,20,37,0.07499999999999933,74.99999999999933,5.3333333333333135,25.333333333333435,34.999999999999744,1.3642420526593923e-14,0.02,27.5,500,5000
9.980500000000706,0.07500000000000069,75.0000000000007,8,20,37,0.07499999999999933,74.99999999999933,5.3333333333333135,25.333333333333435,34.999999999999744,1.3642420526593923e-14,0.02,27.5,500,5000
9.990500000000718,0.07500000000000069,75.0000000000007,8,20,37,0.07499999999999933,74.99999999999933,5.3333333333333135,25.333333333333435,34.999999999999744,1.3642420526593923e-14,0.02,27.5,500,5000
