t,Heart.heart_rate_measured,Heart.cardiac_cycle_state,Heart.ecg_signal,LV.pres,LV.vol,RV.pres,RV.vol,AA.pres,AA.vol,PA.pres,PA.vol,AA.ph,AA.pco2,AA.po2
489.0005,120.60301507537679,0,0.0,63.54810945932543,0.0067136822301416795,36.33177681666781,0.008274165399630502,58.88726664473323,0.006242912198073117,32.737223189249484,0.008155151245443006,7.628024943008108,22.522289967026502,121.55054933274413
489.01049999999975,59.97001499250375,0,0.0,67.86669037511793,0.005888907162226054,38.904275277730285,0.007664044252343515,64.01921287047533,0.006449989918328423,35.96856919684196,0.008534321248568497,7.628024943008108,22.522289967026502,121.55054933274413
489.0204999999995,59.97001499250375,0,0.0,71.13681440595919,0.005157411358930534,40.26847821954125,0.007112928829588365,67.84152580461966,0.006638375665276718,37.735466725422384,0.008834118321198282,7.628024943008108,22.522289967026502,121.55054933274413
489.0304999999993,59.97001499250375,0,0.0,72.36384526161964,0.004649640413046996,40.41633659371359,0.006720761256421482,70.48774179806242,0.006741009045774118,38.52425559747201,0.008964168851949955,7.628024943008108,22.522289967026502,121.55054933274413
489.04049999999904,59.97001499250375,0,0.0,73.57540506608926,0.004280159913237287,40.20126699640066,0.0064190605426287855,71.76478074396378,0.006804854702167721,38.73790612334771,0.009004685529455521,7.628024943008108,22.522289967026502,121.55054933274413
489.0504999999988,59.97001499250375,0,0.0,73.93913596592328,0.003981203265491428,39.74558439768509,0.006183272044619467,72.52819980551838,0.0068436853569504765,38.59560261655237,0.008985538720423951,7.628024943008108,22.522289967026502,121.55054933274413
489.06049999999857,59.97001499250375,0,0.0,73.89526957221277,0.0037567717648070023,39.10309738067116,0.006004010707581041,72.78413337190426,0.006857765851639956,38.174867626131345,0.008919637058645943,7.628024943008108,22.522289967026502,121.55054933274413
489.07049999999833,59.97001499250375,0,0.0,73.35239141996908,0.003593815365620645,38.216686568698094,0.005869767953566648,72.5920649104298,0.0068517779045423385,37.5577479751481,0.008820833298776788,7.628024943008108,22.522289967026502,121.55054933274413
489.0804999999981,59.97001499250375,0,0.0,72.56374572375762,0.003486195173571162,37.24660514734546,0.005775453126330431,72.07623507398641,0.006828629355371448,36.786707228812936,0.008695814125031264,7.628024943008108,22.522289967026502,121.55054933274413
489.09049999999786,59.97001499250375,0,0.0,71.43116983085494,0.0034309398939098294,36.15887385407942,0.005718098620060211,71.2224437474017,0.006789370705928563,35.883847185171255,0.008548565591967525,7.628024943008108,22.522289967026502,121.55054933274413
489.1004999999976,59.97001499250375,0,0.0,69.84403396284607,0.0034229768906856774,34.94260158516982,0.005696130616556228,70.07958828018616,0.006736931505645808,34.86188473822165,0.008381459100879892,7.628024943008108,22.522289967026502,121.55054933274413
489.1104999999974,59.97001499250375,0,0.0,66.59446650516126,0.0034229768906856774,33.26637962140087,0.005695918783477783,69.00485475220212,0.006685373267668203,33.807132209576096,0.008208488650812964,7.628024943008108,22.522289967026502,121.55054933274413
489.12049999999715,59.97001499250375,0,0.0,61.32933134860073,0.0034229768906856774,30.570610534938425,0.005695918783477783,67.96914330173996,0.006635666618871907,32.839118404333874,0.008049777518107376,7.628024943008108,22.522289967026502,121.55054933274413
489.1304999999969,59.97001499250375,0,0.0,54.181060586837944,0.0034229768906856774,26.912945225400016,0.005695918783477783,66.94545051349381,0.006587706271937903,31.947149446847092,0.007903766726666638,7.628024943008108,22.522289967026502,121.55054933274413
489.1404999999967,59.97001499250375,0,0.0,44.86898050743886,0.0034229768906856774,22.150025605722583,0.005695918783477783,65.98058121660767,0.006541363499030298,31.12438501612648,0.007768923800509704,7.628024943008108,22.522289967026502,121.55054933274413
489.15049999999644,59.97001499250375,0,0.0,33.5791233616538,0.0034229768906856774,16.37683668781752,0.005695918783477783,65.04797632478231,0.00649655737283583,30.3615800987499,0.007643929497186874,7.628024943008108,22.522289967026502,121.55054933274413
489.1604999999962,59.97001499250375,0,0.0,20.772543654775774,0.0034229768906856774,9.828943508827773,0.005695918783477783,64.12307828063189,0.006453230447845925,29.650709051964405,0.007527645127472891,7.628024943008108,22.522289967026502,121.55054933274413
489.17049999999597,59.97001499250375,0,0.0,5.9958516709275065,0.0034229768906856774,2.428574982503042,0.005783837257183174,63.25071406862769,0.006411288979426608,28.988018368009648,0.007419081309041642,7.628024943008108,22.522289967026502,121.55054933274413
489.18049999999573,59.97001499250375,0,0.0,1.435172783643348,0.0039354586045979205,0.7958798279709174,0.00679185646137546,62.406158315423326,0.006370680491398465,28.367029552272466,0.007317384491410145,7.628024943008108,22.522289967026502,121.55054933274413
489.1904999999955,59.97001499250375,0,0.0,1.9395035351384045,0.004376495730387678,1.4141245903105242,0.007352016178378543,61.56725960863019,0.006331345546370401,27.7834378629177,0.007221815107611201,7.628024943008108,22.522289967026502,121.55054933274413
489.20049999999526,59.97001499250375,0,0.0,2.2894243446226845,0.004683549133924489,1.7520644132346543,0.007662005015374849,60.77660550771003,0.006293204339606764,27.235322672291552,0.007131723897289935,7.628024943008108,22.522289967026502,121.55054933274413
489.210499999995,59.97001499250375,0,0.0,2.5401991307257386,0.004904249050032278,1.9715064231410442,0.007865466976701874,60.01079876224406,0.006256219998589554,26.71777246561794,0.0070465421901658755,7.628024943008108,22.522289967026502,121.55054933274413
489.2204999999948,59.97001499250375,0,0.0,2.7277957803756285,0.005069143123447004,2.1376111238051863,0.008019892401845266,59.247921858798996,0.00622036651699583,26.226443764888135,0.006965768281565601,7.628024943008108,22.522289967026502,121.55054933274413
489.23049999999455,59.97001499250375,0,0.0,2.872752143007391,0.005197868691905792,2.2747811894013354,0.008148752925207189,58.52861410080787,0.006185581584797916,25.760383698135932,0.006888956216301499,7.628024943008108,22.522289967026502,121.55054933274413
489.2404999999943,59.97001499250375,0,0.0,2.9905138269961897,0.005303026657441348,2.3949087707384313,0.00826201170868793,57.830986791527,0.006151832893792063,25.31612028006996,0.006815716359840563,7.628024943008108,22.522289967026502,121.55054933274413
489.2504999999941,59.97001499250375,0,0.0,3.0914385543892964,0.005392699958638316,2.503894973515041,0.008364180662509269,57.134401770685635,0.006119095823193745,24.89059662065288,0.0067457071222089965,7.628024943008108,22.522289967026502,121.55054933274413
489.26049999999384,59.97001499250375,0,0.0,3.1794198902061517,0.00547209687505407,2.602383538470259,0.008457552229963429,56.4777646620456,0.0060873126454388474,24.483791942515804,0.006678626059578424,7.628024943008108,22.522289967026502,121.55054933274413
489.2704999999936,59.97001499250375,0,0.0,3.259383367446953,0.005544563941168824,2.6928137104732417,0.00854350005515849,55.84039559702129,0.006056454822777053,24.09317605527503,0.006614210811039809,7.628024943008108,22.522289967026502,121.55054933274413
489.28049999999337,59.97001499250375,0,0.0,3.334909379720021,0.005612244817364314,2.777182810624693,0.008622953516764625,55.20267368485231,0.00602650022042335,23.716486109596254,0.006552231935367393,7.628024943008108,22.522289967026502,121.55054933274413
489.29049999999313,59.97001499250375,0,0.0,3.4054239427723516,0.005676530021191253,2.8543127733717943,0.008696626898898267,54.60182123509864,0.005997396341109524,23.35423204102731,0.006492485600288169,7.628024943008108,22.522289967026502,121.55054933274413
489.3004999999929,59.97001499250375,0,0.0,3.473073984774361,0.005738315901013445,2.9258688661747527,0.00876513600302117,54.018189036098335,0.005969118748362839,23.004475135197524,0.006434795357271355,7.628024943008108,22.522289967026502,121.55054933274413
489.31049999999266,59.97001499250375,0,0.0,3.539653701667101,0.005798172803374681,2.9934328724326544,0.008828997055680684,53.433042540960294,0.005941647945255563,22.665458746860004,0.006379006440773893,7.628024943008108,22.522289967026502,121.55054933274413
489.3204999999924,59.97001499250375,0,0.0,3.6033580148885873,0.005856478848584728,3.055468799317885,0.008888659120672954,52.88204106364932,0.005914936320429421,22.33799912171202,0.00632498006888634,7.628024943008108,22.522289967026502,121.55054933274413
489.3304999999922,59.97001499250375,0,0.0,3.6656108816435915,0.0059134802239041336,3.1134672839800452,0.008944545601217286,52.34645838065091,0.0058889631729442116,22.020545333474423,0.006272596037857799,7.628024943008108,22.522289967026502,121.55054933274413
489.34049999999195,59.97001499250375,0,0.0,3.7277458649875865,0.005969329727365047,3.168865771692809,0.008997020144452268,51.8083612309202,0.0058637113723706774,21.71167511027808,0.006221748247389556,7.628024943008108,22.522289967026502,121.55054933274413
489.3504999999917,59.97001499250375,0,0.0,3.78759119089615,0.0060241362769597896,3.2199321392391274,0.009046400984889878,51.30197091265961,0.005839137662064145,21.412376945947624,0.006172340239923146,7.628024943008108,22.522289967026502,121.55054933274413
489.3604999999915,59.97001499250375,0,0.0,3.8463937445833,0.006077973155336942,3.2680572399617205,0.009092998168662157,50.80940006542426,0.005815224632108516,21.121361007380997,0.006124288331856985,7.628024943008108,22.522289967026502,121.55054933274413
489.37049999999124,59.97001499250375,0,0.0,3.905378467821542,0.006130882334844083,3.3145853449516274,0.009137076022887648,50.313447954106834,0.005791957218934034,20.837431367864458,0.006077518021607706,7.628024943008108,22.522289967026502,121.55054933274413
489.380499999991,59.97001499250375,0,0.0,3.9622409490849986,0.0061829009954943335,3.3576460364677265,0.00917886283580755,49.84701258139723,0.005769296025193284,20.561666331559884,0.006031960401968305,7.628024943008108,22.522289967026502,121.55054933274413
489.39049999999077,59.97001499250375,0,0.0,4.018195662799735,0.006234056478616418,3.39856001378286,0.009218588543803408,49.3929733155808,0.005747226529499856,20.29295641314595,0.00598755557406515,7.628024943008108,22.522289967026502,121.55054933274413
489.40049999999053,59.97001499250375,0,0.0,4.074452230350491,0.006284361635107647,3.4386051866014595,0.00925644627296224,48.934802338944124,0.005725735469835106,20.03026297776652,0.005944249666033704,7.628024943008108,22.522289967026502,121.55054933274413
489.4104999999903,59.97001499250375,0,0.0,4.128639474096296,0.006333834603201874,3.475810133106665,0.009292599300466836,48.5041778871585,0.005704786874462422,19.774703513006074,0.005901991850923955,7.628024943008108,22.522289967026502,121.55054933274413
489.42049999999006,59.97001499250375,0,0.0,4.18197740629817,0.006382490717859472,3.5114450640784387,0.009327219400345064,48.084683496987985,0.005684368759721419,19.525296926090995,0.005860737868240564,7.628024943008108,22.522289967026502,121.55054933274413
489.4304999999898,59.97001499250375,0,0.0,4.235684821155891,0.006430335570676282,3.546740353518752,0.009360447883039948,47.66040753066503,0.005664469439567296,19.28111714787727,0.005820447466121601,7.628024943008108,22.522289967026502,121.55054933274413
489.4404999999896,59.97001499250375,0,0.08857854689963715,4.287344197927398,0.006478956783642449,3.57964995709275,0.009395138129456191,47.26190590346607,0.005645055986841338,19.043290291528645,0.00578108184362966,7.628024943008108,22.522289967026502,121.55054933274413
489.45049999998935,59.97001499250375,0,0.997006992097695,4.651563908012294,0.006826333617119451,4.053684009596218,0.009869433864186674,46.87357105240771,0.005626115665857964,18.811155370294877,0.005742607223068623,7.628024943008108,22.522289967026502,121.55054933274413
489.4604999999891,59.97001499250375,0,1.941297560004184,5.355541433357333,0.007458561042181675,4.807070582911329,0.010572800470628415,46.47934169151241,0.005607658276201458,18.582754240150898,0.0057049959589687525,7.628024943008108,22.522289967026502,121.55054933274413
489.4704999999889,59.97001499250375,0,2.913107289311129,6.079420141705182,0.008099123620841048,5.387274848730131,0.011106467383998203,46.10913594419269,0.005589649741567126,18.359785816019055,0.005668238039827519,7.628024943008108,22.522289967026502,121.55054933274413
489.48049999998864,59.97001499250375,0,3.903294921723681,6.645632245722432,0.00859574036071252,5.7180351037141595,0.011408802074691414,45.74791682888009,0.0055720779010143525,18.141909313391967,0.005632346125626329,7.628024943008108,22.522289967026502,121.55054933274413
489.4904999999884,59.97001499250375,0,4.902177449414032,7.002703741755617,0.008905208172597972,5.853326149797141,0.01153004803789137,45.38094323368764,0.005554930362565186,17.928769646121218,0.0055973399592879475,7.628024943008108,22.522289967026502,121.55054933274413
489.50049999998816,59.97001499250375,0,5.899813190259538,7.158391646014942,0.009038906049779768,5.861147067278533,0.011538782190853868,45.03678419668217,0.005538177818102718,17.72174477417777,0.005563235149600158,7.628024943008108,22.522289967026502,121.55054933274413
489.5104999999879,59.97001499250375,1,6.88629764663861,7.169436901111464,0.00904922341538809,5.857462027416625,0.011538782190853868,44.70084984140126,0.005521812009164314,17.520368770659186,0.005530042341380688,7.628024943008108,22.522289967026502,121.55054933274413
489.5204999999877,59.97001499250375,1,7.852057522018123,7.16809620260366,0.00904922341538809,5.856121328908822,0.011538782190853868,44.35871537984028,0.005505823598850374,17.323989172747623,0.00549776077261406,7.628024943008108,22.522289967026502,121.55054933274413
489.53049999998746,59.97001499250375,1,8.788128396917815,7.167384516107866,0.00904922341538809,5.85565213044125,0.011538782190853868,44.03847415818854,0.005490178526870893,17.134265722631937,0.005466371584046396,7.628024943008108,22.522289967026502,121.55054933274413
489.5404999999872,59.97001499250375,1,9.598485993824486,7.17008960654172,0.00904922341538809,5.858598661071807,0.011538782190853868,43.72639404163395,0.005474856870538226,16.951120772451468,0.005435837698701153,7.628024943008108,22.522289967026502,121.55054933274413
489.550499999987,38.94839337877463,1,9.598485993824486,9.039520996865242,0.00904922341538809,7.234052425143446,0.011538782190853868,43.40909799436322,0.0054598346329327715,16.77449881380295,0.0054060995220063975,7.628024943008108,22.522289967026502,121.55054933274413
489.56049999998675,38.94839337877463,1,9.598485993824486,14.976038294118172,0.00904922341538809,11.59740439192641,0.011538782190853868,43.112176399483594,0.005445108974256751,16.60338216641413,0.005377074401325559,7.628024943008108,22.522289967026502,121.55054933274413
489.5704999999865,38.94839337877463,1,9.598485993824486,24.7999392750097,0.00904922341538809,18.69202969061796,0.011476080326863763,42.821637002402966,0.005430689705285755,16.810282406226914,0.0054107212467909204,7.628024943008108,22.522289967026502,121.55054933274413
489.5804999999863,38.94839337877463,1,9.598485993824486,38.13342864008892,0.00904922341538809,25.600672990923687,0.010755889241316298,42.523847342824155,0.00541657577828091,20.805654782954722,0.006072685207537395,7.628024943008108,22.522289967026502,121.55054933274413
489.59049999998604,38.94839337877463,1,9.598485993824486,51.79394051536853,0.008593070488274967,31.00277969885492,0.00978699647704037,46.960027293542005,0.0055946206637138346,25.91675220603243,0.006920517109645079,7.628024943008108,22.522289967026502,121.55054933274413
489.6004999999858,38.94839337877463,1,9.598485993824486,60.1129658264761,0.007520423719127413,34.84069482887132,0.008873698979744058,54.439241736955395,0.005939151284929397,30.31915990744844,0.00765312842859398,7.628024943008108,22.522289967026502,121.55054933274413
489.61049999998556,38.94839337877463,1,9.598485993824486,65.34159444818344,0.006514049237828188,37.28351657353242,0.008102492799551908,60.575026688488485,0.006233501474303944,33.596326428524414,0.008199602225376077,7.628024943008108,22.522289967026502,121.55054933274413
489.6204999999853,38.94839337877463,1,9.598485993824486,68.92386592084637,0.005700106219911497,38.748401966895024,0.0074826499167790295,65.13948369212116,0.006453938755141501,35.79788525415575,0.008567245324186465,7.628024943008108,22.522289967026502,121.55054933274413
489.6304999999851,38.94839337877463,1,9.598485993824486,71.35825731838057,0.005065581452545603,39.47748366762102,0.006996245459669259,68.36192748577635,0.006610111993373779,37.11386279132374,0.008787671337888516,7.628024943008108,22.522289967026502,121.55054933274413
489.64049999998485,38.94839337877463,1,9.598485993824486,72.80374059324232,0.004573871622094642,39.58796040287081,0.006616222760413114,70.51604233981539,0.0067161840544463685,37.76773645646175,0.0088981777732441,7.628024943008108,22.522289967026502,121.55054933274413
489.6504999999846,38.94839337877463,1,9.598485993824486,73.65781888634388,0.0041959327780211235,39.35237111524104,0.006321957610867996,71.89052364446864,0.006783500040132853,37.93001764868262,0.008926694203912641,7.628024943008108,22.522289967026502,121.55054933274413
489.6604999999844,38.94839337877463,1,9.598485993824486,73.99652143778997,0.003910014925908696,38.853099552963,0.00609722647577918,72.62362053702907,0.0068199112653519215,37.72679011208538,0.008894352734028901,7.628024943008108,22.522289967026502,121.55054933274413
489.67049999998414,38.94839337877463,1,9.598485993824486,73.80627459802928,0.0036982465253582383,38.093792035266816,0.005927445380231699,72.81830677827857,0.006831758081002954,37.26407904043866,0.008818952455366468,7.628024943008108,22.522289967026502,121.55054933274413
489.6804999999839,38.94839337877463,1,9.598485993824486,73.29179739622876,0.003550055255761593,37.21034380361299,0.00580410461185719,72.61113694474662,0.006823293954512446,36.607984087538156,0.008711090133998244,7.628024943008108,22.522289967026502,121.55054933274413
489.6904999999837,38.94839337877463,1,9.598485993824486,72.41829038054959,0.0034592583339547113,36.20361744954608,0.005721771997904638,72.02278854107635,0.006796777785389996,35.797768216709784,0.008577474903850392,7.628024943008108,22.522289967026502,121.55054933274413
489.70049999998344,38.94839337877463,1,9.598485993824486,71.1670867799126,0.0034231902936867576,35.0589690838434,0.005676820980204323,71.05553284632212,0.006753415881710588,34.8593594582109,0.008422580230372147,7.628024943008108,22.522289967026502,121.55054933274413
489.7104999999832,38.94839337877463,0,9.598485993824486,69.00664257151612,0.0034225417734626085,33.75714103058876,0.00566780969241965,69.96303935927838,0.006701850781895909,33.80744605302586,0.00824851825471572,7.628024943008108,22.522289967026502,121.55054933274413
489.72049999998296,38.94839337877463,0,9.598485993824486,64.79372413800834,0.0034225417734626085,31.63956071745894,0.00566780969241965,68.92895123641901,0.006652581359022579,32.80022089477831,0.008081795466693444,7.628024943008108,22.522289967026502,121.55054933274413
489.7304999999827,38.94839337877463,0,9.598485993824486,58.50178590324002,0.0034225417734626085,28.477078315775003,0.00566780969241965,67.9113983960513,0.006605006006850015,31.87926308792789,0.007929475568055098,7.628024943008108,22.522289967026502,121.55054933274413
489.7404999999825,38.94839337877463,0,9.598485993824486,49.998635730990735,0.0034225417734626085,24.203317985216273,0.00566780969241965,66.94630602323613,0.0065590004634385225,31.03554904515539,0.0077897507238853785,7.628024943008108,22.522289967026502,121.55054933274413
489.75049999998225,38.94839337877463,0,9.598485993824486,39.375768145836005,0.0034225417734626085,18.864225768722157,0.00566780969241965,66.01259562969585,0.006514482647576852,30.258706623034794,0.007661066599829625,7.628024943008108,22.522289967026502,121.55054933274413
489.760499999982,38.94839337877463,0,9.598485993824486,26.906125170583135,0.0034225417734626085,12.596983872840756,0.00566780969241965,65.09075527715767,0.006471388769042552,29.539766774481308,0.007542084598147501,7.628024943008108,22.522289967026502,121.55054933274413
489.7704999999818,38.94839337877463,0,9.598485993824486,12.450447127414165,0.0034225417734626085,5.33159051832431,0.00566780969241965,64.21540319987139,0.006429633456408322,28.873472684890974,0.0074316465158269784,7.628024943008108,22.522289967026502,121.55054933274413
489.78049999998154,38.94839337877463,0,0.0,0.9225158926106265,0.0037038572129632586,0.1465827618193245,0.006426762264941199,63.366977994948876,0.006389164972281134,28.252691372122747,0.007328754801996833,7.628024943008108,22.522289967026502,121.55054933274413
489.7904999999813,38.94839337877463,0,0.0,1.544919848665132,0.004244415562988848,1.02811561818879,0.007220493323239724,62.52796585762538,0.0063499300621383,27.67219769480926,0.007232548142420719,7.628024943008108,22.522289967026502,121.55054933274413
489.80049999998107,38.94839337877463,0,0.0,1.9765186021741377,0.0046179808200789004,1.4848763229510307,0.007632550604334314,61.731670803780936,0.006311846367726762,27.12965444951277,0.007142276833312686,7.628024943008108,22.522289967026502,121.55054933274413
489.81049999998083,38.94839337877463,0,0.0,2.2848097977905777,0.004883503135483819,1.7639497065149543,0.007884250789247442,60.959654406330145,0.006274877666214053,26.619894288055523,0.007057287894826401,7.628024943008108,22.522289967026502,121.55054933274413
489.8204999999806,38.94839337877463,0,0.0,2.51367113232077,0.005078930167316404,1.964697373869953,0.008064382129344835,60.19458167931231,0.006238995583957363,26.138307977873467,0.006977008070718051,7.628024943008108,22.522289967026502,121.55054933274413
489.83049999998036,38.94839337877463,0,0.0,2.6893725404387494,0.005228738793566226,2.125775392793261,0.008209105304115534,59.467825498256566,0.006204147281524703,25.68308126790989,0.006900930947341252,7.628024943008108,22.522289967026502,121.55054933274413
489.8404999999801,38.94839337877463,0,0.0,2.830641644622974,0.0053486987974467465,2.2645729020875227,0.008333579692176055,58.76220180334676,0.0061703025843291865,25.250613573261603,0.006828614454417835,7.628024943008108,22.522289967026502,121.55054933274413
489.8504999999799,38.94839337877463,0,0.0,2.9499229801713343,0.00544897264960803,2.3891757289030684,0.008444494215252405,58.06148552630055,0.006137434702956569,24.83776623332531,0.00675967230153298,7.628024943008108,22.522289967026502,121.55054933274413
489.86049999997965,38.94839337877463,0,0.4019672239808142,3.094638905849266,0.005583188665348411,2.5666744790605134,0.008621973867661007,57.39603464130998,0.006105490905967152,24.444197864696402,0.006693764913847976,7.628024943008108,22.522289967026502,121.55054933274413
489.8704999999794,38.94839337877463,0,1.3238369404965855,3.6013933277741628,0.0060469704829215635,3.196366540280644,0.009223129715641175,56.7487916295798,0.006074454566643991,24.066339387163573,0.0066305983428564565,7.628024943008108,22.522289967026502,121.55054933274413
489.8804999999792,38.94839337877463,0,2.278754123164132,4.28641439298348,0.006656866150323816,3.8571148470353744,0.009834444068117197,56.10444250225191,0.006044316979305993,23.701675435294554,0.006569923271868346,7.628024943008108,22.522289967026502,121.55054933274413
489.89049999997894,38.94839337877463,0,3.258069404641916,4.907126228696491,0.007203706368436346,4.30791498885222,0.010247190137840508,55.492122977109204,0.006015024006221755,23.350908702196786,0.006511541321576707,7.628024943008108,22.522289967026502,121.55054933274413
489.9004999999787,38.94839337877463,0,4.252421100422787,5.35931075807315,0.00759885235874777,4.551011095160067,0.01046774336884291,54.89669429952467,0.005986546116395499,23.01280021317962,0.0064553037524714,7.628024943008108,22.522289967026502,121.55054933274413
489.91049999997847,38.94839337877463,0,5.252002509226238,5.633198039997119,0.007834796510533912,4.641476675535015,0.01054621545971949,54.30359978923181,0.0059588577703782045,22.68618565516271,0.006401091189356969,7.628024943008108,22.522289967026502,121.55054933274413
489.92049999997823,38.94839337877463,0,6.246851091822776,5.747456498914406,0.007930627527634307,4.6441050009585485,0.010548154168244972,53.74042934985508,0.005931916037195322,22.371771430513924,0.006348794457651671,7.628024943008108,22.522289967026502,121.55054933274413
489.930499999978,38.94839337877463,1,7.2271453638073035,5.753908332469692,0.007934755681344123,4.644121280319414,0.010548154168244972,53.19256857472443,0.0059056997292874,22.068307666896473,0.006298308595242524,7.628024943008108,22.522289967026502,121.55054933274413
489.94049999997776,38.94839337877463,1,8.183494805030453,5.756708880044732,0.007934755681344123,4.646921827894454,0.010548154168244972,52.646306733992816,0.005880181982699992,21.775017540185402,0.006249527237913928,7.628024943008108,22.522289967026502,121.55054933274413
489.9504999999775,38.94839337877463,1,9.10720857082078,5.760759012059299,0.007934755681344123,4.651143975092027,0.010548154168244972,52.12834461030392,0.005855315734792427,21.492938432511757,0.006202338809167186,7.628024943008108,22.522289967026502,121.55054933274413
489.9604999999773,144.0576230492196,1,9.598485993824486,5.935515185391985,0.007934755681344123,4.782019400284982,0.010548154168244972,51.62511992642089,0.005831072879768173,21.2213721100027,0.006156627271724264,7.628024943008108,22.522289967026502,121.55054933274413
489.97049999997705,144.0576230492196,1,9.598485993824486,8.907885915664902,0.007934755681344123,6.975170284122236,0.010548154168244972,51.12296031154714,0.005807429936397238,20.95892117903378,0.006112267253973781,7.628024943008108,22.522289967026502,121.55054933274413
489.9804999999768,144.0576230492196,1,9.598485993824486,15.489239253352414,0.007934755681344123,11.827757001404168,0.010548154168244972,50.646416059537714,0.005784375658199,20.704606393098985,0.006069124358726153,7.628024943008108,22.522289967026502,121.55054933274413
489.9904999999766,144.0576230492196,1,9.598485993824486,25.456108566372823,0.007934755681344123,19.17518126681317,0.010548154168244972,50.181904611053916,0.005761903586575997,20.456646101731454,0.006027071186043995,7.628024943008108,22.522289967026502,121.55054933274413
490.00049999997634,144.0576230492196,1,9.598485993824486,38.423041180831774,0.007934755681344123,26.857830935004323,0.010113329150663056,49.71644796831042,0.005740002287536558,22.76661837299991,0.006408980275677904,7.609909388934616,23.551580132513184,119.39919332752314
490.0104999999761,144.0576230492196,1,9.598485993824486,53.388030254650516,0.007833137492638805,32.008585945738105,0.009243001143806835,50.713966240442616,0.005771296766854756,27.384798420115224,0.007173459460541711,7.609909388934616,23.551580132513184,119.39919332752314
490.02049999997587,144.0576230492196,1,9.598485993824486,62.18493088511672,0.006978108144787056,35.40561408313092,0.008419024982662955,57.21629636659368,0.006056954810506806,31.373003945302436,0.007835765192660236,7.609909388934616,23.551580132513184,119.39919332752314
490.03049999997563,144.0576230492196,1,9.598485993824486,66.96142950115976,0.00608046448992269,37.50819623765412,0.007735916955261799,62.687882360351054,0.006316610050531053,34.26031516657488,0.008316529862253398,7.609909388934616,23.551580132513184,119.39919332752314
490.0404999999754,144.0576230492196,1,9.598485993824486,70.06668911263631,0.005353933101137678,38.728371136983306,0.007193192091452826,66.69556941954887,0.0065090310453635985,36.15185884699483,0.008631923777273837,7.609909388934616,23.551580132513184,119.39919332752314
490.05049999997516,144.0576230492196,1,9.598485993824486,72.11752606006229,0.004790927858583359,39.29542915239442,0.006769783886296669,69.4773619361424,0.006643182918279454,37.249955117141745,0.00881552093120681,7.609909388934616,23.551580132513184,119.39919332752314
490.0604999999749,144.0576230492196,1,9.598485993824486,73.30516103227563,0.004357912139554951,39.33352825272526,0.006440989730203579,71.29136089024892,0.0067320733590293825,37.75797134453747,0.008901218449081911,7.609909388934616,23.551580132513184,119.39919332752314
490.0704999999747,144.0576230492196,1,9.598485993824486,73.9287676198232,0.004028245695578029,39.05078758846127,0.006188141396648957,72.39040544553464,0.006785867619071062,37.82954789689348,0.00891419751344809,7.609909388934616,23.551580132513184,119.39919332752314
490.08049999997445,144.0576230492196,1,9.598485993824486,74.06435245690182,0.003782481913136058,38.52322512596109,0.005997032475579846,72.90194144712078,0.006811620930359172,37.57598391505146,0.00887308524555201,7.609909388934616,23.551580132513184,119.39919332752314
490.0904999999742,144.0576230492196,1,9.598485993824486,73.7291717507743,0.0036059678672929482,37.770094990892105,0.005855925846635805,72.91495044725646,0.00681463171027792,37.084897538698755,0.008792574202062003,7.609909388934616,23.551580132513184,119.39919332752314
490.100499999974,144.0576230492196,1,9.598485993824486,73.05181659313862,0.003490185196295678,36.88214282591328,0.00575794031341061,72.53615145432761,0.006798270656145798,36.41158565947031,0.008681530069573314,7.609909388934616,23.551580132513184,119.39919332752314
490.11049999997374,144.0576230492196,1,9.598485993824486,72.0005493033789,0.0034309283971411596,35.85944882595445,0.005699186991323581,71.77818188767371,0.0067641692086763475,35.58661681735702,0.008545174987179526,7.609909388934616,23.551580132513184,119.39919332752314
490.1204999999735,144.0576230492196,0,9.598485993824486,70.426652326598,0.003422384328527163,34.689308521692766,0.005678233523281182,70.70624473805019,0.0067155238468246115,34.623970223849554,0.008385964611569775,7.609909388934616,23.551580132513184,119.39919332752314
490.13049999997327,144.0576230492196,0,9.598485993824486,67.0544342456109,0.003422384328527163,32.980841184244916,0.00567820643751782,69.68976713709301,0.006667502590521508,33.629441679969474,0.008221240477079696,7.609909388934616,23.551580132513184,119.39919332752314
490.14049999997303,144.0576230492196,0,9.598485993824486,61.50370660764066,0.003422384328527163,30.173903085723243,0.00567820643751782,68.70778188085318,0.006621099264291244,32.71921393078375,0.008070437091432434,7.609909388934616,23.551580132513184,119.39919332752314
490.1504999999728,144.0576230492196,0,9.598485993824486,53.7943957485505,0.003422384328527163,26.275159773955078,0.00567820643751782,67.74256501390374,0.006576213464463247,31.882137298511758,0.007931839351626044,7.609909388934616,23.551580132513184,119.39919332752314
490.16049999997256,144.0576230492196,0,9.598485993824486,43.86107512131133,0.003422384328527163,21.251563952978774,0.00567820643751782,66.8230528693083,0.006532743989044542,31.110664845853062,0.007803943364394957,7.609909388934616,23.551580132513184,119.39919332752314
490.1704999999723,144.0576230492196,0,9.598485993824486,31.827404606801082,0.003422384328527163,15.165634721647127,0.00567820643751782,65.93218262134448,0.006490621964304209,30.39617555797129,0.007685454866292422,7.609909388934616,23.551580132513184,119.39919332752314
490.1804999999721,144.0576230492196,0,9.598485993824486,17.956922921273875,0.003422384328527163,8.15068002278016,0.00567820643751782,65.0541090410949,0.006449791705228328,29.731204097067625,0.007575258148158651,7.609909388934616,23.551580132513184,119.39919332752314
490.19049999997185,144.0576230492196,0,9.598485993824486,2.2882990083077055,0.003465970182044825,0.5805743599564774,0.005973606062168429,64.21664455544891,0.006410182119427208,29.111265038118596,0.007472387170704114,7.609909388934616,23.551580132513184,119.39919332752314
490.2004999999716,144.0576230492196,0,0.0,1.3026934792845974,0.004069958951783812,0.7212109977448864,0.006977640289409079,63.404162059827726,0.006371746520258992,28.530676373499176,0.007376008997491486,7.609909388934616,23.551580132513184,119.39919332752314
490.2104999999714,144.0576230492196,0,0.0,1.788245602870579,0.004491329746606001,1.2769014541176609,0.0074794653765619225,62.60261743481,0.006334424307977746,27.98556649786079,0.007285403016222159,7.609909388934616,23.551580132513184,119.39919332752314
490.22049999997114,144.0576230492196,0,0.0,2.1331490969107985,0.004789308002611115,1.597116119561519,0.007768534404030441,61.83838277019034,0.00629815895208908,27.47317437519398,0.007199938595106211,7.609909388934616,23.551580132513184,119.39919332752314
490.2304999999709,144.0576230492196,0,0.0,2.3867955119388724,0.005007135247137789,1.8151561291734715,0.00796480404961267,61.096452778549846,0.006262919660078897,26.989087260397007,0.007119063381017788,7.609909388934616,23.551580132513184,119.39919332752314
490.24049999997067,144.0576230492196,0,0.0,2.581407328736548,0.005172710292263053,1.9853663727933166,0.008116981464424675,60.36273345354153,0.006228679334714681,26.529441859352964,0.007042291603955665,7.609909388934616,23.551580132513184,119.39919332752314
490.25049999997043,144.0576230492196,0,0.0,2.7361106987226034,0.005304068221999452,2.1288323126496236,0.008245295037795333,59.662538212794786,0.006195392190584274,26.09269834082982,0.006969194370660163,7.609909388934616,23.551580132513184,119.39919332752314
490.2604999999702,144.0576230492196,0,0.13303057135290006,2.8663383076955298,0.0054169939630641685,2.258230208578117,0.008365483476950803,58.981971127500294,0.006163030253992475,25.675908759287545,0.00689939743332602,7.609909388934616,23.551580132513184,119.39919332752314
490.27049999996996,144.0576230492196,0,1.043435353305308,3.2744760318437973,0.0057960247964502516,2.7697160374816314,0.008864680943936592,58.30780044207599,0.006131563679318485,25.276511226372513,0.006832573976260176,7.609909388934616,23.551580132513184,119.39919332752314
490.2804999999697,144.0576230492196,0,1.9893076167945407,3.947368832611499,0.006400369226719021,3.4524962314506746,0.00950227022556357,57.66341575658441,0.006100979544624762,24.892404908294104,0.006768440198809876,7.609909388934616,23.551580132513184,119.39919332752314
490.2904999999695,144.0576230492196,0,2.9622589436707094,4.6113835619820325,0.006988406468961843,3.962597794056269,0.009971472568297815,57.0362474871521,0.006071243111196259,24.522369108163538,0.006706766887139732,7.609909388934616,23.551580132513184,119.39919332752314
490.30049999996925,144.0576230492196,0,3.953114622585078,5.124952555248228,0.0074382332163956755,4.258530539709346,0.010240178765493865,56.4140242695315,0.006042324343456705,24.165177052341313,0.006647378223956424,7.609909388934616,23.551580132513184,119.39919332752314
490.310499999969,144.0576230492196,0,4.952171824730427,5.454920535789729,0.0077251403273970575,4.3886975541933015,0.010356156886433968,55.82012408702241,0.006014179996464716,23.82132665322652,0.006590133493339856,7.609909388934616,23.551580132513184,119.39919332752314
490.3204999999688,144.0576230492196,0,5.949483655982983,5.619782609316999,0.00786550696701187,4.4066289928794635,0.010369945076485868,55.24211092853338,0.0059867855784958126,23.489642421888544,0.006534911862326771,7.609909388934616,23.551580132513184,119.39919332752314
490.33049999996854,144.0576230492196,1,6.935155274035003,5.650546811384631,0.007887655589133177,4.408252871411667,0.010369945076485868,54.66805263674919,0.005960118913090551,23.168957245081266,0.006481598991038519,7.609909388934616,23.551580132513184,119.39919332752314
490.3404999999683,144.0576230492196,1,7.899637426884546,5.652489438547905,0.007887655589133177,4.4103557015235815,0.010369945076485868,54.12042895277675,0.00593413972261511,22.85995673093767,0.006430079759209037,7.609909388934616,23.551580132513184,119.39919332752314
490.35049999996806,144.0576230492196,1,8.834002947301594,5.656654048775645,0.007887655589133177,4.414679486430154,0.010369945076485868,53.58763260543791,0.005908819358685821,22.56191923732969,0.006380239092607748,7.609909388934616,23.551580132513184,119.39919332752314
490.36049999996783,148.88337468982618,1,9.598485993824486,5.664713386856004,0.007887655589133177,4.422738824510514,0.010369945076485868,53.058456983928515,0.005884131169915121,22.274026583498525,0.006331958245583062,7.609909388934616,23.551580132513184,119.39919332752314
490.3704999999676,148.88337468982618,1,9.598485993824486,7.561930316629738,0.007887655589133177,5.7946955109804605,0.010369945076485868,52.55464434512203,0.00586002855810508,21.997206892320275,0.006285109583151454,7.609909388934616,23.551580132513184,119.39919332752314
490.38049999996736,148.88337468982618,1,9.598485993824486,13.170917283697843,0.007887655589133177,9.845240576305233,0.010369945076485868,52.06372238519266,0.005836515831647593,21.72861878475654,0.006239558581221101,7.609909388934616,23.551580132513184,119.39919332752314
490.3904999999671,148.88337468982618,1,9.598485993824486,22.284635217131733,0.007887655589133177,16.424956801723567,0.010369945076485868,51.57446175516075,0.005813587496458235,21.466441001993424,0.0061951725360452565,7.609909388934616,23.551580132513184,119.39919332752314
490.4004999999669,148.88337468982618,1,9.598485993824486,34.58628792910463,0.007887655589133177,24.820650065454732,0.010231627209658652,51.10727983290618,0.005791219404142308,22.034031934023705,0.006288162464034807,7.609909388934616,23.551580132513184,119.39919332752314
490.41049999996665,148.88337468982618,1,9.598485993824486,49.61642810381692,0.007887655589133177,30.866921746551377,0.009450639882941314,50.651289031510295,0.0057693992569951835,26.260550763792484,0.006987129490161434,7.609909388934616,23.551580132513184,119.39919332752314
490.4204999999664,148.88337468982618,1,9.598485993824486,61.0879000625404,0.007252443367009321,34.73067714423344,0.008601646966987214,56.29199842162225,0.006000803704329583,30.537942852368484,0.007696108313888104,7.609909388934616,23.551580132513184,119.39919332752314
490.4304999999662,148.88337468982618,1,9.598485993824486,66.80471030530815,0.006323825563104163,37.19090528245841,0.007881015495281227,62.26176421742162,0.006278365322727092,33.75356839615854,0.008230716901988865,7.609909388934616,23.551580132513184,119.39919332752314
490.44049999996594,148.88337468982618,1,9.598485993824486,70.3371114363107,0.005545793418625518,38.653017220755146,0.0073060982101561395,66.70373732903452,0.006490060764740196,35.91022262766225,0.0085898545789556,7.609909388934616,23.551580132513184,119.39919332752314
490.4504999999657,148.88337468982618,1,9.598485993824486,72.60926862332595,0.004939680257931333,39.354928957173236,0.006855964048259158,69.80500438095305,0.006639582929228048,37.216968441337016,0.008808052255401112,7.609909388934616,23.551580132513184,119.39919332752314
490.46049999996546,148.88337468982618,1,9.598485993824486,74.05223516233616,0.004474257348321163,39.54673556904188,0.0065071545309830356,71.89099895864824,0.006740163882060844,37.87834822049908,0.008918954971957166,7.609909388934616,23.551580132513184,119.39919332752314
490.4704999999652,148.88337468982618,1,9.598485993824486,74.83599684365802,0.004120352753788698,39.36318954779409,0.00623947361018466,73.17523405681496,0.0068026038042671155,38.0588974972228,0.008949975924198314,7.609909388934616,23.551580132513184,119.39919332752314
490.480499999965,148.88337468982618,1,9.598485993824486,75.04744569454552,0.003855264497029123,38.8740961172218,0.0060360853610800435,73.81339197645777,0.006835143724429472,37.88933571437438,0.00892292412677187,7.609909388934616,23.551580132513184,119.39919332752314
490.49049999996475,148.88337468982618,1,9.598485993824486,74.84059315330609,0.0036636549402015435,38.19070757497411,0.005885544401975158,73.95584679252941,0.006843537814897202,37.4605710038034,0.008852620765801518,7.609909388934616,23.551580132513184,119.39919332752314
490.5004999999645,148.88337468982618,1,9.598485993824486,74.23798489587381,0.0035356261477328603,37.34633755733572,0.005780106225151551,73.66245072743101,0.006831440448053605,36.83206808381267,0.008749053672229706,7.609909388934616,23.551580132513184,119.39919332752314
490.5104999999643,148.88337468982618,1,9.598485993824486,73.24190309771062,0.00346574280104684,36.345369172160694,0.005714614058819004,72.9620475454213,0.006800995736559781,36.0434753056167,0.008618911628332768,7.609909388934616,23.551580132513184,119.39919332752314
490.52049999996404,148.88337468982618,0,9.598485993824486,71.81469263210683,0.0034510410376880126,35.20840242664806,0.005687611415147316,71.9255401356472,0.00675396364327692,35.112017050598034,0.00846480290721991,7.609909388934616,23.551580132513184,119.39919332752314
490.5304999999638,148.88337468982618,0,9.598485993824486,68.7371027849231,0.0034510410376880126,33.63619709320916,0.005686927332933848,70.90063601833123,0.006705938690444845,34.114360164334386,0.008299625669741387,7.609909388934616,23.551580132513184,119.39919332752314
490.5404999999636,148.88337468982618,0,9.598485993824486,63.45711958458755,0.0034510410376880126,30.980635436399975,0.005686927332933848,69.89800811001315,0.006659542367054862,33.19710074074495,0.008147823861296212,7.609909388934616,23.551580132513184,119.39919332752314
490.55049999996334,148.88337468982618,0,9.598485993824486,55.90760265526687,0.0034510410376880126,27.183335619264053,0.005686927332933848,68.94020859384811,0.00661463041660772,32.35502834339145,0.00800832144824252,7.609909388934616,23.551580132513184,119.39919332752314
490.5604999999631,148.88337468982618,0,9.598485993824486,46.113846476278106,0.0034510410376880126,22.256998276859136,0.005686927332933848,68.01243709124553,0.006571120912997366,31.578295130496052,0.007879602173130997,7.609909388934616,23.551580132513184,119.39919332752314
490.57049999996286,148.88337468982618,0,9.598485993824486,34.20818297724263,0.0034510410376880126,16.268196480557563,0.005686927332933848,67.10106750203816,0.00652894787522555,30.858391955926702,0.007760359676132755,7.609909388934616,23.551580132513184,119.39919332752314
490.5804999999626,148.88337468982618,0,9.598485993824486,20.24682603623992,0.0034510410376880126,9.245216054739107,0.005686927332933848,66.22899114122488,0.006488036067039414,30.189683180974523,0.007649464534365821,7.609909388934616,23.551580132513184,119.39919332752314
490.5904999999624,148.88337468982618,0,9.598485993824486,4.477937181949198,0.0034531431543506023,1.5446158437196287,0.005831106668708783,65.38276114811725,0.006448332803197218,29.56563550771353,0.007545943160853077,7.609909388934616,23.551580132513184,119.39919332752314
490.60049999996215,148.88337468982618,0,0.0,1.24075066084901,0.004031413596647972,0.579057968760635,0.006861106297197093,64.54981222570626,0.006409795680987585,28.98049582877213,0.007448954784949514,7.609909388934616,23.551580132513184,119.39919332752314
490.6104999999619,148.88337468982618,0,0.0,1.7503953522183169,0.0044757741824553434,1.1753620961395632,0.007401589041746758,63.752893057775935,0.006372347345321621,28.432179601415662,0.007357769688828569,7.609909388934616,23.551580132513184,119.39919332752314
490.6204999999617,148.88337468982618,0,0.0,2.112017132969089,0.00478932097606057,1.5119209845184414,0.007706226365898465,62.979329854359676,0.006335946641168071,27.91612707561983,0.00727175384808031,7.609909388934616,23.551580132513184,119.39919332752314
490.63049999996144,148.88337468982618,0,0.0,2.3776478978687097,0.005017776926420389,1.7366895076032831,0.007908613169528657,62.217134402306925,0.006300564114766578,27.42805866617936,0.007190351007562365,7.609909388934616,23.551580132513184,119.39919332752314
490.6404999999612,148.88337468982618,0,0.0,2.579602896939667,0.005190718089279525,1.9085559589967644,0.00806306365203795,61.48705446007002,0.006266156658417696,26.965730325630588,0.007113069753067245,7.609909388934616,23.551580132513184,119.39919332752314
490.65049999996097,148.88337468982618,0,0.0,2.7399730922765406,0.005327264559808153,2.0526521526137977,0.008192107677813028,60.77727199104524,0.00623269565330465,26.52580837437461,0.007039479488578661,7.609909388934616,23.551580132513184,119.39919332752314
490.66049999996073,148.88337468982618,0,0.5378260239643384,2.9278553092841846,0.005525219492106123,2.2705964431692327,0.008434640702885852,60.0530007227061,0.006200447673317635,26.07655872311494,0.006969203053790592,7.609909388934616,23.551580132513184,119.39919332752314
490.6704999999605,148.88337468982618,0,1.4651694662658632,3.436042337626955,0.0060542045311586905,2.8528402677776445,0.00905664763574125,59.33448054105095,0.00616994820723118,25.60251962468121,0.00690190962759998,7.609909388934616,23.551580132513184,119.39919332752314
490.68049999996026,148.88337468982618,0,2.424317993400163,4.072563654621007,0.006685410170081203,3.3998906166169744,0.009629336740417431,58.63620540653682,0.006140361300730729,25.14546118268849,0.006837320090675428,7.609909388934616,23.551580132513184,119.39919332752314
490.69049999996,148.88337468982618,0,3.406499578208817,4.618081652666373,0.00722699496396767,3.7365549120751482,0.010000124483205001,57.94768288405144,0.006111643030073687,24.704059017753636,0.006775213462048072,7.609909388934616,23.551580132513184,119.39919332752314
490.7004999999598,148.88337468982618,0,4.402268056085009,4.986062350978735,0.007607693074301564,3.8823033486225285,0.010192565124448418,57.28800808985904,0.006083749451718184,24.278290831378467,0.006715416600377767,7.609909388934616,23.551580132513184,119.39919332752314
490.71049999995955,148.88337468982618,0,5.401774561386472,5.176219090004466,0.007828888955220877,3.8893454418850073,0.010254912294303014,56.64647923778001,0.006056656316236418,23.86661381829022,0.006657787606062613,7.609909388934616,23.551580132513184,119.39919332752314
490.7204999999593,148.88337468982618,0,6.395058790734988,5.214036055466689,0.007912008044733417,3.828644612085665,0.010255729148008402,56.01343846259192,0.00603032671176887,23.468490424177592,0.006602198508737259,7.609909388934616,23.551580132513184,119.39919332752314
490.7304999999591,148.88337468982618,1,7.372345784925995,5.156334090650394,0.007913579876334216,3.7680622160510655,0.010255729148008402,55.40706787577144,0.0060047249976307665,23.08392510537393,0.006548524802183349,7.609909388934616,23.551580132513184,119.39919332752314
490.74049999995884,148.88337468982618,1,8.324333539827757,5.098444278545521,0.007913579876334216,3.7103174489605992,0.010255729148008402,54.81741320759655,0.005979826628312914,22.71182902827203,0.006496644226734117,7.609909388934616,23.551580132513184,119.39919332752314
490.7504999999586,148.88337468982618,1,9.242457389857302,5.045983840303783,0.007913579876334216,3.6578570107188613,0.010255729148008402,54.23573931625274,0.005955583148721811,22.352508882833195,0.006446433634759181,7.609909388934616,23.551580132513184,119.39919332752314
490.76049999995837,151.70670037926664,1,9.598485993824486,5.387693579895778,0.007913579876334216,3.88514958601307,0.010255729148008402,53.67994615838777,0.005931952594444717,22.006533497236585,0.006397764405609647,7.609909388934616,23.551580132513184,119.39919332752314
490.77049999995813,151.70670037926664,1,9.598485993824486,8.978314844604755,0.007913579876334216,6.40746507157318,0.010255729148008402,53.13950902017964,0.005908923354196744,21.671566138868396,0.006350501331068563,7.609909388934616,23.551580132513184,119.39919332752314
490.7804999999579,151.70670037926664,1,9.598485993824486,16.26677854497826,0.007913579876334216,11.541787787134691,0.010255729148008402,52.60511950422515,0.005886479561016557,21.34618356214548,0.006304504943249387,7.609909388934616,23.551580132513184,119.39919332752314
490.79049999995766,151.70670037926664,1,9.598485993824486,26.988538989088454,0.007913579876334216,19.100823985698945,0.010255729148008402,52.092991535241985,0.005864610269134368,21.029262555859226,0.006259643108384066,7.609909388934616,23.551580132513184,119.39919332752314
490.8004999999574,151.70670037926664,1,9.598485993824486,40.74149723363236,0.007913579876334216,26.998211433839575,0.009865461631041518,51.593344816868644,0.005843316251084532,23.016892280990998,0.006596174077989437,7.609909388934616,23.551580132513184,119.39919332752314
490.8104999999572,151.70670037926664,1,9.598485993824486,56.07684621594944,0.007773731471545116,31.946512539685028,0.009017677673542989,52.9868442785588,0.005892462358789827,27.461284573210087,0.007339402697734112,7.609909388934616,23.551580132513184,119.39919332752314
490.82049999995695,151.70670037926664,1,9.598485993824486,64.4771363362274,0.006891508861750021,35.06682779540861,0.008224351635273495,59.55218806856147,0.006183647950686721,31.2316425757961,0.007974000524531356,7.609909388934616,23.551580132513184,119.39919332752314
490.8304999999567,151.70670037926664,1,9.598485993824486,69.05831651954225,0.0060109317681252585,36.973970051664274,0.007576136809032263,64.88834892226485,0.006437117659168327,33.88662705720457,0.008424770361195162,7.609909388934616,23.551580132513184,119.39919332752314
490.8404999999565,151.70670037926664,1,9.598485993824486,71.96518621484296,0.00530782133672486,37.998520854550875,0.0070651716896088295,68.71153641911519,0.006622372482608789,35.575148116727796,0.008714943376112333,7.609909388934616,23.551580132513184,119.39919332752314
490.85049999995624,151.70670037926664,1,9.598485993824486,73.8521616965386,0.004765762709076269,38.40630930966962,0.006668059387557651,71.34080940122733,0.006750757997912826,36.512107362438186,0.008879958384576293,7.609909388934616,23.551580132513184,119.39919332752314
490.860499999956,151.70670037926664,1,9.598485993824486,74.96559876362909,0.004351959790519637,38.363715207614106,0.0063621607974990255,73.03628407156395,0.006834889430904498,36.884996728674196,0.008951191808835761,7.609909388934616,23.551580132513184,119.39919332752314
490.87049999995577,151.70670037926664,1,9.598485993824486,75.4483911465082,0.004039583483866029,37.97744008895547,0.006128447550718797,73.99378525682577,0.0068845624069629715,36.846924998281665,0.008953785667035686,7.609909388934616,23.551580132513184,119.39919332752314
490.88049999995553,151.70670037926664,1,9.598485993824486,75.45063592024313,0.0038095806155670217,37.35800614108098,0.005953170740443246,74.38343541169105,0.006906811851893567,36.50619338085141,0.008905674577767992,7.609909388934616,23.551580132513184,119.39919332752314
490.8904999999553,151.70670037926664,1,9.598485993824486,75.02328023160207,0.003649062353403748,36.55518234491032,0.005826659373699488,74.29067902013706,0.006906392629281699,35.93616782112418,0.00881933720676403,7.609909388934616,23.551580132513184,119.39919332752314
490.90049999995506,151.70670037926664,1,9.598485993824486,74.19198081852696,0.0035502174793755883,35.59116330208674,0.005742284051501203,73.76661081072496,0.006886243498485448,35.19017687652609,0.008703298862181045,7.609909388934616,23.551580132513184,119.39919332752314
490.9104999999548,151.70670037926664,1,9.598485993824486,72.9774079073888,0.003510206693248981,34.49145467426147,0.005696967497043417,72.85613959896071,0.006847608886337699,34.29500393925467,0.008561988020873917,7.609909388934616,23.551580132513184,119.39919332752314
490.9204999999546,151.70670037926664,0,9.598485993824486,70.80374143515496,0.0035093212827050015,33.196892319183654,0.005688400089004001,71.7706478663429,0.006799454992715655,33.26890097013894,0.00839878931664947,7.609909388934616,23.551580132513184,119.39919332752314
490.93049999995435,151.70670037926664,0,9.598485993824486,66.43778304300471,0.0035093212827050015,31.026536628876123,0.005688400089004001,70.73516377620733,0.006753449723259866,32.28219495979742,0.0082417213126624,7.609909388934616,23.551580132513184,119.39919332752314
490.9404999999541,151.70670037926664,0,9.598485993824486,59.7632643492006,0.0035093212827050015,27.718738938827485,0.005688400089004001,69.74386224619093,0.006708941525539672,31.37577953224045,0.008097617038740321,7.609909388934616,23.551580132513184,119.39919332752314
490.9504999999539,151.70670037926664,0,9.598485993824486,50.766429860782125,0.0035093212827050015,23.265931710631328,0.005688400089004001,68.78309001267377,0.006665865342118308,30.537849912280475,0.007964866727482544,7.609909388934616,23.551580132513184,119.39919332752314
490.96049999995364,151.70670037926664,0,9.598485993824486,39.52249113761687,0.0035093212827050015,17.70667001006855,0.005688400089004001,67.84310900921241,0.0066241014072400085,29.76243974081869,0.007842083527030006,7.609909388934616,23.551580132513184,119.39919332752314
490.9704999999534,151.70670037926664,0,9.598485993824486,26.119631399798706,0.0035093212827050015,11.08370662378714,0.005688400089004001,66.94149181734772,0.0065835958418438145,29.041817914959665,0.0077280692358678744,7.609909388934616,23.551580132513184,119.39919332752314
490.98049999995317,151.70670037926664,0,9.598485993824486,10.7550151903576,0.0035093212827050015,3.493402189064315,0.005688400089004001,66.06586476212127,0.00654431887702023,28.367604218891838,0.007621790818866171,7.609909388934616,23.551580132513184,119.39919332752314
490.99049999995293,151.70670037926664,0,0.0,-0.7131214670270771,0.0038128815650748694,-1.511530410475927,0.006513332579550447,65.20735401939541,0.006506176699068188,27.7366395702077,0.0075223563167525175,7.609909388934616,23.551580132513184,119.39919332752314
491.0004999999527,151.70670037926664,0,0.0,-0.14364721849128825,0.004337112518904695,-0.6738592660093716,0.007301178473296801,64.38411336513882,0.006469117556754358,27.145266383695898,0.007428992788009308,7.609909388934616,23.551580132513184,119.39919332752314
491.01049999995246,151.70670037926664,0,0.0,0.24770232373601608,0.00470287137496871,-0.2444161991429432,0.0077174280905217595,63.58496765723482,0.0064331024280926494,26.588239617915956,0.007341030714822205,7.6321980195578165,22.291578600091295,123.03191084840928
491.0204999999522,151.70670037926664,0,0.0,0.5265009876092295,0.004965546260423079,0.015911255035621963,0.007975955697796916,62.801668956827044,0.006398049025186686,26.064174757476742,0.007257884684531559,7.6321980195578165,22.291578600091295,123.03191084840928
491.030499999952,151.70670037926664,0,0.0,0.7301997251864272,0.005160992832973388,0.19965865139097794,0.008163412590931616,62.049721295322634,0.006363947051074346,25.568410342183675,0.007179038268353036,7.6321980195578165,22.291578600091295,123.03191084840928
491.04049999995175,151.70670037926664,0,0.0,0.883197797830749,0.00531241481001741,0.3441091473267317,0.008315417023398945,61.317847390190096,0.006330800712874247,25.09544701355059,0.0071040382111861745,7.6321980195578165,22.291578600091295,123.03191084840928
491.0504999999515,151.70670037926664,0,0.35688398638771346,1.0386400992866216,0.0054729074859632566,0.5197235642805076,0.00850893707435229,60.5993843126838,0.00629852272454347,24.646273727233787,0.007032486968612061,7.6321980195578165,22.291578600091295,123.03191084840928
491.0604999999513,151.70670037926664,0,1.2768903536481322,1.5436969614269263,0.0059572762625233824,1.1428345462298095,0.009128805460839454,59.90771337741259,0.006267116585742288,24.215784795801742,0.006964035509347245,7.6321980195578165,22.291578600091295,123.03191084840928
491.07049999995104,151.70670037926664,0,2.2303536056828164,2.231656797343475,0.006596597633807605,1.8023017963287984,0.009766613813317615,59.23187967282657,0.006236632010148835,23.79820863580193,0.0068983857592452725,7.6321980195578165,22.291578600091295,123.03191084840928
491.0804999999508,151.70670037926664,0,3.2086664365397803,2.858838779844561,0.007172083594491258,2.251518736283484,0.010200318756823267,58.56648200630483,0.00620696091004164,23.396861228885744,0.006835298085002432,7.6321980195578165,22.291578600091295,123.03191084840928
491.09049999995057,151.70670037926664,0,4.2024966682602045,3.3130125633000445,0.007590452713583786,2.488676976088949,0.010436107056115891,57.92645495384332,0.006178083374762493,23.010331037790923,0.006774585042728827,7.6321980195578165,22.291578600091295,123.03191084840928
491.10049999995033,151.70670037926664,0,5.20205310860598,3.581685379149885,0.007844048985720374,2.568974935396028,0.010527041461553295,57.302066033504545,0.006149999367650028,22.635771834297135,0.006716094910851341,7.6321980195578165,22.291578600091295,123.03191084840928
491.1104999999501,151.70670037926664,0,6.197373963662349,3.6929618184795263,0.007954046845439582,2.5589830030223535,0.01053342368598155,56.687667179301584,0.006122618938533205,22.276150129193447,0.006659693253381149,7.6321980195578165,22.291578600091295,123.03191084840928
491.12049999994986,151.70670037926664,1,7.178623693654546,3.686876118047108,0.007962071436745181,2.541390922361818,0.01053342368598155,56.09707142890293,0.006095935566951974,21.929705839483233,0.006605251267666605,7.6321980195578165,22.291578600091295,123.03191084840928
491.1304999999496,151.70670037926664,1,8.13638361724442,3.6701760973384285,0.007962071436745181,2.524786173131637,0.01053342368598155,55.52133532539804,0.006069947051753075,21.594217008626224,0.006552643218333036,7.6321980195578165,22.291578600091295,123.03191084840928
491.1404999999494,151.70670037926664,1,9.061922001505257,3.6603773106698227,0.007962071436745181,2.514987386463031,0.01053342368598155,54.95564393278309,0.006044551015130665,21.27350035177824,0.006501743440766976,7.6321980195578165,22.291578600091295,123.03191084840928
491.15049999994915,153.0612244897958,1,9.598485993824486,3.7777982240875687,0.007962071436745181,2.599859012251577,0.01053342368598155,54.413978081365585,0.006019728245305302,20.96684885645698,0.006452422253751863,7.6321980195578165,22.291578600091295,123.03191084840928
491.1604999999489,153.0612244897958,1,9.598485993824486,6.692098118135993,0.007962071436745181,4.734421753827299,0.01053342368598155,53.88679630960166,0.005995474469694593,20.671206353682518,0.00640454403405682,7.6321980195578165,22.291578600091295,123.03191084840928
491.1704999999487,153.0612244897958,1,9.598485993824486,13.431828322151375,0.007962071436745181,9.682491804946746,0.01053342368598155,53.4055894858498,0.00597135742159183,20.431290722991594,0.00635796752428971,7.6321980195578165,22.291578600091295,123.03191084840928
491.18049999994844,153.0612244897958,1,9.598485993824486,23.803952844680495,0.007962071436745181,17.316632561723765,0.01053342368598155,52.99058266283133,0.005946089563747618,20.284923821697866,0.006312556617364528,7.6321980195578165,22.291578600091295,123.03191084840928
491.1904999999482,153.0612244897958,1,9.598485993824486,37.319722113176894,0.007962071436745181,25.888085410606436,0.010212709366367735,52.57663209223914,0.005921435024452795,22.0286466572764,0.006581828786648717,7.6321980195578165,22.291578600091295,123.03191084840928
491.20049999994797,153.0612244897958,1,9.598485993824486,53.43860555099772,0.007947659665176316,31.53111903440031,0.009340108741858479,52.44451650935833,0.00590649103294635,26.799198017117167,0.007353667304803948,7.6321980195578165,22.291578600091295,123.03191084840928
491.21049999994773,153.0612244897958,1,9.598485993824486,63.96222996474708,0.007180793950395453,35.15477323916174,0.008492253962535015,59.01030167483225,0.006177167788922282,31.038385861750548,0.008042674255648068,7.6321980195578165,22.291578600091295,123.03191084840928
491.2204999999475,153.0612244897958,1,9.598485993824486,69.28544497434243,0.006259411136677993,37.427179306804376,0.007792603581025736,64.86331360851982,0.006446158565052566,34.10447160053776,0.008540720508284576,7.6321980195578165,22.291578600091295,123.03191084840928
491.23049999994726,153.0612244897958,1,9.598485993824486,72.61520464103918,0.005507525328990335,38.73732736391864,0.00723981923301368,69.13472007746977,0.006646070798512447,36.12246841574209,0.008865577294586011,7.6321980195578165,22.291578600091295,123.03191084840928
491.240499999947,153.0612244897958,1,9.598485993824486,74.80175516936042,0.004926101626197727,39.361417081096846,0.006809950168025474,72.11380900437626,0.006785210765925224,37.31892008737765,0.009054293756531257,7.6321980195578165,22.291578600091295,123.03191084840928
491.2504999999468,153.0612244897958,1,9.598485993824486,76.14800932566625,0.00448148980904884,39.48822903619316,0.006478502436548243,74.08639353787508,0.006876941574850609,37.899004370061334,0.009140937850013858,7.6321980195578165,22.291578600091295,123.03191084840928
491.26049999994655,153.0612244897958,1,9.598485993824486,76.83064273325512,0.004145010562765176,39.24528183109491,0.0062250142602514906,75.26667038901148,0.0069318595245117,38.025027555758115,0.009152687186668229,7.6321980195578165,22.291578600091295,123.03191084840928
491.2704999999463,153.0612244897958,1,9.598485993824486,76.98906667985273,0.0038957007369045493,38.740375198149636,0.0060342196394365215,75.8334545350646,0.006957608491944373,37.81801715647656,0.009109397002009592,7.6321980195578165,22.291578600091295,123.03191084840928
491.2804999999461,153.0612244897958,1,9.598485993824486,76.69377022252277,0.003719146526897221,38.035621828829036,0.005895240792532249,75.88873763384717,0.0069594854287609465,37.36218193484583,0.009025019872356727,7.6321980195578165,22.291578600091295,123.03191084840928
491.29049999994584,153.0612244897958,1,9.598485993824486,75.98335865159788,0.0036065275824427928,37.160780654282796,0.005800706089340602,75.49208648253384,0.0069408508973241275,36.71295848206402,0.008908984516105353,7.6321980195578165,22.291578600091295,123.03191084840928
491.3004999999456,153.0612244897958,1,9.598485993824486,74.8760683993924,0.003553900988351255,36.1408894924517,0.005746747404275248,74.69244819647206,0.006903290709129883,35.903918484443366,0.008766590262645611,7.6321980195578165,22.291578600091295,123.03191084840928
491.31049999994536,153.0612244897958,0,9.598485993824486,73.03987215992667,0.003549665227178106,34.960942450882804,0.005732327660932601,73.62625847511349,0.006852489035598905,34.94828286674107,0.008599996251335219,7.6321980195578165,22.291578600091295,123.03191084840928
491.3204999999451,153.0612244897958,0,9.598485993824486,69.09194827116947,0.003549665227178106,33.01786060002465,0.005732327660932601,72.6060950924485,0.006803386382513921,33.99632241442741,0.008434526090469675,7.6321980195578165,22.291578600091295,123.03191084840928
491.3304999999449,153.0612244897958,0,9.598485993824486,62.80679944029801,0.003549665227178106,29.908271828609703,0.005732327660932601,71.62541602773985,0.006755830097863032,33.12623648677189,0.0082828986016685,7.6321980195578165,22.291578600091295,123.03191084840928
491.34049999994465,153.0612244897958,0,9.598485993824486,54.15933407090861,0.003549665227178106,25.62009116577355,0.005732327660932601,70.67439088907126,0.006709718108935254,32.328003075095104,0.0081433881748675,7.6321980195578165,22.291578600091295,123.03191084840928
491.3504999999444,153.0612244897958,0,9.598485993824486,43.18981365419348,0.003549665227178106,20.172786140965105,0.005732327660932601,69.74273784499394,0.006664995150602471,31.591023024937762,0.008014507893244417,7.6321980195578165,22.291578600091295,123.03191084840928
491.3604999999442,153.0612244897958,0,9.598485993824486,30.0169426044896,0.003549665227178106,13.625952922399259,0.005732327660932601,68.84521643904463,0.006621576428613722,30.909086052105454,0.00789497354536189,7.6321980195578165,22.291578600091295,123.03191084840928
491.37049999994395,153.0612244897958,0,9.598485993824486,14.816345654362548,0.003549665227178106,6.067579888045449,0.005732327660932601,67.97333749231164,0.006579395710323008,30.275948475143494,0.007783677566978545,7.6321980195578165,22.291578600091295,123.03191084840928
491.3804999999437,153.0612244897958,0,0.0,0.17410136656689668,0.003734204242257084,-0.7711609309346072,0.00629327458969235,67.1175232120061,0.006538426982925569,29.683860359327227,0.007679663543079517,7.6321980195578165,22.291578600091295,123.03191084840928
491.3904999999435,153.0612244897958,0,0.0,0.8455895051663398,0.0042938841914527135,0.20718152275463098,0.007152504574041506,66.29270777448514,0.006498598422088934,29.130115710740345,0.007582103210640623,7.6321980195578165,22.291578600091295,123.03191084840928
491.40049999994324,153.0612244897958,0,0.0,1.3253762127325635,0.004683200232459907,0.7219684151494259,0.0075896404507896685,65.49186574456746,0.006459830514828914,28.612170783594824,0.007490279558616496,7.6321980195578165,22.291578600091295,123.03191084840928
491.410499999943,153.0612244897958,0,0.0,1.6787343429518327,0.00496165250963324,1.0401088323932282,0.007848571706192386,64.70573249742728,0.006422114357039188,28.123825472518764,0.007403566806264162,7.6321980195578165,22.291578600091295,123.03191084840928
491.42049999994276,153.0612244897958,0,0.0,1.9487914820788887,0.005167785619831383,1.27012190628012,0.00802816404058849,63.94747199560445,0.006385403378151506,27.662588455749475,0.007321413969631183,7.6321980195578165,22.291578600091295,123.03191084840928
491.4304999999425,153.0612244897958,0,0.0,2.164553545855529,0.005326565218632663,1.457374109306388,0.008169022965460048,63.20971423877087,0.006349660486505802,27.225620907440643,0.007243337365221645,7.6321980195578165,22.291578600091295,123.03191084840928
491.4404999999423,153.0612244897958,0,0.26702742788765577,2.358834822725146,0.005475175443874035,1.6431086134248845,0.008321429752957667,62.48432097173732,0.006314879593135731,26.808611392507732,0.007168912702779331,7.6321980195578165,22.291578600091295,123.03191084840928
491.45049999994205,153.0612244897958,0,1.183249725882545,2.8816708851352213,0.0059346351947053054,2.248237604270645,0.008882568516642587,61.78335055076338,0.0062810150695695,26.409829652959406,0.007097767651575755,7.6321980195578165,22.291578600091295,123.03191084840928
491.4604999999418,153.0612244897958,0,2.1337405241813343,3.622134749720091,0.006578773676425548,2.9405285485610126,0.00950698560264735,61.09960984502817,0.00624806504277877,26.02639950868955,0.007029582420840504,7.6321980195578165,22.291578600091295,123.03191084840928
491.4704999999416,153.0612244897958,0,3.1099783714050067,4.315257941542605,0.007174103543732996,3.4367678443883727,0.009943245867821991,60.42598707288475,0.006216009311957342,25.65602972831322,0.006964097187745717,7.6321980195578165,22.291578600091295,123.03191084840928
491.48049999994134,153.0612244897958,0,4.102692100820896,4.837271939521218,0.007614613800407383,3.722617132407226,0.010183897185147978,59.77520420988111,0.006184792319206044,25.299482191816544,0.006901107834437778,7.6321980195578165,22.291578600091295,123.03191084840928
491.4904999999411,153.0612244897958,0,5.102123708233254,5.171734913138291,0.00788708045771185,3.853253183970745,0.01027990235595049,59.14128736389026,0.006154372099506282,24.956651277277984,0.006840449370328398,7.6321980195578165,22.291578600091295,123.03191084840928
491.50049999994087,153.0612244897958,0,6.098315125836364,5.340211999571185,0.008012220156403996,3.8846457012509616,0.010286963324261383,58.51680123856684,0.0061247450731547765,24.624968827284867,0.006781976872814791,7.6321980195578165,22.291578600091295,123.03191084840928
491.51049999994063,153.0612244897958,1,7.081404893279695,5.379676138154121,0.008025746042403498,3.9057438623536904,0.010286963324261383,57.91359334317717,0.006095866175477651,24.305107241948317,0.006725553149703944,7.6321980195578165,22.291578600091295,123.03191084840928
491.5204999999404,153.0612244897958,1,8.041920043993349,5.402215701891281,0.008025746042403498,3.928377147893269,0.010286963324261383,57.3261829765579,0.0060676950496420575,23.997303269378822,0.0066710451368650735,7.6321980195578165,22.291578600091295,123.03191084840928
491.53049999994016,153.0612244897958,1,8.971048855492757,5.426244350769554,0.008025746042403498,3.952405796771542,0.010286963324261383,56.74778319883579,0.006040221254201006,23.699597554990802,0.006618320893793007,7.6321980195578165,22.291578600091295,123.03191084840928
491.5404999999399,153.45268542199477,1,9.598485993824486,5.496872156953842,0.008025746042403498,4.009743486795548,0.010286963324261383,56.19006822027478,0.006013393970328738,23.413172023402172,0.0065672457823291695,7.6321980195578165,22.291578600091295,123.03191084840928
491.5504999999397,153.45268542199477,1,9.598485993824486,8.0827332365348,0.008025746042403498,5.825599374241033,0.010286963324261383,55.64760537216713,0.005987167913963572,23.13814873852544,0.006517679960856065,7.6321980195578165,22.291578600091295,123.03191084840928
491.56049999993945,153.45268542199477,1,9.598485993824486,14.509650388066204,0.008025746042403498,10.325258145806993,0.010286963324261383,55.112223445415,0.005961577829380446,22.869870828277264,0.006469477816531885,7.6321980195578165,22.291578600091295,123.03191084840928
491.5704999999392,153.45268542199477,1,9.598485993824486,24.54024443658189,0.008025746042403498,17.34280622110245,0.010286963324261383,54.59434600235001,0.0059365987961411465,22.60815988565689,0.006422498166689489,7.6321980195578165,22.291578600091295,123.03191084840928
491.580499999939,153.45268542199477,1,9.598485993824486,37.80200895459093,0.008025746042403498,26.079483358206954,0.010143434714188567,54.08867991861116,0.005912207841146513,23.207872788356386,0.006518078167575493,7.6321980195578165,22.291578600091295,123.03191084840928
491.59049999993874,153.45268542199477,1,9.598485993824486,53.790836729776444,0.008024132778542347,32.084735104069466,0.009352702964363689,53.62379737812083,0.005889479281898318,27.491693104262332,0.007223455006807674,7.6321980195578165,22.291578600091295,123.03191084840928
491.6004999999385,153.45268542199477,1,9.598485993824486,64.96840478929782,0.007299751981773885,35.824055780902896,0.008513350574148655,60.00016408793532,0.0061504695124513465,31.70691674074629,0.007919771475537232,7.6321980195578165,22.291578600091295,123.03191084840928
491.61049999993827,153.45268542199477,1,9.598485993824486,70.51115841187081,0.006361498667845565,38.15702257240913,0.007810476405485371,65.98119520635059,0.006426785853757472,34.816399110750346,0.008434867858470673,7.6321980195578165,22.291578600091295,123.03191084840928
491.62049999993803,153.45268542199477,1,9.598485993824486,73.94584338219211,0.005588806993548649,39.51326798530789,0.007253173492239549,70.36297008338563,0.006634000564292716,36.87443384197577,0.008776006088054282,7.6321980195578165,22.291578600091295,123.03191084840928
491.6304999999378,153.45268542199477,1,9.598485993824486,76.1824115146548,0.004990302235948584,40.163178027470366,0.0068190774002387464,73.41331525343841,0.006778931390986461,38.09954801008741,0.00897889764859954,7.6321980195578165,22.291578600091295,123.03191084840928
491.64049999993756,153.45268542199477,1,9.598485993824486,77.55191272117192,0.004532133693344205,40.30249699598192,0.006483842452786609,75.4301163429804,0.006875216268806146,38.69849871330382,0.009077742250208527,7.6321980195578165,22.291578600091295,123.03191084840928
491.6504999999373,153.45268542199477,1,9.598485993824486,78.25405789092456,0.004184959501424675,40.0707036464028,0.0062271796121063745,76.63739105751768,0.006933742731163936,38.83373290417036,0.009099792323581463,7.6321980195578165,22.291578600091295,123.03191084840928
491.6604999999371,153.45268542199477,1,9.598485993824486,78.41394399072999,0.003926938140870698,39.56680316813143,0.0060335724867389175,77.21442823920329,0.006962403597936987,38.62917216219824,0.009065351861461074,7.6321980195578165,22.291578600091295,123.03191084840928
491.67049999993685,153.45268542199477,1,9.598485993824486,78.11363834870822,0.0037429145660148335,38.85826681046962,0.0058918710139024225,77.27202049194487,0.006966762031430585,38.17197109559885,0.008988809473717583,7.6321980195578165,22.291578600091295,123.03191084840928
491.6804999999366,153.45268542199477,1,9.598485993824486,77.4028859098566,0.0036236178187452088,37.982084309778614,0.005794627766959376,76.875794811323,0.006950349683071552,37.51842369457992,0.008879796345078177,7.6321980195578165,22.291578600091295,123.03191084840928
491.6904999999364,153.45268542199477,1,9.598485993824486,76.29323438575415,0.003564519286256146,36.95917026701514,0.005737685521194984,76.07371360683311,0.006914927607238932,36.70425942237056,0.008743990760592136,7.6321980195578165,22.291578600091295,123.03191084840928
491.70049999993614,153.45268542199477,0,9.598485993824486,74.56247049886636,0.0035574677954957187,35.786251192598165,0.0057201544181211,74.96783261742749,0.006864706186561327,35.742364018628976,0.008583467700074954,7.6321980195578165,22.291578600091295,123.03191084840928
491.7104999999359,153.45268542199477,0,9.598485993824486,70.8170138613647,0.0035574677954957187,33.94206897773391,0.0057201544181211,73.90390484242421,0.00681557456175866,34.76507177381106,0.008420537334917308,7.6321980195578165,22.291578600091295,123.03191084840928
491.72049999993567,153.45268542199477,0,9.598485993824486,64.7435003316641,0.0035574677954957187,30.94833429355611,0.0057201544181211,72.88002854984458,0.0067680089641154505,33.87007414997745,0.008271180749923522,7.6321980195578165,22.291578600091295,123.03191084840928
491.73049999993543,153.45268542199477,0,9.598485993824486,56.30886155183681,0.0035574677954957187,26.789075322229543,0.0057201544181211,71.88819273577442,0.006721900655025098,33.04750662212126,0.008133706205532821,7.6321980195578165,22.291578600091295,123.03191084840928
491.7404999999352,153.45268542199477,0,9.598485993824486,45.531094730789114,0.0035574677954957187,21.472481866390872,0.0057201544181211,70.92000186003176,0.006677193414586187,32.286877230552726,0.008006655763157247,7.6321980195578165,22.291578600091295,123.03191084840928
491.75049999993496,153.45268542199477,0,9.598485993824486,32.54850556429702,0.0035574677954957187,15.067205971873072,0.0057201544181211,69.98598003514809,0.006633802444154307,31.581830677578886,0.007888770582285251,7.6321980195578165,22.291578600091295,123.03191084840928
491.7604999999347,153.45268542199477,0,9.598485993824486,17.517677903146208,0.0035574677954957187,7.6508952228229195,0.0057201544181211,69.07946622577856,0.006591659673908839,30.926172058413268,0.0077789646977256795,7.6321980195578165,22.291578600091295,123.03191084840928
491.7704999999345,153.45268542199477,0,0.0,0.7265129664547132,0.003661563787537673,-0.35645485659864296,0.006085189671856259,68.19294361707476,0.0065507346740848,30.31252856075423,0.00767630023153107,7.6321980195578165,22.291578600091295,123.03191084840928
491.78049999993425,153.45268542199477,0,0.0,1.407072247511565,0.004255463029263006,0.6309209264611324,0.0069799003428192225,67.33681367343924,0.006510962834172946,29.73738576597134,0.007579965322160548,7.6321980195578165,22.291578600091295,123.03191084840928
491.790499999934,153.45268542199477,0,0.0,1.88386284952955,0.004667455337357762,1.131357584600058,0.007430004236544857,66.50579653105747,0.0064722703574463655,29.198022254855175,0.007489257197064427,7.6321980195578165,22.291578600091295,123.03191084840928
491.8004999999338,153.45268542199477,0,0.0,2.2268850093837336,0.004961009986602211,1.4268151311378086,0.007693135800874977,65.69277916098926,0.0064346394226851645,28.688858275977086,0.0074035628038665304,7.6321980195578165,22.291578600091295,123.03191084840928
491.81049999993354,153.45268542199477,0,0.0,2.482325334593852,0.0051772653716576494,1.631968174671139,0.007873738565922099,64.90717240024019,0.0063980225957496134,28.207327956844853,0.007322342534792694,7.6321980195578165,22.291578600091295,123.03191084840928
491.8204999999333,153.45268542199477,0,0.0,2.6808615336556443,0.005342887221477549,1.7943729366952628,0.008014654686620897,64.1433152288867,0.0063623810796587365,27.7506176382881,0.0072451221093822816,7.6321980195578165,22.291578600091295,123.03191084840928
491.83049999993307,153.45268542199477,0,0.04423474230943946,2.8409155073672308,0.005475169091878848,1.9325439844773413,0.008133855628376372,63.39477272897363,0.00632770377076823,27.31457073729876,0.0071714850869128285,7.6321980195578165,22.291578600091295,123.03191084840928
491.84049999993283,153.45268542199477,0,0.9506684987523173,3.236044825628098,0.00584340625893988,2.3853660892112156,0.008579929644052393,62.67090861805622,0.006293939993995604,26.898279655669445,0.007101065937338486,7.6321980195578165,22.291578600091295,123.03191084840928
491.8504999999326,153.45268542199477,0,1.8933564680900827,3.935733107348012,0.006473427062153266,3.0582197587683586,0.009209884280423073,61.96536930805873,0.006261085162945246,26.49816339510764,0.007033548284067039,7.6321980195578165,22.291578600091295,123.03191084840928
491.86049999993236,153.45268542199477,0,2.8640016930344108,4.643405060011586,0.0071016453159413575,3.5768493205657026,0.00968684528665719,61.27293090184232,0.0062291201995160654,26.112111156454326,0.006968671648588799,7.6321980195578165,22.291578600091295,123.03191084840928
491.8704999999321,153.45268542199477,0,3.8534970122142056,5.198033532654331,0.007588847097388342,3.8834644711794484,0.009964546323338262,60.602626052405824,0.006197995814125842,25.740353024187392,0.006906232508459746,7.6321980195578165,22.291578600091295,123.03191084840928
491.8804999999319,153.45268542199477,0,4.852179949351533,5.562213419746346,0.007904158456883675,4.027064491933908,0.01008960532585825,59.94990852111338,0.006167672920170365,25.38254000570129,0.006846069803710462,7.6321980195578165,22.291578600091295,123.03191084840928
491.89049999993165,153.45268542199477,0,5.850114777039626,5.753190675219954,0.008064692729643923,4.0564310032822855,0.010109498128800392,59.309286338293205,0.0061381402007471015,25.036666172384358,0.006788045107893354,7.6321980195578165,22.291578600091295,123.03191084840928
491.9004999999314,153.45268542199477,1,6.837388080425498,5.798715338785094,0.008096641991794903,4.061353529650457,0.010109498128800392,58.68910193772318,0.006109357693725389,24.70299265713085,0.0067320287990505255,7.6321980195578165,22.291578600091295,123.03191084840928
491.9104999999312,153.45268542199477,1,7.804403215439145,5.805138024184833,0.008096641991794903,4.0678556331653235,0.010109498128800392,58.085108978295985,0.006081290593875281,24.38135182098189,0.006677894886467786,7.6321980195578165,22.291578600091295,123.03191084840928
491.92049999993094,153.45268542199477,1,8.742159132633734,5.813377736499925,0.008096641991794903,4.076095345480416,0.010109498128800392,57.49237900090587,0.006053922469394899,24.070284290535493,0.006625517992450755,7.6321980195578165,22.291578600091295,123.03191084840928
491.9304999999307,153.45268542199477,1,9.598485993824486,5.823901603192426,0.008096641991794903,4.0866977522722,0.010109498128800392,56.918997856472224,0.006027210517912526,23.770296978264586,0.006574770240659971,7.6321980195578165,22.291578600091295,123.03191084840928
491.94049999993047,152.86624203821646,1,9.598485993824486,7.445771075939479,0.008096641991794903,5.182102779616628,0.010109498128800392,56.36134464355486,0.006001111815504833,23.481768119281135,0.006525518488932462,7.6321980195578165,22.291578600091295,123.03191084840928
491.95049999993023,152.86624203821646,1,9.598485993824486,12.956956427521355,0.008096641991794903,8.893239281597733,0.010109498128800392,55.81326847216473,0.005975639174926854,23.201135158458246,0.006477622135994951,7.6321980195578165,22.291578600091295,123.03191084840928
491.96049999993,152.86624203821646,1,9.598485993824486,22.172030352716952,0.008096641991794903,15.095286939881602,0.010109498128800392,55.281954015167045,0.005950774336182018,22.927756108296464,0.006430941192288109,7.6321980195578165,22.291578600091295,123.03191084840928
491.97049999992976,152.86624203821646,1,9.598485993824486,34.74980018680291,0.008096641991794903,23.543427765511034,0.010098140386333495,54.763339988163594,0.00592649755915313,22.72923134185478,0.006396647748277543,7.6321980195578165,22.291578600091295,123.03191084840928
491.9804999999295,152.86624203821646,1,9.598485993824486,50.219002334870986,0.008096641991794903,30.446712010279604,0.009475095289531192,54.25270117073336,0.00590280696485654,26.101037145043925,0.006952995290250976,7.6321980195578165,22.291578600091295,123.03191084840928
491.9904999999293,152.86624203821646,1,9.598485993824486,63.650150873728194,0.007597124532186643,34.62077952724695,0.00863916386948293,58.931381387927885,0.006087423547977475,30.416783418831084,0.007666622036375671,7.6321980195578165,22.291578600091295,123.03191084840928
492.00049999992905,152.86624203821646,1,9.598485993824486,70.11913122639008,0.0066362450603802,37.22975121187396,0.00791283586759549,65.33689877832163,0.0063793197365619655,33.76507650654201,0.008222282202799587,7.6321980195578165,22.291578600091295,123.03191084840928
492.0104999999288,152.86624203821646,1,9.598485993824486,73.99686921144533,0.005810360411601208,38.79620102618683,0.007331389225469513,70.15130658198883,0.006606195921954631,36.0418216572158,0.008600833222865555,7.658372625622754,20.897019701717866,124.2222194733974
492.0204999999286,152.86624203821646,1,9.598485993824486,76.5206361959456,0.005165899807202844,39.60367678904558,0.006876679631820449,73.5394285724338,0.006767119378020654,37.44440239507635,0.00883441676398028,7.658372625622754,20.897019701717866,124.2222194733974
492.03049999992834,152.86624203821646,1,9.598485993824486,78.10228610618948,0.004671109829642532,39.862359307907425,0.006524476034813832,75.81571802827703,0.006875898875114766,38.18313583419095,0.008957808538125295,7.658372625622754,20.897019701717866,124.2222194733974
492.0404999999281,152.86624203821646,1,9.598485993824486,78.9789012737331,0.004294817557174954,39.72980956523245,0.006254001143232427,77.2263365286512,0.0069442132407828245,38.42779988793805,0.00899932239488394,7.658372625622754,20.897019701717866,124.2222194733974
492.05049999992787,152.86624203821646,1,9.598485993824486,79.27362883573396,0.004013073662681582,39.30317848040269,0.006048831144478918,77.96152906537144,0.006980688359713491,38.30996052377909,0.008980603858911317,7.658372625622754,20.897019701717866,124.2222194733974
492.06049999992763,152.86624203821646,1,9.598485993824486,79.08544270359504,0.0038089385024340215,38.65833660882532,0.005896945821929488,78.14827143819385,0.00699153842762652,37.923803374349745,0.00891723254414629,7.658372625622754,20.897019701717866,124.2222194733974
492.0704999999274,152.86624203821646,1,9.598485993824486,78.4823524822262,0.0036717825706494935,37.84389844195928,0.005790265561317996,77.86578686299245,0.006980775605328245,37.3315805589977,0.00881969380633189,7.658372625622754,20.897019701717866,124.2222194733974
492.08049999992716,152.86624203821646,1,9.598485993824486,77.4753862861048,0.0035956900939671287,36.88003867739909,0.005723839109604032,77.16749026325851,0.006950626895703712,36.574093422504255,0.00869459450949972,7.658372625622754,20.897019701717866,124.2222194733974
492.0904999999269,152.86624203821646,0,9.598485993824486,76.02154995413133,0.003577902364316019,35.77215828664879,0.0056959458080433675,76.08817280073659,0.006902704434099441,35.66944021742901,0.008544899740847043,7.658372625622754,20.897019701717866,124.2222194733974
492.1004999999267,152.86624203821646,0,9.598485993824486,72.90743707300989,0.003577902364316019,34.23764255820595,0.005695025521548656,75.0024908627639,0.006853013352865883,34.691033627876486,0.008382996138145601,7.658372625622754,20.897019701717866,124.2222194733974
492.11049999992645,152.86624203821646,0,9.598485993824486,67.48068726136586,0.003577902364316019,31.617861666465025,0.005695025521548656,73.95748893451476,0.006804961828356277,33.79022089883058,0.008233853630068644,7.658372625622754,20.897019701717866,124.2222194733974
492.1204999999262,152.86624203821646,0,9.598485993824486,59.69047738780667,0.003577902364316019,27.856666824597347,0.005695025521548656,72.94515186531171,0.006758393882536609,32.962355909570164,0.008096684158945362,7.658372625622754,20.897019701717866,124.2222194733974
492.130499999926,152.86624203821646,0,9.598485993824486,49.52697377380241,0.003577902364316019,22.94893117112293,0.005695025521548656,71.95922352124151,0.0067132391272319274,32.19757168770059,0.007970012576354562,7.658372625622754,20.897019701717866,124.2222194733974
492.14049999992574,152.86624203821646,0,9.598485993824486,37.12573293097435,0.003577902364316019,16.960332820938508,0.005695025521548656,71.0063580188569,0.006669416933032545,31.48890608753504,0.007852565748205425,7.658372625622754,20.897019701717866,124.2222194733974
492.1504999999255,152.86624203821646,0,9.598485993824486,22.616680963478654,0.003577902364316019,9.953805574663221,0.005695025521548656,70.08140830620914,0.006626861240398309,30.829848512935325,0.007743245310283319,7.658372625622754,20.897019701717866,124.2222194733974
492.16049999992526,152.86624203821646,0,9.598485993824486,6.166529328400008,0.003577902364316019,2.1171412314678006,0.005762813626436685,69.17904210000744,0.006585528960358969,30.2137719970582,0.007641102755002365,7.658372625622754,20.897019701717866,124.2222194733974
492.170499999925,152.86624203821646,0,0.0,1.3457548026954815,0.004115660627681481,0.46891707273676575,0.006740173390345537,68.30564939179033,0.006545364333212682,29.636213639885135,0.007545317533432754,7.658372625622754,20.897019701717866,124.2222194733974
492.1804999999248,152.86624203821646,0,0.0,1.870286614620439,0.004575565517906247,1.066722832550465,0.00728486830217433,67.45754517040265,0.0065063000351055535,29.094203249316717,0.007455179829493378,7.658372625622754,20.897019701717866,124.2222194733974
492.19049999992455,152.86624203821646,0,0.0,2.2428358383062497,0.004900287062934891,1.4009291257373433,0.007588567944614375,66.62980892406962,0.00646830153269759,28.58312089110314,0.007370071933034987,7.658372625622754,20.897019701717866,124.2222194733974
492.2004999999243,152.86624203821646,0,0.0,2.5159546517438955,0.00513680288878741,1.6211125348296465,0.00778773065064759,65.82837014154012,0.006431326034210925,28.099948626036873,0.007289451093973621,7.658372625622754,20.897019701717866,124.2222194733974
492.2104999999241,152.86624203821646,0,0.0,2.724172503870009,0.005315577048925556,1.7886123300827546,0.007938135049069397,65.04897148054093,0.006395337658046558,27.64162821558506,0.0072128398194836706,7.658372625622754,20.897019701717866,124.2222194733974
492.22049999992385,152.86624203821646,0,0.0,2.8891820533910777,0.005456375393874334,1.9282047614989266,0.008063002247291668,64.28713497369245,0.006360315117363787,27.204650270733147,0.007139818338643723,7.658372625622754,20.897019701717866,124.2222194733974
492.2304999999236,152.86624203821646,0,0.447152577874474,3.080889059805317,0.005634034451050157,2.128106580885409,0.008262529654488855,63.548936439297286,0.006326215602916836,26.787630542837125,0.007070018041252225,7.658372625622754,20.897019701717866,124.2222194733974
492.2404999999234,152.86624203821646,0,1.3708663436648025,3.6489831490601787,0.006157075414480275,2.7469325101508844,0.00885712192438246,62.82967316727581,0.006293017561117435,26.387521012026774,0.0070031172143443145,7.658372625622754,20.897019701717866,124.2222194733974
492.25049999992314,152.86624203821646,0,2.327215784887949,4.378206720918566,0.0068133840939296735,3.3661105397088287,0.009435957483613307,62.12542437530098,0.006260715284820246,26.00166038619079,0.0069388422641355404,7.658372625622754,20.897019701717866,124.2222194733974
492.2604999999229,152.86624203821646,0,3.3075100568724776,5.025070974590476,0.0073887572639694445,3.7804934321514825,0.00981841840278582,61.44206319721401,0.006229263393335545,25.62985210725013,0.006876975792869385,7.658372625622754,20.897019701717866,124.2222194733974
492.27049999992266,152.86624203821646,0,4.302358639469016,5.490372986936823,0.007798515374240347,4.002350197259485,0.010020191942387905,60.77637873568363,0.006198625247154874,25.27155083775346,0.0068173508229406755,7.658372625622754,20.897019701717866,124.2222194733974
492.2804999999224,152.86624203821646,0,5.301940048272467,5.768905862761731,0.008040573872514873,4.083946851387365,0.01009068874932204,60.124745444389475,0.006168779408501805,24.92545417060729,0.006759831414562371,7.658372625622754,20.897019701717866,124.2222194733974
492.2904999999222,152.86624203821646,0,6.296291744053338,5.88542602958302,0.008137566937795847,4.088336627649685,0.010092415454767398,59.492392996601666,0.0061396914875051795,24.59141984283728,0.00670429528443079,7.658372625622754,20.897019701717866,124.2222194733974
492.30049999992195,152.86624203821646,1,7.275607025531121,5.894001247771998,0.008141354284240647,4.090869095797261,0.010092415454767398,58.87621512116597,0.00611133148968144,24.268986180248884,0.006650624908414336,7.658372625622754,20.897019701717866,124.2222194733974
492.3104999999217,152.86624203821646,1,8.23052420819867,5.898069625202419,0.008141354284240647,4.094937473227683,0.010092415454767398,58.272987691337626,0.006083677307352724,23.957222185766582,0.006598703260196747,7.658372625622754,20.897019701717866,124.2222194733974
492.3204999999215,152.86624203821646,1,9.15239392471444,5.904236703761195,0.008141354284240647,4.101157144811407,0.010092415454767398,57.687857534165204,0.006056690833553774,23.656329701794753,0.006548411427423654,7.658372625622754,20.897019701717866,124.2222194733974
492.33049999992124,151.70670037926664,1,9.598485993824486,6.1576497189278765,0.008141354284240647,4.27330318679647,0.010092415454767398,57.11826203992128,0.006030336820310978,23.366301970813083,0.006499626246310997,7.658372625622754,20.897019701717866,124.2222194733974
492.340499999921,151.70670037926664,1,9.598485993824486,9.5351178272697,0.008141354284240647,6.528518921638492,0.010092415454767398,56.560637611352256,0.006004597088846039,23.085598283575614,0.0064522164722507335,7.658372625622754,20.897019701717866,124.2222194733974
492.35049999992077,151.70670037926664,1,9.598485993824486,16.74989652109886,0.008141354284240647,11.34179026198816,0.010092415454767398,56.01887700249352,0.005979465523440272,22.812631263739814,0.006406044677972183,7.658372625622754,20.897019701717866,124.2222194733974
492.36049999992053,151.70670037926664,1,9.598485993824486,27.535521351724576,0.008141354284240647,18.535478845241336,0.010092415454767398,55.48998974641814,0.005954927343113186,22.54632779132388,0.006360980421978869,7.658372625622754,20.897019701717866,124.2222194733974
492.3704999999203,151.70670037926664,1,9.598485993824486,41.49795627945214,0.008141354284240647,26.910207716930113,0.009871340290748987,54.970833963542404,0.00593097403738252,23.597893605041904,0.006533938370827705,7.658372625622754,20.897019701717866,124.2222194733974
492.38049999992006,151.70670037926664,1,9.598485993824486,57.76106800309955,0.008076882634109071,32.30927045149187,0.009073167612571738,55.502886906877166,0.005943673236660546,27.884535186852784,0.007241956171363461,7.658372625622754,20.897019701717866,124.2222194733974
492.3904999999198,151.70670037926664,1,9.598485993824486,67.40828854889419,0.007221061328306627,35.66889878981599,0.00827810467528,62.337840583622345,0.006235230838779876,31.80758928306461,0.007892024004664063,7.658372625622754,20.897019701717866,124.2222194733974
492.4004999999196,151.70670037926664,1,9.598485993824486,72.52007793730039,0.006294923974676702,37.76467246323205,0.007621080728385248,68.10696884514245,0.006503365468992925,34.64296076286665,0.008363183320085921,7.658372625622754,20.897019701717866,124.2222194733974
492.41049999991935,151.70670037926664,1,9.598485993824486,75.75571455039768,0.00554696050703726,38.9569592392363,0.007101637244391951,72.29081775538042,0.006701161783970038,36.494378481076026,0.008671368177153941,7.658372625622754,20.897019701717866,124.2222194733974
492.4204999999191,151.70670037926664,1,9.598485993824486,77.85351266790124,0.004968300226649854,39.49624347515559,0.006696935429838494,75.1855796352377,0.006838941273751849,37.575287997259565,0.008851769605260407,7.658372625622754,20.897019701717866,124.2222194733974
492.4304999999189,151.70670037926664,1,9.598485993824486,79.13951457894566,0.004525506803723957,39.57513148120464,0.006384469119799587,77.07950367368039,0.006929866062307609,38.07574973276473,0.008935947556839584,7.658372625622754,20.897019701717866,124.2222194733974
492.44049999991864,151.70670037926664,1,9.598485993824486,79.75832155598485,0.00419010133693,39.30363033486019,0.006145292164805146,78.19455889310572,0.0069842584263257075,38.148098626534214,0.00894921495074279,7.658372625622754,20.897019701717866,124.2222194733974
492.4504999999184,151.70670037926664,1,9.598485993824486,79.839895694751,0.00394118927459164,38.7761439495744,0.005965034464477618,78.69093136929331,0.007009783590783574,37.90555425719612,0.008910326064983988,7.658372625622754,20.897019701717866,124.2222194733974
492.46049999991817,151.70670037926664,1,9.598485993824486,79.48489716420049,0.0037649846155180964,38.0630672987601,0.00583374988960068,78.6757682470956,0.0070115594919612275,37.42687264781547,0.008832194936904156,7.658372625622754,20.897019701717866,124.2222194733974
492.47049999991793,151.70670037926664,1,9.598485993824486,78.71258365488379,0.0036526510422803535,37.189841722959564,0.005744645209097063,78.21958292634973,0.00699281185617573,36.76546665755362,0.008723617585429007,7.658372625622754,20.897019701717866,124.2222194733974
492.4804999999177,151.70670037926664,1,9.598485993824486,77.48454580142216,0.003600616631843814,36.11249433948237,0.005694124091472513,77.30036703480097,0.006955928989971945,35.88457518936597,0.008589606734213672,7.658372625622754,20.897019701717866,124.2222194733974
492.49049999991746,151.70670037926664,0,9.598485993824486,75.5102491546835,0.003596725466978662,34.869641288945125,0.005681069915738527,76.12233174766284,0.006906243427251046,34.862730962791886,0.00843239814151102,7.658372625622754,20.897019701717866,124.2222194733974
492.5004999999172,151.70670037926664,0,9.598485993824486,71.42299296437983,0.003596725466978662,32.88939781635561,0.005681069915738527,75.0082107872338,0.006858356676676516,33.85161564895357,0.008276603448610214,7.658372625622754,20.897019701717866,124.2222194733974
492.510499999917,151.70670037926664,0,9.598485993824486,64.99643245262973,0.003596725466978662,29.796576220413165,0.005681069915738527,73.92979870839874,0.006812044259566207,32.91988467825275,0.008133683608826906,7.658372625622754,20.897019701717866,124.2222194733974
492.52049999991675,151.70670037926664,0,9.598485993824486,56.17989096220641,0.003596725466978662,25.567205019068446,0.005681069915738527,72.88277876166572,0.0067672053290590214,32.05798954490072,0.008002036925539796,7.658372625622754,20.897019701717866,124.2222194733974
492.5304999999165,151.70670037926664,0,9.598485993824486,45.07151664624209,0.003596725466978662,20.24790748774111,0.005681069915738527,71.87001732056049,0.006723759459149214,31.25760013080687,0.007880281923030351,7.658372625622754,20.897019701717866,124.2222194733974
492.5404999999163,151.70670037926664,0,9.598485993824486,31.75840300066168,0.003596725466978662,13.879939446331925,0.005681069915738527,70.88730810911008,0.006681642584039978,30.51100716756659,0.007767226966681911,7.658372625622754,20.897019701717866,124.2222194733974
492.55049999991604,151.70670037926664,0,9.598485993824486,16.357969164776335,0.003596725466978662,6.51951863645799,0.005681069915738527,69.93161228609289,0.006640784300901513,29.81251449910602,0.007661843321851319,7.658372625622754,20.897019701717866,124.2222194733974
492.5604999999158,151.70670037926664,0,0.0,0.32478484682282227,0.0037362711200076507,-0.7939248667194443,0.006126473704329045,69.00571361299038,0.006601132890847569,29.15649421317986,0.007563241753748544,7.658372625622754,20.897019701717866,124.2222194733974
492.57049999991557,151.70670037926664,0,0.0,0.9189269405660871,0.0043127115554779695,0.09122624734852014,0.0069897414123520395,68.10631963102132,0.006562643491828852,28.538052662348473,0.007470653563007165,7.658372625622754,20.897019701717866,124.2222194733974
492.58049999991533,151.70670037926664,0,0.0,1.3179997716565865,0.0047131399756966995,0.517453896320883,0.007431552445479433,67.2317899637223,0.006525233396574794,27.955189530261052,0.007383412571681417,7.658372625622754,20.897019701717866,124.2222194733974
492.5904999999151,151.70670037926664,0,0.0,1.5899147376039475,0.004998862443735749,0.7515950660818089,0.007695790979678718,66.38451936833206,0.0064888661419031275,27.40379693252764,0.007300936711921714,7.658372625622754,20.897019701717866,124.2222194733974
492.60049999991486,151.70670037926664,0,0.0,1.7784617197917663,0.005209635940571165,0.9013176255129243,0.007881491801643891,65.56089172809445,0.006453516645379482,26.879622475129118,0.00722271433256468,7.658372625622754,20.897019701717866,124.2222194733974
492.6104999999146,151.70670037926664,0,0.0,1.9137197500451664,0.00537125729985734,1.0121847505361905,0.008029342023859652,64.75889710553821,0.006419133968847856,26.380737205777557,0.0071482950512981305,7.658372625622754,20.897019701717866,124.2222194733974
492.6204999999144,151.70670037926664,0,0.0,2.013636301263554,0.0055004774188524876,1.1019623439038404,0.00815643218210802,63.98079809476002,0.006385692760729453,25.904098459318288,0.007077282926354533,7.658372625622754,20.897019701717866,124.2222194733974
492.63049999991415,151.70670037926664,0,0.447152577874474,2.1454220093078753,0.005670297678034348,1.2574464017365221,0.008362809007575495,63.2238244739697,0.006353167063117294,25.44713103869581,0.007009331249471046,7.658372625622754,20.897019701717866,124.2222194733974
492.6404999999139,151.70670037926664,0,1.3708663436648025,2.658640036919156,0.006188842747404915,1.8452836830338901,0.008975531685406218,62.485173476522675,0.00632152032624033,25.007630612840096,0.006944137386896784,7.658372625622754,20.897019701717866,124.2222194733974
492.6504999999137,151.70670037926664,0,2.327215784887949,3.3361290833183888,0.006842835257349943,2.4333868009783637,0.009571189099819568,61.76699472992341,0.006290753645971486,24.582909300741935,0.006881444236900582,7.658372625622754,20.897019701717866,124.2222194733974
492.66049999991344,151.70670037926664,0,3.3075100568724776,3.932649068683268,0.007416741391215756,2.811496226008574,0.009965078287536988,61.06686074199064,0.00626083759289047,24.171565477051466,0.006821049452408132,7.658372625622754,20.897019701717866,124.2222194733974
492.6704999999132,151.70670037926664,0,4.302358639469016,4.349743134898862,0.007825145247362561,2.994237147622281,0.010173781960632174,60.38411156475921,0.006231709606059705,23.774804134114202,0.006762798924934353,7.658372625622754,20.897019701717866,124.2222194733974
492.68049999991297,151.70670037926664,0,5.301940048272467,4.5811148782678135,0.008065649050863948,3.0347874339186665,0.010248267303399157,59.72075169230768,0.0062033487189321265,23.391415793871243,0.0067065676822573765,7.658372625622754,20.897019701717866,124.2222194733974
492.69049999991273,151.70670037926664,0,6.296291744053338,4.650986270219693,0.008160901673366798,2.9959825207362987,0.010251219637425202,59.07407863419374,0.006175740162937062,23.01982007889292,0.00665224350786755,7.658372625622754,20.897019701717866,124.2222194733974
492.7004999999125,151.70670037926664,1,7.275607025531121,4.616520085235683,0.008164236405241693,2.956024510240315,0.010251219637425202,58.4435507834061,0.006148825447050333,22.661422422012592,0.006599717338211067,7.658372625622754,20.897019701717866,124.2222194733974
492.71049999991226,151.70670037926664,1,8.23052420819867,4.579705536741788,0.008164236405241693,2.9192347326633827,0.010251219637425202,57.83125395190545,0.006122582755803432,22.3154189420635,0.006548879243821065,7.658372625622754,20.897019701717866,124.2222194733974
492.720499999912,151.70670037926664,1,9.15239392471444,4.546012353093202,0.008164236405241693,2.885565732633604,0.010251219637425202,57.23484970162029,0.0060969920876399394,21.98060249354948,0.006499616914964199,7.658372625622754,20.897019701717866,124.2222194733974
492.7304999999118,149.9999999999999,1,9.598485993824486,4.7618307739392725,0.008164236405241693,3.0241348642562356,0.010251219637425202,56.654773457154086,0.006071979878420356,21.65951720825744,0.0064518126206292705,7.658372625622754,20.897019701717866,124.2222194733974
492.74049999991155,149.9999999999999,1,9.598485993824486,8.08916319139137,0.008164236405241693,5.285721775349213,0.010251219637425202,56.091943004772894,0.006047530701248171,21.35022293839666,0.006405339600271175,7.658372625622754,20.897019701717866,124.2222194733974
492.7504999999113,149.9999999999999,1,9.598485993824486,15.236434401919386,0.008164236405241693,10.152227816327784,0.010251219637425202,55.542380511846964,0.006023676445944916,21.04849409940407,0.006360064746282572,7.658372625622754,20.897019701717866,124.2222194733974
492.7604999999111,149.9999999999999,1,9.598485993824486,25.948215521634335,0.008164236405241693,17.45004091298337,0.010251219637425202,55.00563471189722,0.006000373531491561,20.755194256505472,0.006315861123146784,7.658372625622754,20.897019701717866,124.2222194733974
492.77049999991084,149.9999999999999,1,9.598485993824486,39.8154596345962,0.008164236405241693,25.706096082411843,0.009973989586346342,54.48272515673651,0.005977625907845625,22.110374093178113,0.006544108525236576,7.658372625622754,20.897019701717866,124.2222194733974
492.7804999999106,149.9999999999999,1,9.598485993824486,56.18617843731611,0.008130702901435955,31.017952557519664,0.00914715345127308,54.5700161184931,0.005975463723140503,26.51174997249891,0.0072762396084188425,7.658372625622754,20.897019701717866,124.2222194733974
492.79049999991037,149.9999999999999,1,9.598485993824486,66.36702449060749,0.0073153386543390285,34.37000933497565,0.008339606284693341,61.31484588299231,0.006260774417720664,30.440889665772335,0.007933561925288728,7.658372625622754,20.897019701717866,124.2222194733974
492.80049999991013,149.9999999999999,1,9.598485993824486,71.60494383574807,0.006384891597793953,36.43348268439197,0.007672660456676077,67.15118561879554,0.0065331816451692564,33.26146193709635,0.008409281437778063,7.658372625622754,20.897019701717866,124.2222194733974
492.8104999999099,149.9999999999999,1,9.598485993824486,74.90074599558169,0.005627697179985537,37.58904204437093,0.007144592962894058,71.40508441384625,0.006736017335490361,35.09098864647768,0.008720758806139758,7.658372625622754,20.897019701717866,124.2222194733974
492.82049999990966,149.9999999999999,1,9.598485993824486,77.07834521860973,0.005041222500501851,38.10712506865816,0.006733186283976274,74.35863373348886,0.0068781904478725404,36.143078533886516,0.008902665628464467,7.658372625622754,20.897019701717866,124.2222194733974
492.8304999999094,149.9999999999999,1,9.598485993824486,78.39267464905387,0.004591622440153083,38.14174948795505,0.006415066149244174,76.30076812042077,0.006972889801350361,36.612384524365424,0.008987486177826819,7.658372625622754,20.897019701717866,124.2222194733974
492.8404999999092,149.9999999999999,1,9.598485993824486,79.03651010283075,0.004250122576622515,37.827080799000555,0.006170962836607752,77.45653202467479,0.007030769387027173,36.652107548799805,0.00900091612070772,7.658372625622754,20.897019701717866,124.2222194733974
492.85049999990895,149.9999999999999,1,9.598485993824486,79.16899339271819,0.003996431578173368,37.273533925056334,0.0059867987936709985,77.98782521134741,0.007059294846369501,36.376645876727814,0.00896144322187358,7.658372625622754,20.897019701717866,124.2222194733974
492.8604999999087,149.9999999999999,1,9.598485993824486,78.83130121242652,0.0038160903661554136,36.52205915029415,0.0058520464151267495,78.00222373165519,0.007063669950842037,35.865971495868344,0.008882557700153388,7.658372625622754,20.897019701717866,124.2222194733974
492.8704999999085,149.9999999999999,1,9.598485993824486,78.07741355990984,0.0036999904143355283,35.61402129629724,0.005759707441237798,77.57009738140097,0.007047382486424797,35.1726569570651,0.00877325849325013,7.658372625622754,20.897019701717866,124.2222194733974
492.88049999990824,149.9999999999999,1,9.598485993824486,76.92711522378609,0.0036442648359340047,34.57203435058464,0.005706133408746888,76.72522680806314,0.007012004511234911,34.33035434114673,0.00863858547252947,7.658372625622754,20.897019701717866,124.2222194733974
492.890499999908,149.9999999999999,0,9.598485993824486,75.09499582519506,0.003638890513649656,33.38375633876341,0.005690306162590882,75.59612751118357,0.0069625455479222645,33.350280622434134,0.008480642640914495,7.658372625622754,20.897019701717866,124.2222194733974
492.90049999990777,149.9999999999999,0,9.598485993824486,71.18847978577533,0.003638890513649656,31.5294062372092,0.005690306162590882,74.52125216693861,0.006914541142385988,32.36368045964111,0.008321663658998332,7.658372625622754,20.897019701717866,124.2222194733974
492.91049999990753,149.9999999999999,0,9.598485993824486,64.91131820816058,0.003638890513649656,28.558435584848546,0.005690306162590882,73.48058325440478,0.006868028316659711,31.459816035278234,0.008175923010335494,7.658372625622754,20.897019701717866,124.2222194733974
492.9204999999073,149.9999999999999,0,9.598485993824486,56.27883604059896,0.003638890513649656,24.47720766670997,0.005690306162590882,72.47285545760585,0.006822936038299896,30.62712074385866,0.008041770352068569,7.658372625622754,20.897019701717866,124.2222194733974
492.93049999990706,149.9999999999999,0,9.598485993824486,45.3123060994731,0.003638890513649656,19.294795789994332,0.005690306162590882,71.49408052191262,0.006779212783561504,29.85509972522225,0.007917782849014128,7.658372625622754,20.897019701717866,124.2222194733974
492.9404999999068,149.9999999999999,0,9.598485993824486,32.06295373973157,0.003638890513649656,13.037228009728704,0.005690306162590882,70.54438467981402,0.006736738698020524,29.139794159701246,0.007802732913453363,7.658372625622754,20.897019701717866,124.2222194733974
492.9504999999066,149.9999999999999,0,9.598485993824486,16.8015335823549,0.003638890513649656,5.831262634225492,0.005690306162590882,69.6229618397844,0.006695481367493943,28.473106487131474,0.007695560502303529,7.658372625622754,20.897019701717866,124.2222194733974
492.96049999990635,149.9999999999999,0,9.598485993824486,-0.23658279663419446,0.0037011334791143525,-1.8340375014777486,0.006058935232452188,68.72631412069975,0.006655417160830674,27.84734162075732,0.007595349820505871,7.658372625622754,20.897019701717866,124.2222194733974
492.9704999999061,149.9999999999999,0,0.0,-0.5682953083688806,0.004291061444128591,-1.2995109806562088,0.007062529703267955,67.85564880111352,0.0066164434094869605,27.261713810305007,0.007501309001190578,7.658372625622754,20.897019701717866,124.2222194733974
492.9804999999059,149.9999999999999,0,0.0,-0.11719994703193137,0.004700476167969178,-0.7616285565568264,0.007568309697955463,67.01171879038746,0.0065784991088518215,26.712857621158278,0.007412751899069219,7.658372625622754,20.897019701717866,124.2222194733974
492.99049999990564,149.9999999999999,0,0.0,0.20155165851761403,0.004991891146688658,-0.4526320059881188,0.007864297246100316,66.19092506863598,0.0065415754629700755,26.194464944488153,0.007329080100051715,7.658372625622754,20.897019701717866,124.2222194733974
493.0004999999054,149.9999999999999,0,0.0,0.43688299791647545,0.005206224018033289,-0.2410570271196022,0.008067707070943815,65.39381913604392,0.0065055901939954225,25.706189674718296,0.007249767813882322,7.658372625622754,20.897019701717866,124.2222194733974
493.01049999990516,149.9999999999999,0,0.0,0.6161035780572233,0.005370028919258115,-0.0767692000896858,0.008226670871694285,64.61903029933757,0.00647054688970218,25.24270436896714,0.007174352208055672,7.6541063121645525,21.118276452805,124.42427722152092
493.0204999999049,149.9999999999999,0,0.0,0.7562404072159268,0.005500547137329476,0.05990034275633871,0.008361389479840742,63.86355434208927,0.006436447771228395,24.799061886968445,0.007102426734073457,7.6541063121645525,21.118276452805,124.42427722152092
493.0304999999047,149.9999999999999,0,0.0,0.8736128317155814,0.0056089804162159735,0.18225814520312245,0.008480700809848933,63.13629331157225,0.0064032061867732686,24.38427808675941,0.007033635159888241,7.6541063121645525,21.118276452805,124.42427722152092
493.04049999990445,149.9999999999999,0,0.81220201606152,1.3010314209523388,0.005899323942184007,0.6970627853759455,0.008875584019230665,62.512895895862975,0.006368942077988582,24.11015026389775,0.006967665996916698,7.6541063121645525,21.118276452805,124.42427722152092
493.0504999999042,149.9999999999999,0,1.7499579332561088,2.07089298858946,0.006503711212457886,1.5257415579115996,0.00956026875194654,61.88879994198149,0.006335441468053461,23.83644135668696,0.006904249100155125,7.6541063121645525,21.118276452805,124.42427722152092
493.060499999904,149.9999999999999,0,2.716973068269756,2.8820535959657354,0.007143741348636606,2.2124907199934665,0.010108995816757036,61.27321648819859,0.00630283652128636,23.566048757986046,0.006843162123769387,7.6541063121645525,21.118276452805,124.42427722152092
493.07049999990375,149.9999999999999,0,3.704246371655628,3.5489516592327366,0.007655813453440584,2.6592649098853034,0.010437587280739132,60.668307457286986,0.006271067259587289,23.30073957329919,0.006784235524027682,7.6541063121645525,21.118276452805,124.42427722152092
493.0804999999035,149.9999999999999,0,4.7021811993437215,4.0185340964604475,0.007994673661233912,2.913765250700167,0.010591669414108879,60.07460242397753,0.006240085766209344,23.041671032902023,0.006727339545648924,7.6541063121645525,21.118276452805,124.42427722152092
493.0904999999033,149.9999999999999,0,5.700864136481049,4.304324395307493,0.00817345223521031,3.030390523985812,0.010622539410848912,59.491786473553844,0.00620986433447006,22.788741426908516,0.006672364942880605,7.6541063121645525,21.118276452805,124.42427722152092
493.10049999990304,149.9999999999999,1,6.690359455660843,4.433399816946335,0.008216524746950464,3.105657368201012,0.010622539410848912,58.920554034707976,0.006180371688818822,22.542169645140614,0.0066192090987584554,7.6541063121645525,21.118276452805,124.42427722152092
493.1104999999028,149.9999999999999,1,7.661004680605171,4.505970906151356,0.008216524746950464,3.1782314546473915,0.010622539410848912,58.36102043787137,0.0061515732354391305,22.30248416014971,0.006567769402487671,7.6541063121645525,21.118276452805,124.42427722152092
493.12049999990256,149.9999999999999,1,8.603692649942937,4.5770900418899245,0.008216524746950464,3.249350590385959,0.010622539410848912,57.81306593877529,0.006123440140034534,22.069752850362462,0.006517940774235493,7.6541063121645525,21.118276452805,124.42427722152092
493.1304999999023,149.9999999999999,1,9.510126406385815,4.648448007402248,0.008216524746950464,3.3207111630394213,0.010622539410848912,57.27758897747416,0.0060959295468931635,21.8447455497373,0.006469613680767511,7.6541063121645525,21.118276452805,124.42427722152092
493.1404999999021,147.78325123152698,1,9.598485993824486,5.832192945653548,0.008216524746950464,4.190656060650514,0.010622539410848912,56.75548792493229,0.006068988718146533,21.62900919520445,0.006422670875983973,7.6541063121645525,21.118276452805,124.42427722152092
493.15049999990185,147.78325123152698,1,9.598485993824486,10.792878105508972,0.008216524746950464,7.769413210806843,0.010622539410848912,56.24371593587931,0.006042638050044473,21.41851516606416,0.006376985184294744,7.6541063121645525,21.118276452805,124.42427722152092
493.1604999999016,147.78325123152698,1,9.598485993824486,19.471999552847862,0.008216524746950464,14.014708943160183,0.010622539410848912,55.741756750205525,0.00601688332301153,21.21149007148795,0.006332426727480425,7.6541063121645525,21.118276452805,124.42427722152092
493.1704999999014,147.78325123152698,1,9.598485993824486,31.555602506304844,0.008216524746950464,22.629613572832593,0.010590657293171293,55.24934668941914,0.005991708990368878,21.198843031705586,0.0063205199405370815,7.6541063121645525,21.118276452805,124.42427722152092
493.18049999990114,147.78325123152698,1,9.598485993824486,46.61086624834788,0.008216524746950464,29.707331506392997,0.009893083869269079,54.76541299248194,0.005967116823931859,25.052662629480537,0.0069485564296475665,7.6541063121645525,21.118276452805,124.42427722152092
493.1904999999009,147.78325123152698,1,9.598485993824486,61.80624311006448,0.007925775746272233,34.25931407823272,0.008997024083489319,57.705025161100366,0.00607466279516002,29.73649083701945,0.007715324798630803,7.6541063121645525,21.118276452805,124.42427722152092
493.20049999990067,147.78325123152698,1,9.598485993824486,69.42059602687736,0.006973592134235343,37.17330586336732,0.008210875608374774,64.45185639509151,0.006374318929111824,33.41502907272398,0.008320318319579804,7.6541063121645525,21.118276452805,124.42427722152092
493.21049999990043,147.78325123152698,1,9.598485993824486,73.82449116169431,0.006098802177290141,38.96901457985975,0.007576781849711771,69.71914258445065,0.006619524662203661,35.95843240411274,0.00873825504728275,7.6541063121645525,21.118276452805,124.42427722152092
493.2204999999002,147.78325123152698,1,9.598485993824486,76.6895540998202,0.005406969095360855,39.93154701639663,0.007078375116426655,73.48465509498136,0.006796450367563473,37.56260698676397,0.009000431175149995,7.6541063121645525,21.118276452805,124.42427722152092
493.23049999989996,147.78325123152698,1,9.598485993824486,78.5334595824122,0.004872377311404087,40.29308528553058,0.006690494379103998,76.0677186103508,0.006918144626049653,38.44905034988245,0.009143402393008114,7.6541063121645525,21.118276452805,124.42427722152092
493.2404999998997,147.78325123152698,1,9.598485993824486,79.64041408759195,0.004463237322583567,40.23971806338361,0.006391247350889983,77.732805367073,0.006996769483388776,38.797660970389806,0.009197250934119607,7.6541063121645525,21.118276452805,124.42427722152092
493.2504999998995,147.78325123152698,1,9.598485993824486,80.1164118459746,0.0041538734615907,39.861542520059096,0.006162523739135566,78.6724122382454,0.007041545189479804,38.75229947320647,0.009185756021703951,7.6541063121645525,21.118276452805,124.42427722152092
493.26049999989925,147.78325123152698,1,9.598485993824486,80.08329296446855,0.0039256772741344545,39.24789939195693,0.005990777269385109,79.03297877009952,0.0070593185476610166,38.41853687462282,0.009126316843502694,7.6541063121645525,21.118276452805,124.42427722152092
493.270499999899,147.78325123152698,1,9.598485993824486,79.63471278682744,0.0037667789119056063,38.46541491490104,0.005866961294183826,78.9093458585833,0.007054581743567029,37.86503478872781,0.009030549909586833,7.6541063121645525,21.118276452805,124.42427722152092
493.2804999998988,147.78325123152698,1,9.598485993824486,78.77137230942716,0.003669772365037533,37.52835236750922,0.005784928688621163,78.35530625041245,0.007030045486929396,37.13986969491004,0.008906311995278372,7.6541063121645525,21.118276452805,124.42427722152092
493.29049999989854,147.78325123152698,1,9.598485993824486,77.50689677037315,0.0036320285875874924,36.45415287519458,0.0057417356477956,77.39581338926357,0.006986913085128125,36.26896632856547,0.008757762283551422,7.6541063121645525,21.118276452805,124.42427722152092
493.3004999998983,147.78325123152698,0,9.598485993824486,75.19613823733573,0.0036315299239716545,35.167364149328826,0.005734431056059075,76.2783717836914,0.006935082692138271,35.27423940273482,0.008588811529897605,7.6541063121645525,21.118276452805,124.42427722152092
493.31049999989807,147.78325123152698,0,9.598485993824486,70.65095144774288,0.0036315299239716545,32.97705569541755,0.005734431056059075,75.21804329237769,0.00688545909691054,34.32602852518152,0.008427685371517174,7.6541063121645525,21.118276452805,124.42427722152092
493.32049999989783,147.78325123152698,0,9.598485993824486,63.77567364236181,0.0036315299239716545,29.656238401500655,0.005734431056059075,74.19051292486482,0.006837346343286312,33.458281035792226,0.00827987470212505,7.6541063121645525,21.118276452805,124.42427722152092
493.3304999998976,147.78325123152698,0,9.598485993824486,54.522303472510764,0.0036315299239716545,25.180888011878043,0.005734431056059075,73.19334492136024,0.006790678982822412,32.65953944491217,0.008143725510043323,7.6541063121645525,21.118276452805,124.42427722152092
493.34049999989736,147.78325123152698,0,9.598485993824486,43.021895728581775,0.0036315299239716545,19.61499698608975,0.005734431056059075,72.22460818476706,0.006745371755695848,31.921909414759547,0.008017811329937166,7.6541063121645525,21.118276452805,124.42427722152092
493.3504999998971,147.78325123152698,0,9.598485993824486,29.36652844142835,0.0036315299239716545,13.003666445336528,0.005734431056059075,71.28389367590793,0.006701349357557031,31.238772299607415,0.007900900998807988,7.6541063121645525,21.118276452805,124.42427722152092
493.3604999998969,147.78325123152698,0,9.598485993824486,13.661050537282634,0.0036315299239716545,5.3969890247545305,0.005734431056059075,70.36950589695925,0.006658577865444316,30.60220647087411,0.007791931187354854,7.6541063121645525,21.118276452805,124.42427722152092
493.37049999989665,147.78325123152698,0,0.0,0.566692655977199,0.0038795377577456385,-0.45340610482902655,0.006365665344188085,69.47960505486202,0.0066169976583314765,30.007116352749744,0.007689982971887938,7.6541063121645525,21.118276452805,124.42427722152092
493.3804999998964,147.78325123152698,0,0.0,1.1983210423453645,0.004417662059623261,0.3998371914186194,0.007126065753399868,68.6150252824368,0.006576541851009656,29.45044816888134,0.007594261402500307,7.6541063121645525,21.118276452805,124.42427722152092
493.3904999998962,147.78325123152698,0,0.0,1.6467643779809018,0.004793250583536548,0.8512910933185127,0.007519875944749883,67.77482237231138,0.006537169489096482,28.927415033932476,0.0075040768410742,7.6541063121645525,21.118276452805,124.42427722152092
493.40049999989594,147.78325123152698,0,0.0,1.9758389875839502,0.005062876565288197,1.132551527958256,0.007757912110245546,66.95703753571227,0.006498835190280753,28.434555981186307,0.007418826531381829,7.6541063121645525,21.118276452805,124.42427722152092
493.4104999998957,147.78325123152698,0,0.0,2.227127743492363,0.005263239966340619,1.3379900732399275,0.007925989713987584,66.16164837927475,0.006461497847352911,27.968969024106993,0.0073379804598633636,7.6541063121645525,21.118276452805,124.42427722152092
493.42049999989547,147.78325123152698,0,0.0,2.425569345483949,0.005418160579200725,1.504480617201343,0.00805952076002658,65.38729896962704,0.006425150782990483,27.525966988497125,0.007261072429778966,7.6541063121645525,21.118276452805,124.42427722152092
493.43049999989523,147.78325123152698,0,0.0,2.5892929483054457,0.005543105486895927,1.6490800269843997,0.008173507298382328,64.6323309449151,0.00638975248923458,27.103589608001524,0.007187693355475816,7.6541063121645525,21.118276452805,124.42427722152092
493.440499999895,147.78325123152698,0,0.0,2.730323869763304,0.0056481249918174815,1.7797375541878737,0.008274622428509975,63.897190787779884,0.00635526170390559,26.700385352538202,0.007117484987803634,7.6541063121645525,21.118276452805,124.42427722152092
493.45049999989476,147.78325123152698,0,0.583312293202497,2.954708872736814,0.005845761306883702,2.0369708797204322,0.00851906666965385,63.18129764258106,0.006321664409640008,26.313473921019387,0.007050134267831987,7.6541063121645525,21.118276452805,124.42427722152092
493.4604999998945,147.78325123152698,0,1.5124411047019068,3.5729982063775356,0.006400282276947458,2.706087826085464,0.009145525469731223,62.481636922888946,0.0062889460634599475,25.93992699069276,0.0069853688448293216,7.6541063121645525,21.118276452805,124.42427722152092
493.4704999998943,147.78325123152698,0,2.4729562554155584,4.315561230605977,0.0070550636110214004,3.327043468940537,0.009711864609523913,61.79935935204498,0.006257072992700589,25.579506759918253,0.006922960599798793,7.6541063121645525,21.118276452805,124.42427722152092
493.48049999989405,147.78325123152698,0,3.45604602285889,4.953170623850962,0.0076102864997191775,3.7300803689482582,0.010071468905593033,61.13402219890369,0.00622603037842936,25.23030213904289,0.006862733891611855,7.6541063121645525,21.118276452805,124.42427722152092
493.4904999998938,147.78325123152698,0,4.452237440462,5.402595687884277,0.007994881648100414,3.941793280933842,0.010252226278555683,60.48433077869949,0.006195773677263517,24.89263577661664,0.006804556734938679,7.6541063121645525,21.118276452805,124.42427722152092
493.5004999998936,147.78325123152698,0,5.451669047874359,5.666700258596094,0.008212756239950374,4.015697589342439,0.010303651847254486,59.85114686764655,0.006166262318388146,24.56688947692658,0.0067483213594026255,7.6541063121645525,21.118276452805,124.42427722152092
493.51049999989334,147.78325123152698,0,6.444382777290247,5.769402223246784,0.008286864463832014,4.029129028579655,0.010303714885253308,59.23375545925063,0.00613749201335559,24.251089171211934,0.006693928580276523,7.6541063121645525,21.118276452805,124.42427722152092
493.5204999998931,147.78325123152698,1,7.420620624513918,5.783838921517474,0.008287113655937043,4.042642046697786,0.010303714885253308,58.63064486454933,0.006109426450071449,23.945423447275665,0.006641279649382929,7.6541063121645525,21.118276452805,124.42427722152092
493.53049999989287,147.78325123152698,1,8.37111142281271,5.799572189729103,0.008287113655937043,4.05835903684676,0.010303714885253308,58.04301726876534,0.006082022852069222,23.65066361398534,0.006590272974765166,7.6541063121645525,21.118276452805,124.42427722152092
493.54049999989263,147.78325123152698,1,9.287333720807599,5.816877949330056,0.008287113655937043,4.075664796447713,0.010303714885253308,57.4705577785857,0.0060552691606133024,23.365347767200923,0.0065408024912035605,7.6541063121645525,21.118276452805,124.42427722152092
493.5504999998924,145.45454545454535,1,9.598485993824486,6.330574654723068,0.008287113655937043,4.4298032220870445,0.010303714885253308,56.91226126831701,0.006029118751405877,23.090344696900427,0.006492754816221091,7.6541063121645525,21.118276452805,124.42427722152092
493.56049999989216,145.45454545454535,1,9.598485993824486,10.269725697920595,0.008287113655937043,7.101689129950311,0.010303714885253308,56.36825551744545,0.006003543123292812,22.82494139361323,0.006446006057254025,7.6541063121645525,21.118276452805,124.42427722152092
493.5704999998919,145.45454545454535,1,9.598485993824486,17.985888219857685,0.008287113655937043,12.32815204932194,0.010303714885253308,55.83714598423215,0.005978568088755495,22.565584133613513,0.0064004262140118905,7.6541063121645525,21.118276452805,124.42427722152092
493.5804999998917,145.45454545454535,1,9.598485993824486,29.195717642665375,0.008287113655937043,19.917653832039747,0.010303714885253308,55.31711857601586,0.0059541724753375685,22.31175120203431,0.006355892812890571,7.6541063121645525,21.118276452805,124.42427722152092
493.59049999989145,145.45454545454535,1,9.598485993824486,43.4932139985847,0.008287113655937043,27.991128839576977,0.009951488284444709,54.809007625661046,0.0059303313021486625,24.143073039946753,0.006656133796908007,7.6541063121645525,21.118276452805,124.42427722152092
493.6004999998912,145.45454545454535,1,9.598485993824486,59.449795500714984,0.008144171727398643,33.09729347405006,0.009112527686777198,56.274317045236565,0.005978983144221024,28.61780932757782,0.007393939911031148,7.6541063121645525,21.118276452805,124.42427722152092
493.610499999891,145.45454545454535,1,9.598485993824486,68.28822899219468,0.007231346373539946,36.33841752617684,0.008316995424967211,63.176570794517154,0.006279434301409418,32.48258630060981,0.008033850265299219,7.6541063121645525,21.118276452805,124.42427722152092
493.62049999989074,145.45454545454535,1,9.598485993824486,73.17141368338147,0.0063124539737992955,38.35717043503104,0.007662155145327142,68.83385174808762,0.006542871759020911,35.25414733667448,0.008493632639215045,7.6541063121645525,21.118276452805,124.42427722152092
493.6304999998905,145.45454545454535,1,9.598485993824486,76.36468194366984,0.005574433358983185,39.52156675002832,0.007143724822971292,72.93837236170225,0.006736635960707484,37.05612304236844,0.008792855083957912,7.6541063121645525,21.118276452805,124.42427722152092
493.64049999989027,145.45454545454535,1,9.598485993824486,78.43872022612872,0.005002027306946721,40.03594309479274,0.006738729775991681,75.78005766857598,0.006871710192751016,38.10119226703409,0.008966535981543379,7.6541063121645525,21.118276452805,124.42427722152092
493.65049999989003,145.45454545454535,1,9.598485993824486,79.68556611389907,0.004561538073377258,40.08203911175673,0.006424424062595678,77.64785429875947,0.006961166663232871,38.580673952871095,0.00904625381189403,7.6541063121645525,21.118276452805,124.42427722152092
493.6604999998898,145.45454545454535,1,9.598485993824486,80.32306262443682,0.004226442499040585,39.80842005510628,0.0061830263907940155,78.75547615144148,0.007014894199356506,38.63815279442999,0.009056014944993673,7.6541063121645525,21.118276452805,124.42427722152092
493.67049999988956,145.45454545454535,1,9.598485993824486,80.41602730773802,0.003976570662144749,39.275360849733964,0.006000337253937586,79.24925273630902,0.007040082203190065,38.38550915493087,0.009014276830225558,7.6541063121645525,21.118276452805,124.42427722152092
493.6804999998893,145.45454545454535,1,9.598485993824486,80.05926041595507,0.003797834814209861,38.55069455105968,0.0058660861418319684,79.2423799071455,0.007041957695379325,37.902860652816045,0.008934195380872128,7.6541063121645525,21.118276452805,124.42427722152092
493.6904999998891,145.45454545454535,1,9.598485993824486,79.31744761621219,0.003681971393589227,37.682011193121056,0.00577386869887572,78.80299303158198,0.007023718359702154,37.23937270671267,0.008824116018314534,7.6541063121645525,21.118276452805,124.42427722152092
493.70049999988885,145.45454545454535,1,9.598485993824486,78.17279461202688,0.0036247868877076835,36.67109189827205,0.005719826622147394,77.95893503261584,0.006986976361098544,36.4269649374732,0.008689239873938047,7.6541063121645525,21.118276452805,124.42427722152092
493.7104999998886,145.45454545454535,0,9.598485993824486,76.41683207136178,0.0036182082002718502,35.5216987032271,0.005703183642876774,76.8211311191641,0.0069359327710003015,35.477401866116764,0.008531399276260685,7.6541063121645525,21.118276452805,124.42427722152092
493.7204999998884,145.45454545454535,0,9.598485993824486,72.6775206990237,0.0036182082002718502,33.735784487825796,0.005703183642876774,75.73472557998609,0.0068860696806583915,34.51637424893462,0.008371697247349786,7.6541063121645525,21.118276452805,124.42427722152092
493.73049999988814,145.45454545454535,0,9.598485993824486,66.67140060684316,0.0036182082002718502,30.864958598656173,0.005703183642876774,74.68094310563626,0.00683777052343019,33.63553287715881,0.008225253379095158,7.6541063121645525,21.118276452805,124.42427722152092
493.7404999998879,145.45454545454535,0,9.598485993824486,58.36536820783771,0.0036182082002718502,26.893712006138138,0.005703183642876774,73.65955495017695,0.006790928246700875,32.82555371729081,0.00809041630970891,7.6541063121645525,21.118276452805,124.42427722152092
493.75049999988767,145.45454545454535,0,9.598485993824486,47.74121146354851,0.0036182082002718502,21.812708487995888,0.005703183642876774,72.66966282667718,0.006745481561321136,32.07667581678142,0.007965762023517767,7.6541063121645525,21.118276452805,124.42427722152092
493.76049999988743,145.45454545454535,0,9.598485993824486,34.987097717931995,0.0036182082002718502,15.712318082317715,0.005703183642876774,71.70695775076466,0.0067013548298706545,31.381900972865903,0.007850062133681565,7.6541063121645525,21.118276452805,124.42427722152092
493.7704999998872,145.45454545454535,0,9.598485993824486,20.22217665615949,0.0036182082002718502,8.649873418542956,0.005703183642876774,70.7721434947392,0.006658479924618438,30.735457104990555,0.007742255826385326,7.6541063121645525,21.118276452805,124.42427722152092
493.78049999988696,145.45454545454535,0,9.598485993824486,3.579964768954853,0.003633264445528227,0.931122556265588,0.005879639311140339,69.8649028089684,0.0066168203006339785,30.130665097754694,0.007641426406141368,7.6541063121645525,21.118276452805,124.42427722152092
493.7904999998867,145.45454545454535,0,0.0,1.3931600266045812,0.004236162504830275,0.4870544110663415,0.0068358710852908094,68.98125426289414,0.006576322113778085,29.56308253143432,0.007546781454498602,7.6541063121645525,21.118276452805,124.42427722152092
493.8004999998865,145.45454545454535,0,0.0,1.8962303302864911,0.004673985681195606,1.0268330204953084,0.007324521499894749,68.123063666407,0.006536911715153238,29.03044334452198,0.007457634407944108,7.6541063121645525,21.118276452805,124.42427722152092
493.81049999988625,145.45454545454535,0,0.0,2.255480410001671,0.004984253475340792,1.3367762065129098,0.007603189891722818,67.29010883159165,0.006498562977087834,28.527861952113767,0.0073733866255878315,7.6541063121645525,21.118276452805,124.42427722152092
493.820499999886,145.45454545454535,0,0.0,2.521030187123227,0.005211232113119592,1.5467316826946065,0.007789975526222493,66.47827608289184,0.006461235422654472,28.05214295470155,0.007293512242247806,7.6541063121645525,21.118276452805,124.42427722152092
493.8304999998858,145.45454545454535,0,0.0,2.7254222690086833,0.005383645857570082,1.7099328123143,0.00793328446042171,65.68858759767743,0.0064248893326341525,27.600770375281737,0.007217547864262211,7.6541063121645525,21.118276452805,124.42427722152092
493.84049999988554,145.45454545454535,0,0.0,2.8883660557221416,0.005520143583779366,1.8472146837793253,0.008053361915331387,64.92114217378645,0.006389508454249753,27.17009077980701,0.007145085948438529,7.6541063121645525,21.118276452805,124.42427722152092
493.8504999998853,145.45454545454535,0,0.0,3.024160928739156,0.005632837633659063,1.9687604330284039,0.008159006525749286,64.17212902851595,0.006355054938233406,26.758200102765926,0.0070757693559601155,7.6541063121645525,21.118276452805,124.42427722152092
493.86049999988506,145.45454545454535,0,0.0,3.1420799182665813,0.005729602661202071,2.0794094816161155,0.008254312867829168,63.442851391708494,0.006321490737656087,26.363726983586638,0.007009285505980863,7.6541063121645525,21.118276452805,124.42427722152092
493.8704999998848,145.45454545454535,0,0.583312293202497,3.3478531720836973,0.005922498874919672,2.317761279946051,0.008493127122453486,62.73397940039452,0.006288795054463717,25.98449259871476,0.006945361433078189,7.6541063121645525,21.118276452805,124.42427722152092
493.8804999998846,145.45454545454535,0,1.5124411047019068,3.9543086605057094,0.006477350685874611,2.967292691593767,0.00911238043541471,62.04071015150637,0.006256953040987197,25.61787332658357,0.006883760044444471,7.6541063121645525,21.118276452805,124.42427722152092
493.89049999988436,145.45454545454535,0,2.4729562554155584,4.688280233331063,0.007134742701518313,3.5708644384239303,0.009673224716704811,61.36483203193973,0.0062259344952116605,25.26345579370487,0.006824284026208701,7.6541063121645525,21.118276452805,124.42427722152092
493.9004999998841,145.45454545454535,0,3.45604602285889,5.318008826130317,0.007692438552171644,3.9594851274556855,0.010029443298145277,60.707106872524136,0.006195718782605507,24.919918433419973,0.006766784841335979,7.6541063121645525,21.118276452805,124.42427722152092
493.9104999998839,145.45454545454535,0,4.452237440462,5.758696168277568,0.008078258844353934,4.1589083409720615,0.010208354118989986,60.064115598822944,0.006166268402671767,24.587253827917557,0.006711154483711329,7.6541063121645525,21.118276452805,124.42427722152092
493.92049999988365,145.45454545454535,0,5.451669047874359,6.012490613445394,0.008295899942268176,4.221710811262522,0.010258992252094729,59.43740850155435,0.006137547947636999,24.265647148720088,0.006657306063882308,7.6541063121645525,21.118276452805,124.42427722152092
493.9304999998834,145.45454545454535,0,6.444382777290247,6.103912443861013,0.00836843964295361,4.225463359218153,0.01025903957077249,58.8275530209072,0.006109544625050834,23.953834759695614,0.006605158512735169,7.6541063121645525,21.118276452805,124.42427722152092
493.9404999998832,145.45454545454535,1,7.420620624513918,6.108891870615612,0.008368579268527548,4.229738184954088,0.01025903957077249,58.23102846375297,0.006082228038375441,23.65169226675836,0.006554628835991679,7.6541063121645525,21.118276452805,124.42427722152092
493.95049999988294,145.45454545454535,1,8.37111142281271,6.1153304122691345,0.008368579268527548,4.236140325705777,0.01025903957077249,57.649640781837995,0.006055561243657389,23.35968993720448,0.006505628903199149,7.6541063121645525,21.118276452805,124.42427722152092
493.9604999998827,145.45454545454535,1,9.287333720807599,6.123673170777801,0.008368579268527548,4.244483084214442,0.01025903957077249,57.08428639834318,0.006029524878400111,23.07697252642967,0.00645806415645652,7.6541063121645525,21.118276452805,124.42427722152092
493.97049999988246,142.85714285714275,1,9.598485993824486,6.627569447027305,0.008368579268527548,4.583200905474459,0.01025903957077249,56.53194520440151,0.006004080079165299,22.8039457518322,0.006411831097832715,7.6541063121645525,21.118276452805,124.42427722152092
493.9804999998822,142.85714285714275,1,9.598485993824486,10.55067252863016,0.008368579268527548,7.194474817522378,0.01025903957077249,55.993532058544275,0.005979201872852388,22.53982204040683,0.006366814110612026,7.6541063121645525,21.118276452805,124.42427722152092
493.990499999882,142.85714285714275,1,9.598485993824486,18.2463746225757,0.008368579268527548,12.312393299783759,0.01025903957077249,55.46904377017749,0.00595490254922654,22.281980034432824,0.006322890213695976,7.6541063121645525,21.118276452805,124.42427722152092
494.00049999988175,142.85714285714275,1,9.598485993824486,29.43432267682278,0.008368579268527548,19.75073514213106,0.01025903957077249,54.95484513849572,0.0059311653613116615,22.029614373145208,0.006279943109791905,7.6541063121645525,21.118276452805,124.42427722152092
494.0104999998815,142.85714285714275,1,9.598485993824486,43.713392084233526,0.008368579268527548,27.65586042369081,0.009907783465698329,54.4523789594617,0.00590796930608597,23.855827898819378,0.006580689125696251,7.634530091683254,22.16367235915085,121.03931090890617
494.0204999998813,142.85714285714275,1,9.598485993824486,59.509506387777776,0.008204139157099907,32.69100129218133,0.009079941899149763,56.1517434085814,0.005966377836547787,28.267608097126256,0.007309354590322965,7.634530091683254,22.16367235915085,121.03931090890617
494.03049999988104,142.85714285714275,1,9.598485993824486,68.23997440039976,0.007276846742313348,35.9081652058522,0.008293245520321155,63.09443795596486,0.006270220458197636,32.0897367540906,0.007943051977986232,7.634530091683254,22.16367235915085,121.03931090890617
494.0404999998808,142.85714285714275,1,9.598485993824486,73.14161418069641,0.006352837854424679,37.92183075124319,0.007643849355577244,68.77947444277912,0.006535410713650866,34.84169112939156,0.008400329580669115,7.634530091683254,22.16367235915085,121.03931090890617
494.05049999988057,142.85714285714275,1,9.598485993824486,76.36813283306029,0.005609892795029291,39.091413553057286,0.007128555186879222,72.91588713444763,0.0067309449667773595,36.63852159876049,0.008699421603568075,7.634530091683254,22.16367235915085,121.03931090890617
494.06049999988034,142.85714285714275,1,9.598485993824486,78.47148009997547,0.005032544862991234,39.61515115359685,0.0067251998683602885,75.78748333477155,0.006867734874193462,37.68669432948037,0.008874387535177273,7.634530091683254,22.16367235915085,121.03931090890617
494.0704999998801,142.85714285714275,1,9.598485993824486,79.74420821129152,0.00458730099294464,39.672833586017376,0.0064115219212344185,77.682806526174,0.0069587995484920425,38.173956305095096,0.008956241529943062,7.634530091683254,22.16367235915085,121.03931090890617
494.08049999987986,142.85714285714275,1,9.598485993824486,80.40793747410669,0.004247691731360226,39.41419351243598,0.006170059846441358,78.81725733827952,0.007014015208626447,38.242478632566474,0.008968628176439713,7.634530091683254,22.16367235915085,121.03931090890617
494.0904999998796,142.85714285714275,1,9.598485993824486,80.52480229653169,0.003993458302167095,38.89700159805654,0.00598673797665185,79.33538932707772,0.007040610152558488,38.00287828003006,0.00892985800469329,7.634530091683254,22.16367235915085,121.03931090890617
494.1004999998794,142.85714285714275,1,9.598485993824486,80.19239421914354,0.003810347761267431,38.18930929055041,0.005851302621641435,79.35269311776112,0.007043878065755213,37.53485689952888,0.008853056306738927,7.634530091683254,22.16367235915085,121.03931090890617
494.11049999987915,142.85714285714275,1,9.598485993824486,79.48007876165758,0.003689884834011141,37.341553373989214,0.00575732797551151,78.94066162621039,0.0070270840022310654,36.88833895195363,0.008746576909543237,7.634530091683254,22.16367235915085,121.03931090890617
494.1204999998789,142.85714285714275,1,9.598485993824486,78.36954742887772,0.003627561748277167,36.35463377405183,0.005700808860433132,78.12698814643112,0.006991950795419096,36.0955916917394,0.008615748096768584,7.634530091683254,22.16367235915085,121.03931090890617
494.1304999998787,142.85714285714275,0,9.598485993824486,76.73418006446184,0.003617966211941054,35.23449365910335,0.005680742113965506,76.99262447658491,0.006941486156956454,35.16933059653233,0.008462597150957221,7.634530091683254,22.16367235915085,121.03931090890617
494.14049999987844,142.85714285714275,0,9.598485993824486,73.24936125729796,0.003617966211941054,33.58576588446957,0.005680701186685458,75.89860667743376,0.006891448354058252,34.21067646585393,0.008304028710194927,7.634530091683254,22.16367235915085,121.03931090890617
494.1504999998782,142.85714285714275,0,9.598485993824486,67.53300265684119,0.003617966211941054,30.887239840769126,0.005680701186685458,74.83681467591369,0.006842994957730716,33.33190832097919,0.008158650000458135,7.634530091683254,22.16367235915085,121.03931090890617
494.16049999987797,142.85714285714275,0,9.598485993824486,59.547147106741754,0.003617966211941054,27.117026698532225,0.005680701186685458,73.80764132158345,0.006796015456237084,32.52368543242062,0.008024851121288234,7.634530091683254,22.16367235915085,121.03931090890617
494.17049999987773,142.85714285714275,0,9.598485993824486,49.266993068306945,0.003617966211941054,22.263110814798207,0.005680701186685458,72.81158048838881,0.006750437140618266,31.776911392434137,0.007901208628365632,7.634530091683254,22.16367235915085,121.03931090890617
494.1804999998775,142.85714285714275,0,9.598485993824486,36.87012762018826,0.003617966211941054,16.409519710613132,0.005680701186685458,71.84205325132277,0.006706188889291981,31.08418455164929,0.007786494971814793,7.634530091683254,22.16367235915085,121.03931090890617
494.19049999987726,142.85714285714275,0,9.598485993824486,22.465350422105544,0.003617966211941054,9.607790431167613,0.005680701186685458,70.90054631082721,0.006663205677004386,30.439475006455172,0.00767965007433466,7.634530091683254,22.16367235915085,121.03931090890617
494.200499999877,142.85714285714275,0,9.598485993824486,6.166393704802491,0.003617966211941054,2.027059118791398,0.0057525841640299,69.988125351085,0.006621440346648637,29.836784918739426,0.007579757947175379,7.634530091683254,22.16367235915085,121.03931090890617
494.2104999998768,142.85714285714275,0,0.0,1.3849763100345607,0.0041591495726948716,0.4383260751932192,0.006718857793949326,69.09854325424352,0.006580844639833719,29.27116684848028,0.007486027056956293,7.634530091683254,22.16367235915085,121.03931090890617
494.22049999987655,142.85714285714275,0,0.0,1.911818023400122,0.004621187050716633,1.0288340396686904,0.007257034551922162,68.23439138501531,0.006541351419683851,28.740002383095714,0.0073977717957702145,7.634530091683254,22.16367235915085,121.03931090890617
494.2304999998763,142.85714285714275,0,0.0,2.285298599733629,0.004946941341357797,1.35902396780277,0.007557258976349564,67.3968542362728,0.0065029218155694835,28.2392071485139,0.007314395008716411,7.634530091683254,22.16367235915085,121.03931090890617
494.2404999998761,142.85714285714275,0,0.0,2.558836491116633,0.005183761960910126,1.5768667695853438,0.007754239230759971,66.5797823216791,0.006465519568367467,27.76525451759072,0.007235372555929473,7.634530091683254,22.16367235915085,121.03931090890617
494.25049999987584,142.85714285714275,0,0.0,2.766916446423219,0.0053623657541073625,1.7426457706918668,0.007903052648698393,65.78491990034736,0.006429108062427402,27.315400961026285,0.007160242282688042,7.634530091683254,22.16367235915085,121.03931090890617
494.2604999998756,142.85714285714275,0,0.0,2.9312409395895456,0.0055026898573049725,1.8807043709818307,0.00802663746939244,65.01362741647881,0.006393661546709026,26.886611142776427,0.007088597439487119,7.634530091683254,22.16367235915085,121.03931090890617
494.27049999987537,142.85714285714275,0,0.0,3.0668568473333515,0.005617678208719875,2.0022140408199407,0.008134886865563408,64.26012341013836,0.006359147044445127,26.476615507622576,0.007020081498876611,7.634530091683254,22.16367235915085,121.03931090890617
494.28049999987513,142.85714285714275,0,0.0,3.1833195674259103,0.0057157435593484926,2.1121895131790205,0.008232346384076421,63.52639028958947,0.006325529876757926,26.083799580779953,0.0069543821928702895,7.634530091683254,22.16367235915085,121.03931090890617
494.2904999998749,142.85714285714275,0,0.0,3.2861975730092334,0.00580236018831793,2.2125440497114726,0.008321334947242378,62.813988050126625,0.0062927858540651645,25.706139136210965,0.006891226746338472,7.634530091683254,22.16367235915085,121.03931090890617
494.30049999987466,142.85714285714275,0,0.81220201606152,3.5788666356122127,0.006081500173523974,2.564203409290989,0.008675582063156629,62.11757794722446,0.006260879345350839,25.34252218603482,0.006830377619676493,7.634530091683254,22.16367235915085,121.03931090890617
494.3104999998744,142.85714285714275,0,1.7499579332561088,4.242219470943647,0.006686076127709056,3.2372193313258575,0.009313705934819286,61.43822043138375,0.006229803053218123,24.99050320521862,0.00677162924392369,7.634530091683254,22.16367235915085,121.03931090890617
494.3204999998742,142.85714285714275,0,2.716973068269756,4.962002102259611,0.007330844709276607,3.7910611272269024,0.009828719928508615,60.778003589249465,0.0061995322397717795,24.649258530834217,0.006714815957967541,7.634530091683254,22.16367235915085,121.03931090890617
494.33049999987395,142.85714285714275,0,3.704246371655628,5.545066173060057,0.007847289625686116,4.126580220330816,0.010136790924406058,60.131757290969446,0.006170033503886132,24.318438403854472,0.006659818577870933,7.634530091683254,22.16367235915085,121.03931090890617
494.3404999998737,142.85714285714275,0,4.7021811993437215,5.933965606230781,0.00818795804695257,4.285889533706323,0.010279810973562497,59.50171019590965,0.006141273456911076,23.998084906270893,0.006606551295889123,7.634530091683254,22.16367235915085,121.03931090890617
494.3504999998735,142.85714285714275,0,5.700864136481049,6.140506869646444,0.008365501823022856,4.319804010882033,0.010306808469573304,58.88960880069777,0.0061132300621149676,23.68761665330554,0.006554943069916113,7.634530091683254,22.16367235915085,121.03931090890617
494.36049999987324,142.85714285714275,1,6.690359455660843,6.192761481553228,0.008405566239930587,4.321612044960766,0.010306808469573304,58.290159573690964,0.0060858775049967,23.386628680382483,0.006504924562765784,7.634530091683254,22.16367235915085,121.03931090890617
494.370499999873,142.85714285714275,1,7.661004680605171,6.195709576317364,0.008405566239930587,4.324507870843057,0.010306808469573304,57.705511147762984,0.00605918764217708,23.0950789535005,0.0064564213650983165,7.634530091683254,22.16367235915085,121.03931090890617
494.38049999987277,142.85714285714275,1,8.603692649942937,6.200219816527115,0.008405566239930587,4.329018111052807,0.010306808469573304,57.137717066201425,0.006033134371009606,22.812760014611957,0.006409352331896089,7.634530091683254,22.16367235915085,121.03931090890617
494.39049999987253,142.85714285714275,1,9.510126406385815,6.207663117947348,0.008405566239930587,4.336408925351741,0.010306808469573304,56.58184140448367,0.006007686501757643,22.539543190848516,0.006363628425880759,7.634530091683254,22.16367235915085,121.03931090890617
494.4004999998723,140.35087719298235,1,9.598485993824486,7.3150280726953945,0.008405566239930587,5.077775839880683,0.010306808469573304,56.04045472185789,0.005982806646792433,22.275891778255474,0.0063191492374298636,7.634530091683254,22.16367235915085,121.03931090890617
494.41049999987206,140.35087719298235,1,9.598485993824486,12.157193719593392,0.008405566239930587,8.307859197659878,0.010306808469573304,55.5143670451345,0.005958490710657592,22.019768088296473,0.006275801475340908,7.634530091683254,22.16367235915085,121.03931090890617
494.4204999998718,140.35087719298235,1,9.598485993824486,20.681410422118944,0.008405566239930587,13.991127532172019,0.010306808469573304,54.99745100177499,0.005934741846566955,21.768847875999338,0.0062334671488168715,7.634530091683254,22.16367235915085,121.03931090890617
494.4304999998716,140.35087719298235,1,9.598485993824486,32.58645856965875,0.008405566239930587,21.926634468208906,0.010303241993491837,54.49167183250202,0.005911559629856167,21.543587326766385,0.006195589230931847,7.634530091683254,22.16367235915085,121.03931090890617
494.44049999987135,140.35087719298235,1,9.598485993824486,47.46493966178864,0.008405566239930587,28.927240462772343,0.009727177004137008,53.99952312076304,0.005888907374267736,24.669026487607873,0.006711828147931581,7.634530091683254,22.16367235915085,121.03931090890617
494.4504999998711,140.35087719298235,1,9.598485993824486,61.95793389709304,0.008042336083265487,33.373195616426514,0.008885561150562063,57.566569522294856,0.006025512964155729,29.063498097278888,0.0074387066412799,7.634530091683254,22.16367235915085,121.03931090890617
494.4604999998709,140.35087719298235,1,9.598485993824486,69.32572277756803,0.007068363267850178,36.20469121689812,0.008130622455799437,64.30563973920276,0.006330822195944095,32.574366995965235,0.008028448391930613,7.634530091683254,22.16367235915085,121.03931090890617
494.47049999987064,140.35087719298235,1,9.598485993824486,73.71455623867368,0.0061852194948618594,37.93551437011655,0.007515510553420562,69.56004608650109,0.006580451300533437,35.00107160650586,0.008443388628810966,7.634530091683254,22.16367235915085,121.03931090890617
494.4804999998704,140.35087719298235,1,9.598485993824486,76.58947991914506,0.005483631262170317,38.855665778600326,0.007028429440794229,73.32784662756839,0.006762404863039071,36.53091549655583,0.008709550132340375,7.634530091683254,22.16367235915085,121.03931090890617
494.49049999987017,140.35087719298235,1,9.598485993824486,78.4426742507285,0.0049383316591734205,39.18653332130033,0.006646846465038161,75.91922536089871,0.006889360080878158,37.367007833463965,0.008860505555340873,7.634530091683254,22.16367235915085,121.03931090890617
494.50049999986993,140.35087719298235,1,9.598485993824486,79.56511770894862,0.004518354122552939,39.114442513045894,0.006350606887137639,77.59847224470792,0.006973206819317894,37.68001720620632,0.008924441295530912,7.634530091683254,22.16367235915085,121.03931090890617
494.5104999998697,140.35087719298235,1,9.598485993824486,80.05291783407431,0.00419818554403847,38.72030305592321,0.006122476826994867,78.55001486365087,0.007023131990076695,37.607465596156345,0.00892420697982268,7.634530091683254,22.16367235915085,121.03931090890617
494.52049999986946,140.35087719298235,1,9.598485993824486,80.03457112634142,0.003959022004519348,38.09299152082875,0.005949317260355704,78.9250239896217,0.007046079111759971,37.251916135559824,0.008876797327639196,7.634530091683254,22.16367235915085,121.03931090890617
494.5304999998692,140.35087719298235,1,9.598485993824486,79.61602137123514,0.0037886311947647744,37.30667447587269,0.005822313598681838,78.82642422325011,0.007046647863570983,36.68295909837768,0.008793618321274737,7.634530091683254,22.16367235915085,121.03931090890617
494.540499999869,140.35087719298235,1,9.598485993824486,78.79336432113261,0.003678964233237065,36.371518868494945,0.005735153981995723,78.30516197937183,0.007027773998637262,35.948594468100794,0.00868270483298707,7.634530091683254,22.16367235915085,121.03931090890617
494.55049999986875,140.35087719298235,1,9.598485993824486,77.59298416990451,0.003626412542400338,35.309216019352974,0.0056843996685807105,77.39643003388812,0.0069910091231738325,35.076771402973606,0.008548700282215629,7.634530091683254,22.16367235915085,121.03931090890617
494.5604999998685,140.35087719298235,0,9.598485993824486,75.73798713375912,0.003621417880725121,34.11320961730269,0.005669413259065646,76.22681022198755,0.006941122491787984,34.077940836408615,0.008393182343954494,7.634530091683254,22.16367235915085,121.03931090890617
494.5704999998683,140.35087719298235,0,9.598485993824486,71.92007562754493,0.003621417880725121,32.29530516713771,0.005669413259065646,75.10983427563279,0.006892746670809769,33.07770085405329,0.008237164076344816,7.634530091683254,22.16367235915085,121.03931090890617
494.58049999986804,140.35087719298235,0,9.598485993824486,65.88532430323737,0.003621417880725121,29.439145630947714,0.005669413259065646,74.02817955102618,0.0068459434804521956,32.1568708089363,0.008094101105681024,7.634530091683254,22.16367235915085,121.03931090890617
494.5904999998678,140.35087719298235,0,9.598485993824486,57.57123422716395,0.003621417880725121,25.51595165786963,0.005669413259065646,72.98387053965021,0.006800599952814879,31.30675591335407,0.007962379420659025,7.634530091683254,22.16367235915085,121.03931090890617
494.60049999986757,140.35087719298235,0,9.598485993824486,47.07949396808254,0.003621417880725121,20.57313340308666,0.005669413259065646,71.9677914098042,0.006756645979334868,30.518147947343728,0.007840608121103704,7.634530091683254,22.16367235915085,121.03931090890617
494.61049999986733,140.35087719298235,0,9.598485993824486,34.474231584314005,0.003621417880725121,14.640437162439603,0.005669413259065646,70.9815177023653,0.00671401903025746,29.78334802211173,0.00772758674346197,7.634530091683254,22.16367235915085,121.03931090890617
494.6204999998671,140.35087719298235,0,9.598485993824486,19.8276835706356,0.003621417880725121,7.752306226238516,0.005669413259065646,70.02799537469971,0.006672639881603334,29.09735249340502,0.007622278635947533,7.634530091683254,22.16367235915085,121.03931090890617
494.63049999986686,140.35087719298235,0,9.598485993824486,3.4939182334797447,0.003624920634986953,0.3295632870607812,0.005831785222862224,69.0986413870965,0.006632465318588531,28.453816484003376,0.007523788728242353,7.634530091683254,22.16367235915085,121.03931090890617
494.6404999998666,140.35087719298235,0,0.0,0.3601030910897123,0.004210147882613563,-0.5178448076233186,0.006838784637273619,68.195291510793,0.006593456718085217,27.847395740955303,0.00743134266633804,7.634530091683254,22.16367235915085,121.03931090890617
494.6504999998664,140.35087719298235,0,0.0,0.820580484147122,0.004654036411410937,0.016450276045855805,0.007367924517753885,67.32246858007917,0.006555519246644082,27.277256222711838,0.007344269659700797,7.634530091683254,22.16367235915085,121.03931090890617
494.66049999986615,140.35087719298235,0,0.0,1.1366018865047227,0.0049676073908766485,0.3053006012046997,0.0076707918227819066,66.47166391096987,0.006518620103572686,26.738711212960098,0.007261985573624326,7.634530091683254,22.16367235915085,121.03931090890617
494.6704999998659,140.35087719298235,0,0.0,1.3577468859442607,0.005196152404205821,0.48761073187690673,0.007875091130246474,65.64445558854237,0.006482735122376762,26.227485370886317,0.007183976561469486,7.634530091683254,22.16367235915085,121.03931090890617
494.6804999998657,140.35087719298235,0,0.0,1.518055850379631,0.005369044583104546,0.6216313377256544,0.008033046797144209,64.84414154891594,0.0064478097945925485,25.74202921803902,0.007109789651199956,7.634530091683254,22.16367235915085,121.03931090890617
494.69049999986544,140.35087719298235,0,0.0,1.6383747294157134,0.005505336156643945,0.7304740808147052,0.00816642387261392,64.06250279191995,0.006413827185221929,25.27858638244637,0.007039026808842484,7.634530091683254,22.16367235915085,121.03931090890617
494.7004999998652,140.35087719298235,0,0.0,1.731485942133522,0.005617397121540323,0.8232433308469829,0.00828462909536457,63.30139023996092,0.006380766334813921,24.83413286970797,0.006971338492446684,7.634530091683254,22.16367235915085,121.03931090890617
494.71049999986496,140.35087719298235,0,0.0,1.80785473432628,0.0057132662062134,0.9060710454024492,0.00839201047287164,62.564498813367194,0.006348571131130178,24.408500491076925,0.006906418778783522,7.634530091683254,22.16367235915085,121.03931090890617
494.7204999998647,140.35087719298235,0,0.0,1.8728974248782535,0.005798168836917089,0.9808099034272741,0.008490800398508046,61.84394325312622,0.0063172269529522835,23.99889461496822,0.006844000989158254,7.634530091683254,22.16367235915085,121.03931090890617
494.7304999998645,140.35087719298235,0,0.3119037588379519,1.9539090167891713,0.005905954276182361,1.0848642282327834,0.008630458170398559,61.14205311885745,0.00628671207039609,23.60352897272625,0.006783852213723498,7.634530091683254,22.16367235915085,121.03931090890617
494.74049999986426,140.35087719298235,0,1.2300276088674984,2.4133494548308767,0.0063652473257544626,1.653668272377511,0.009216370870710875,60.461512135299415,0.006256978022751999,23.221833436660003,0.0067257695726123485,7.634530091683254,22.16367235915085,121.03931090890617
494.750499999864,140.35087719298235,0,2.1820153637692585,3.099727747763806,0.007015425226937927,2.3036427257609713,0.009857750608351952,59.79432590057911,0.0062280477301288675,22.850453134897464,0.00666958220580362,7.634530091683254,22.16367235915085,121.03931090890617
494.7604999998638,140.35087719298235,0,3.1593023579602657,3.7366654072922976,0.0076131365556971,2.7480137866092798,0.0103002277588902,59.143007695498035,0.006199892230396132,22.488664836767377,0.006615161329516071,7.634530091683254,22.16367235915085,121.03931090890617
494.77049999986355,140.35087719298235,0,4.152586587308782,4.198988680706266,0.008049660358737727,2.97768639070773,0.010539811734810901,58.51193235892426,0.006172447005053901,22.138603533100223,0.006562418567795447,7.634530091683254,22.16367235915085,121.03931090890617
494.7804999998633,140.35087719298235,0,5.1520930926102455,4.469029364800392,0.008312283167054893,3.0486771746817265,0.01062990710528544,57.893769995854214,0.0061456987414268745,21.79897907468702,0.0065112891593895736,7.634530091683254,22.16367235915085,121.03931090890617
494.7904999998631,140.35087719298235,0,6.147861570486437,4.568763705981601,0.008422447483990177,3.0244479965188655,0.010634194988731431,57.29043310800053,0.006119633108641514,21.468639958143307,0.006461714165839857,7.634530091683254,22.16367235915085,121.03931090890617
494.80049999986284,140.35087719298235,1,7.13004315529509,4.550248667210256,0.008428859911168249,2.996349723058662,0.010634194988731431,56.70602432408424,0.006094194672899069,21.14947528742385,0.006413630970952845,7.634530091683254,22.16367235915085,121.03931090890617
494.8104999998626,140.35087719298235,1,8.089191682429393,4.525263250131564,0.008428859911168249,2.971309924056796,0.010634194988731431,56.1336431221602,0.0060693699791059446,20.840458888336354,0.006366970113933016,7.634530091683254,22.16367235915085,121.03931090890617
494.82049999986236,140.35087719298235,1,9.016535124730916,4.503395281906959,0.008428859911168249,2.949387493038585,0.010634194988731431,55.57571711906177,0.006045132089645091,20.541179479224983,0.006321653438178734,7.634530091683254,22.16367235915085,121.03931090890617
494.8304999998621,137.77267508610782,1,9.598485993824486,4.565145196399833,0.008428859911168249,2.987856946090438,0.010634194988731431,55.037151608448156,0.006021409336053068,20.25457397500056,0.006277592357043467,7.634530091683254,22.16367235915085,121.03931090890617
494.8404999998619,137.77267508610782,1,9.598485993824486,7.247453104275713,0.008428859911168249,4.859028599064609,0.010634194988731431,54.51064497290925,0.005998181024475052,19.979130305451058,0.006234685364233747,7.634530091683254,22.16367235915085,121.03931090890617
494.85049999986165,137.77267508610782,1,9.598485993824486,13.683160583732484,0.008428859911168249,9.353067740755494,0.010634194988731431,53.99605352010662,0.005975486500236364,19.710266969283097,0.006192818980781574,7.634530091683254,22.16367235915085,121.03931090890617
494.8604999998614,137.77267508610782,1,9.598485993824486,23.656632863396524,0.008428859911168249,16.319689227054432,0.010634194988731431,53.49702819973002,0.005953290493087064,19.448788880688568,0.0061518807429931715,7.634530091683254,22.16367235915085,121.03931090890617
494.8704999998612,137.77267508610782,1,9.598485993824486,36.804719006415326,0.008428859911168249,24.420814875635408,0.010357129429276945,53.00624254358562,0.005931603906679095,20.832751504801607,0.006383073484993253,7.634530091683254,22.16367235915085,121.03931090890617
494.88049999986094,137.77267508610782,1,9.598485993824486,52.665624398267155,0.008427799321278327,29.995379826889724,0.009516293942745982,52.54842488076074,0.005911130084521111,25.344438813868905,0.00713184471525289,7.634530091683254,22.16367235915085,121.03931090890617
494.8904999998607,137.77267508610782,1,9.598485993824486,64.06913661570997,0.007699169130584807,33.6894178584922,0.008669688796805118,59.011837396470355,0.006177166320243154,29.522687021672734,0.007828636164462112,7.634530091683254,22.16367235915085,121.03931090890617
494.9004999998605,137.77267508610782,1,9.598485993824486,69.93897370058457,0.006733487101981116,36.03857569180409,0.007955276635206345,65.22984592780344,0.006466048159585616,32.61750322004404,0.008349056312035445,7.634530091683254,22.16367235915085,121.03931090890617
494.91049999986024,137.77267508610782,1,9.598485993824486,73.65029770745653,0.0059236196165547705,37.41709639271511,0.007381291913758277,69.88949638184255,0.006687992585404732,34.69379001066319,0.008700722345183846,7.634530091683254,22.16367235915085,121.03931090890617
494.92049999986,137.77267508610782,1,9.598485993824486,76.16402395536981,0.005287807746693498,38.11170923921833,0.006929276599570719,73.20448931795625,0.006847090296214161,35.94738032224244,0.008915192414340668,7.634530091683254,22.16367235915085,121.03931090890617
494.93049999985976,137.77267508610782,1,9.598485993824486,77.75238388990749,0.004794756981184501,38.27593265157829,0.006576187014088751,75.45023704972465,0.0069561800887385445,36.574509391351086,0.009025297741709366,7.634530091683254,22.16367235915085,121.03931090890617
494.9404999998595,137.77267508610782,1,9.598485993824486,78.63251609135008,0.004414896761059515,38.057774650168646,0.00630191370857782,76.86774875071852,0.007026370940982894,36.73723901770688,0.00905815112041144,7.634530091683254,22.16367235915085,121.03931090890617
494.9504999998593,137.77267508610782,1,9.598485993824486,78.98904477938649,0.004126676699337439,37.58710437430405,0.006091516498864324,77.63610541538176,0.007065660177797005,36.55758110761605,0.009033537057350877,7.634530091683254,22.16367235915085,121.03931090890617
494.96049999985905,137.77267508610782,1,9.598485993824486,78.85720723829637,0.003914000108329478,36.90224167665977,0.005933191583295526,77.86357600381477,0.007079835602329726,36.12441744159103,0.008966509722857516,7.634530091683254,22.16367235915085,121.03931090890617
494.9704999998588,137.77267508610782,1,9.598485993824486,78.31367189438518,0.003765926820728634,36.05601668876312,0.005818569665168738,77.64085658811196,0.007073043506949686,35.5000357638731,0.008867604627019816,7.634530091683254,22.16367235915085,121.03931090890617
494.9804999998586,137.77267508610782,1,9.598485993824486,77.40740344945681,0.0036765498580111425,35.089354450288056,0.0057427550937524455,77.02339921029585,0.007047586978653443,34.72564608760243,0.00874315653697264,7.634530091683254,22.16367235915085,121.03931090890617
494.99049999985834,137.77267508610782,1,9.598485993824486,76.10685934165632,0.0036437601758745023,33.99354936214432,0.005703143583411564,76.01753592493912,0.007004417502878514,33.8213272930855,0.008596777783743582,7.634530091683254,22.16367235915085,121.03931090890617
495.0004999998581,137.77267508610782,0,9.598485993824486,73.74152557516794,0.003643636213742253,32.704035010560105,0.005696824573825429,74.89192891080093,0.0069541571142042805,32.80784981524501,0.008432188000490223,7.634530091683254,22.16367235915085,121.03931090890617
495.01049999985787,137.77267508610782,0,9.598485993824486,69.21160855787767,0.003643636213742253,30.555873308869288,0.005696824573825429,73.82514578047257,0.006905973990773906,31.84710484482926,0.008275905878948962,7.599140811002913,24.185402828798196,121.11153944333141
495.02049999985763,137.77267508610782,0,9.598485993824486,62.47463488879671,0.003643636213742253,27.36494338837529,0.005696824573825429,72.78755812206454,0.006859292139326965,30.964720424147608,0.008132486460004622,7.599140811002913,24.185402828798196,121.11153944333141
495.0304999998574,137.77267508610782,0,9.598485993824486,53.514597451375984,0.003643636213742253,23.122921431789358,0.005696824573825429,71.7804175074412,0.0068140423864612165,30.14976011755462,0.008000333890278311,7.599140811002913,24.185402828798196,121.11153944333141
495.04049999985716,137.77267508610782,0,9.598485993824486,42.33007946944739,0.003643636213742253,17.830678188817817,0.005696824573825429,70.80824056941272,0.0067701067340047855,29.396959986152847,0.007878071648849488,7.599140811002913,24.185402828798196,121.11153944333141
495.0504999998569,137.77267508610782,0,9.598485993824486,29.129846271343602,0.003643636213742253,11.586117920743405,0.005696824573825429,69.86044083219322,0.006727447020191674,28.69730529466002,0.007764512605515304,7.599140811002913,24.185402828798196,121.11153944333141
495.0604999998567,137.77267508610782,0,9.598485993824486,14.035482805014686,0.003643636213742253,4.445914575212731,0.005696824573825429,68.9387851587016,0.006686024804351419,28.043269377156932,0.007658631092005328,7.599140811002913,24.185402828798196,121.11153944333141
495.07049999985645,137.77267508610782,0,0.0,-1.1908809876716653,0.0038021032671933554,-2.2526149796614092,0.006256143622899162,68.12065029596175,0.006644508023179117,27.529804445446388,0.007559540491931194,7.599140811002913,24.185402828798196,121.11153944333141
495.0804999998562,137.77267508610782,0,0.0,-0.4337587251348012,0.0043744343506842845,-1.1466860033333717,0.007167427551050147,67.32633044897405,0.0066034003280634425,27.073664234731528,0.007466474570898744,7.599140811002913,24.185402828798196,121.11153944333141
495.090499999856,137.77267508610782,0,0.0,0.11958580198288793,0.004771489253955033,-0.5366287874698128,0.007632843645291019,66.5499506241044,0.006563370989982555,26.64432371775633,0.00737876844870022,7.599140811002913,24.185402828798196,121.11153944333141
495.10049999985574,137.77267508610782,0,0.0,0.5382884426897396,0.005054448244759944,-0.13940375405932137,0.007909295071968178,65.79497690396009,0.006524378353759532,26.23890683950369,0.007295840956813005,7.599140811002913,24.185402828798196,121.11153944333141
495.1104999998555,137.77267508610782,0,0.0,0.86755586049917,0.0052629422837682524,0.15999263658432294,0.008100950908375296,65.05309267986601,0.006486394597419935,25.854082361382446,0.007217181316475269,7.599140811002913,24.185402828798196,121.11153944333141
495.12049999985527,137.77267508610782,0,0.0,1.136518925819332,0.005422666035813731,0.4087304650488459,0.00825064614040633,64.32769893970799,0.00644938618680934,25.487544316213764,0.0071423392563572195,7.599140811002913,24.185402828798196,121.11153944333141
495.13049999985503,137.77267508610782,0,0.0,1.363652149246696,0.0055502874869107965,0.6263052246237208,0.008376489401140772,63.62189388525342,0.0064133295324687355,25.136863367803493,0.007070918964064185,7.599140811002913,24.185402828798196,121.11153944333141
495.1404999998548,137.77267508610782,0,0.0,1.5620412155851953,0.005656619978087695,0.8223081564572383,0.008486546529532412,62.927883349542476,0.006378196174354175,24.80000629380172,0.007002574097945104,7.599140811002913,24.185402828798196,121.11153944333141
495.15049999985456,137.77267508610782,0,0.0,1.7400080729196699,0.005748687918905607,1.0014005406497857,0.008584747985471923,62.24921350923484,0.006343950771097315,24.47585448313278,0.0069370014443407,7.599140811002913,24.185402828798196,121.11153944333141
495.1604999998543,137.77267508610782,0,0.0,1.902319288476349,0.005831060790481437,1.165561865725552,0.008673283373519474,61.588901669544384,0.00631057189938997,24.162757877790227,0.006873936241847655,7.599140811002913,24.185402828798196,121.11153944333141
495.1704999998541,137.77267508610782,0,0.0,2.0533407142866973,0.00590671187368138,1.3172459543145147,0.008753570411436793,60.939508377384335,0.006278030894254225,23.859526902123438,0.006813148102301761,7.599140811002913,24.185402828798196,121.11153944333141
495.18049999985385,137.77267508610782,0,0.8582650382049619,2.419290768408975,0.006200746325338624,1.7696080669896563,0.009151277194503385,60.304930182058285,0.006246283326619515,23.566320885300662,0.006754435819187851,7.599140811002913,24.185402828798196,121.11153944333141
495.1904999998536,137.77267508610782,0,1.7976855646854857,3.1441964629244517,0.006811673130681237,2.5452063807475076,0.009834860254903138,59.68604946724619,0.006215359141721271,23.278912532750862,0.006697625910914617,7.599140811002913,24.185402828798196,121.11153944333141
495.2004999998534,137.77267508610782,0,2.7659334044902013,3.911848458610364,0.00745303115935384,3.179350884546979,0.01037682257629653,59.07664847176,0.006185221119796307,22.997837162530423,0.006642582040086539,7.599140811002913,24.185402828798196,121.11153944333141
495.21049999985314,137.77267508610782,0,3.753971504953023,4.5345625919931525,0.007961439411080682,3.5748821169195804,0.010695662922457005,58.4806741558982,0.006155824673238614,22.724055292916393,0.006589210087283462,7.599140811002913,24.185402828798196,121.11153944333141
495.2204999998529,137.77267508610782,0,4.752180574347627,4.958011457131723,0.008292839185113744,3.7782677038173738,0.010837875906626727,57.901083200166795,0.006127148125932352,22.45728505589913,0.006537445543450638,7.599140811002913,24.185402828798196,121.11153944333141
495.23049999985267,137.77267508610782,0,5.750639019782597,5.197450329225531,0.008461120051831476,3.8489824467738822,0.010859456861272408,57.33104666186283,0.006099161400444186,22.197649902589205,0.00648723554579001,7.599140811002913,24.185402828798196,121.11153944333141
495.24049999985243,137.77267508610782,1,6.739417810539715,5.282580105990281,0.008494197135452452,3.8918403486536635,0.010859456861272408,56.77392034697976,0.006071832273262775,21.945595287364508,0.006438525215410043,7.599140811002913,24.185402828798196,121.11153944333141
495.2504999998522,137.77267508610782,1,7.708875709918113,5.3237306088531895,0.008494197135452452,3.9329908515165726,0.010859456861272408,56.23219201310121,0.006045150833484663,21.700226617975336,0.0063912523261343435,7.599140811002913,24.185402828798196,121.11153944333141
495.26049999985196,137.77267508610782,1,8.64994029317096,5.366093202339631,0.008494197135452452,3.975296966116438,0.010859456861272408,55.69988977574114,0.006019077395828933,21.46241496092229,0.006345346230075724,7.599140811002913,24.185402828798196,121.11153944333141
495.2704999998517,137.77267508610782,1,9.554361148695255,5.411111535352772,0.008494197135452452,4.02025880777151,0.010859456861272408,55.18080566170178,0.005993565175654045,21.23330342299605,0.00630072571620037,7.599140811002913,24.185402828798196,121.11153944333141
495.2804999998515,135.13513513513504,1,9.598485993824486,6.685570264534263,0.008494197135452452,4.946753547973376,0.010859456861272408,54.6782117037797,0.005968583119021243,21.013135054863838,0.006257296585182056,7.599140811002913,24.185402828798196,121.11153944333141
495.29049999985125,135.13513513513504,1,9.598485993824486,11.669537438827092,0.008494197135452452,8.530737350820049,0.010859456861272408,54.183620333397165,0.005944136506607295,20.79897012754195,0.006214950843269708,7.599140811002913,24.185402828798196,121.11153944333141
495.300499999851,135.13513513513504,1,9.598485993824486,20.26695201395048,0.008494197135452452,14.703091388394363,0.010859456861272408,53.69948209337326,0.005920226467414566,20.58940973428197,0.006173574772342753,7.599140811002913,24.185402828798196,121.11153944333141
495.3104999998508,135.13513513513504,1,9.598485993824486,32.193363782497194,0.008494197135452452,23.039659564307,0.010781171554046367,53.2278341908092,0.0058968583743164065,20.85083593598916,0.006210496381207168,7.599140811002913,24.185402828798196,121.11153944333141
495.32049999985054,135.13513513513504,1,9.598485993824486,47.01637975608483,0.008494197135452452,29.67857331503326,0.010031720467179695,52.76234678338308,0.005874015063289395,24.976704360828094,0.006887055427689005,7.599140811002913,24.185402828798196,121.11153944333141
495.3304999998503,135.13513513513504,1,9.598485993824486,61.14073319533691,0.00809406074178421,34.150474397338684,0.009133560462951126,56.649400367384644,0.0060237340990379135,29.627541826682673,0.007652039464285575,7.599140811002913,24.185402828798196,121.11153944333141
495.34049999985007,135.13513513513504,1,9.598485993824486,68.44429319683708,0.0071147892744826136,37.11264992632074,0.008342599913674299,63.40399076433349,0.006328558234883426,33.296516852997,0.008258445241721955,7.599140811002913,24.185402828798196,121.11153944333141
495.35049999984983,135.13513513513504,1,9.598485993824486,72.85604184018263,0.006230464226341422,38.95030719386472,0.007697282028705019,68.69474204903929,0.006576925923897268,35.871473836171,0.008684133821186128,7.599140811002913,24.185402828798196,121.11153944333141
495.3604999998496,135.13513513513504,1,9.598485993824486,75.7939997553597,0.005525027837190759,39.96155880633265,0.007184364824886175,72.52848291626988,0.006758530986932332,37.52603227084575,0.008956972535430575,7.599140811002913,24.185402828798196,121.11153944333141
495.37049999984936,135.13513513513504,1,9.598485993824486,77.76516490100845,0.004975253826690199,40.39294902530683,0.006782015888670304,75.1988054643461,0.006885279335666727,38.459705884502384,0.00911011042862836,7.599140811002913,24.185402828798196,121.11153944333141
495.3804999998491,135.13513513513504,1,9.598485993824486,78.94138292240362,0.004549729600402193,40.37122024592772,0.006468359598233891,76.947645988493,0.006968957558936284,38.85365336634861,0.00917362761828431,7.599140811002913,24.185402828798196,121.11153944333141
495.3904999998489,135.13513513513504,1,9.598485993824486,79.50132373228023,0.004223096850700062,40.02451838984893,0.006225434091024094,77.98033006830286,0.0070189724695691146,38.85147943113611,0.009171246966067803,7.599140811002913,24.185402828798196,121.11153944333141
495.40049999984865,135.13513513513504,1,9.598485993824486,79.59680801559699,0.0039775786912483,39.46133433045992,0.006040349469796603,78.44334751556288,0.007041979086454231,38.55375974357722,0.009119781011481351,7.599140811002913,24.185402828798196,121.11153944333141
495.4104999998484,135.13513513513504,1,9.598485993824486,79.2482832727562,0.003800166827831324,38.709866714925994,0.005903115260796793,78.42263467657668,0.007042644583943659,38.036298503710206,0.009031813186377458,7.599140811002913,24.185402828798196,121.11153944333141
495.4204999998482,135.13513513513504,1,9.598485993824486,78.5177980117572,0.0036824722385770045,37.81432790800176,0.005806912324934497,77.99115763615958,0.007024187142290772,37.351276967081446,0.008915877616694339,7.599140811002913,24.185402828798196,121.11153944333141
495.43049999984794,135.13513513513504,1,9.598485993824486,77.42949275743085,0.0036207163121063364,36.79968850458647,0.0057481638299674565,77.18487688152835,0.006988198143905416,36.52650300506925,0.008776702278559456,7.599140811002913,24.185402828798196,121.11153944333141
495.4404999998477,135.13513513513504,0,9.598485993824486,75.8482747698421,0.003610290276269434,35.652618312691935,0.0057256249140473425,76.0596719291196,0.006937223710435685,35.57470522157794,0.008616391335549471,7.599140811002913,24.185402828798196,121.11153944333141
495.45049999984747,135.13513513513504,0,9.598485993824486,72.55370338950729,0.003610290276269434,34.0511666025957,0.005725414863998231,74.96648571921071,0.006886398496739653,34.58226917625629,0.008449258167734296,7.599140811002913,24.185402828798196,121.11153944333141
495.46049999984723,135.13513513513504,0,9.598485993824486,67.09659151454292,0.003610290276269434,31.408155277839548,0.005725414863998231,73.9122043373019,0.006837190370061633,33.67328750145482,0.008296026426799066,7.599140811002913,24.185402828798196,121.11153944333141
495.470499999847,135.13513513513504,0,9.598485993824486,59.48294953810312,0.003610290276269434,27.71651773301114,0.005725414863998231,72.88585471695758,0.00678948574309812,32.838414405093864,0.008155143262594512,7.599140811002913,24.185402828798196,121.11153944333141
495.48049999984676,135.13513513513504,0,9.598485993824486,49.72090668790153,0.003610290276269434,22.980483094824056,0.005725414863998231,71.89040269272373,0.006743195242555492,32.06915501635901,0.008025088192889818,7.599140811002913,24.185402828798196,121.11153944333141
495.4904999998465,135.13513513513504,0,9.598485993824486,37.82508157063945,0.003610290276269434,17.206686793795626,0.005725414863998231,70.9279484722356,0.006698261462088831,31.356830744918394,0.007904549283143554,7.599140811002913,24.185402828798196,121.11153944333141
495.5004999998463,135.13513513513504,0,9.598485993824486,24.03734718938808,0.003610290276269434,10.51296153775744,0.005725414863998231,69.98900792603101,0.006654619578414792,30.694659909428424,0.007792394804302766,7.599140811002913,24.185402828798196,121.11153944333141
495.51049999984605,135.13513513513504,0,9.598485993824486,8.495797422464895,0.003610290276269434,2.974387733321786,0.005733173587727572,69.07696364477609,0.006612206642492562,30.077403528780057,0.007687646551985613,7.599140811002913,24.185402828798196,121.11153944333141
495.5204999998458,135.13513513513504,0,0.0,0.9034415911618194,0.004061125602680028,-0.022043832370084893,0.006641596210732874,68.1939948308811,0.0065709895091918555,29.49888934705563,0.007589458590680685,7.599140811002913,24.185402828798196,121.11153944333141
495.5304999998456,135.13513513513504,0,0.0,1.4846041034197168,0.004558013509786175,0.6616371273384791,0.007250696830249517,67.33229413130647,0.006530898806328162,28.956246321925637,0.007497099408224531,7.599140811002913,24.185402828798196,121.11153944333141
495.54049999984534,135.13513513513504,0,0.0,1.8987713741772287,0.004906210290804696,1.0389754754723741,0.0075800735226236515,66.49529167343489,0.006491874608789706,28.446450420395102,0.007409932357119604,7.599140811002913,24.185402828798196,121.11153944333141
495.5504999998451,135.13513513513504,0,0.0,2.2028027375280965,0.005157581441586537,1.2842116333029385,0.007789392051888329,65.68509991409259,0.006453896281497136,27.964853115588348,0.007327398730386717,7.599140811002913,24.185402828798196,121.11153944333141
495.56049999984486,135.13513513513504,0,0.0,2.4351296255783295,0.005345712085003971,1.4692209773090141,0.007943619367905682,64.8929665881761,0.006416929585442244,27.50811393153974,0.007249006909422533,7.599140811002913,24.185402828798196,121.11153944333141
495.5704999998446,135.13513513513504,0,0.0,2.620372405640203,0.005492369833249285,1.6235551147267753,0.00806963471728002,64.12221183901795,0.006380936001843633,27.073952626164733,0.0071743236983056406,7.599140811002913,24.185402828798196,121.11153944333141
495.5804999998444,135.13513513513504,0,0.0,2.7732575611241352,0.005611671099214374,1.758580814275423,0.008178924072237323,63.37526309346183,0.006345896479352733,26.659195377438735,0.007102968677390211,7.599140811002913,24.185402828798196,121.11153944333141
495.59049999984416,135.13513513513504,0,0.0,2.9050305999202513,0.005712770568303217,1.8807554826131874,0.008276694271476004,62.64397688518432,0.006311776774897498,26.26183711901645,0.0070346093381796655,7.599140811002913,24.185402828798196,121.11153944333141
495.6004999998439,135.13513513513504,0,0.0,3.0226194875762173,0.005801614073997226,1.9931291669018654,0.008365546534702603,61.93180871748084,0.006278539161983637,25.88069699869191,0.006968954732881819,7.599140811002913,24.185402828798196,121.11153944333141
495.6104999998437,135.13513513513504,0,0.0,3.129313051361441,0.005882069664766153,2.0962590685860754,0.008446975297961477,61.2412819260172,0.006246165770993163,25.513551721083093,0.006905750900301469,7.599140811002913,24.185402828798196,121.11153944333141
495.62049999984345,135.13513513513504,0,0.0,3.2289372951204776,0.005956653930483909,2.1920873177559166,0.008521976591772446,60.56462179917327,0.006214624608233307,25.159165638872786,0.006844776918282383,7.599140811002913,24.185402828798196,121.11153944333141
495.6304999998432,135.13513513513504,0,0.583312293202497,3.426856207388385,0.006135836142487313,2.4249768946555705,0.00874892155110008,59.905585457165635,0.006183874441061825,24.81743449435368,0.0067858397619608764,7.599140811002913,24.185402828798196,121.11153944333141
495.640499999843,135.13513513513504,0,1.5124411047019068,4.038781827336556,0.006688242452777212,3.093716916634695,0.009378724274872217,59.26554825274084,0.006153922189944221,24.485114170549497,0.00672877172557821,7.599140811002913,24.185402828798196,121.11153944333141
495.65049999984274,135.13513513513504,0,2.4729562554155584,4.784920672247775,0.007348874613064779,3.7215080276173564,0.009954617643143109,58.637364252272434,0.006124743248119901,24.161688958114425,0.006673436712539119,7.599140811002913,24.185402828798196,121.11153944333141
495.6604999998425,135.13513513513504,0,3.45604602285889,5.42851736642262,0.00791073642799613,4.128617472801174,0.010320255865586228,58.02472965330878,0.006096297998518018,23.847666797467863,0.00661973960551409,7.599140811002913,24.185402828798196,121.11153944333141
495.67049999984226,135.13513513513504,0,4.452237440462,5.8787034460918886,0.008298357247321593,4.337315930429158,0.010501574385351898,57.430327005687104,0.006068567529100038,23.542382160105443,0.006567618823549818,7.599140811002913,24.185402828798196,121.11153944333141
495.680499999842,135.13513513513504,0,5.451669047874359,6.1374546471611096,0.008514574658115961,4.402670825537235,0.010549235384300927,56.84702962477626,0.006041521703173194,23.245845852058913,0.006517028400630396,7.599140811002913,24.185402828798196,121.11153944333141
495.6904999998418,135.13513513513504,0,6.444382777290247,6.230569168227194,0.008582558726105263,4.412361074599447,0.010549235384300927,56.27816307113473,0.006015129184297185,22.958422577147665,0.006467922156873066,7.599140811002913,24.185402828798196,121.11153944333141
495.70049999984155,135.13513513513504,1,7.420620624513918,6.240028352717637,0.008582558726105263,4.421643070218628,0.010549235384300927,55.72611373734769,0.005989378328367539,22.679148508552476,0.006420246470220778,7.599140811002913,24.185402828798196,121.11153944333141
495.7104999998413,135.13513513513504,1,8.37111142281271,6.251241939575795,0.008582558726105263,4.432774257006325,0.010549235384300927,55.184264351374466,0.005964238070698614,22.40825237403041,0.0063739384955893135,7.599140811002913,24.185402828798196,121.11153944333141
495.7204999998411,135.13513513513504,1,9.287333720807599,6.265438209000338,0.008582558726105263,4.446888185123601,0.010549235384300927,54.656241383621115,0.005939667690351427,22.146540987421194,0.006328924366906323,7.599140811002913,24.185402828798196,121.11153944333141
495.73049999984084,132.45033112582772,1,9.598485993824486,6.760569043545207,0.008582558726105263,4.787191147772845,0.010549235384300927,54.14500961775771,0.005915643201081051,21.89377790831312,0.00628511720840586,7.599140811002913,24.185402828798196,121.11153944333141
495.7404999998406,132.45033112582772,1,9.598485993824486,10.579681256089563,0.008582558726105263,7.375966738973657,0.010549235384300927,53.643095843657456,0.005892145396896196,21.648719238668182,0.006242415290832155,7.599140811002913,24.185402828798196,121.11153944333141
495.7504999998404,132.45033112582772,1,9.598485993824486,18.06814294829422,0.008582558726105263,12.446359565501435,0.010549235384300927,53.15284487484683,0.005869173326817822,21.409863911579798,0.006200706524886331,7.599140811002913,24.185402828798196,121.11153944333141
495.76049999984014,132.45033112582772,1,9.598485993824486,28.980674606761532,0.008582558726105263,19.83210387767996,0.010549235384300927,52.676403458833676,0.0058467275259765335,21.17558734583711,0.006159883482483287,7.599140811002913,24.185402828798196,121.11153944333141
495.7704999998399,132.45033112582772,1,9.598485993824486,42.92989385125549,0.008582558726105263,27.416892135473066,0.010127685064538542,52.20714779865791,0.005824792016446569,23.4244939816655,0.006530020768239774,7.599140811002913,24.185402828798196,121.11153944333141
495.78049999983966,132.45033112582772,1,9.598485993824486,58.05516377181509,0.008370282357729951,32.420707120287744,0.009280403606986303,54.39305214176584,0.005903630018628917,27.931628044033708,0.007274254955133025,7.599140811002913,24.185402828798196,121.11153944333141
495.7904999998394,132.45033112582772,1,9.598485993824486,66.56909856948815,0.007420048937463754,35.74972520900721,0.008476928132673688,61.36376324254035,0.006212367703642051,31.82777552235889,0.007920281651673643,7.599140811002913,24.185402828798196,121.11153944333141
495.8004999998392,132.45033112582772,1,9.598485993824486,71.55618955417556,0.006484865810697748,37.8762212043838,0.007807147866955342,67.10713668883825,0.006481666944120842,34.67105820757353,0.008392718851120804,7.599140811002913,24.185402828798196,121.11153944333141
495.81049999983895,132.45033112582772,1,9.598485993824486,74.85815543887918,0.005725966291050218,39.1185550455689,0.0072697602145616585,71.33697299011908,0.006682681855689944,36.565607539510644,0.008707812587835958,7.599140811002913,24.185402828798196,121.11153944333141
495.8204999998387,132.45033112582772,1,9.598485993824486,77.09998238292135,0.005131335770496345,39.732883317825426,0.006845835289103788,74.32403621177365,0.006825226415161135,37.69861787065915,0.008896534687510196,7.599140811002913,24.185402828798196,121.11153944333141
495.8304999998385,132.45033112582772,1,9.598485993824486,78.48976878241079,0.004669181491290984,39.85710775645481,0.006513836433756417,76.32427089969565,0.006921590111477175,38.253737851284924,0.00898935031966101,7.599140811002913,24.185402828798196,121.11153944333141
495.84049999983824,132.45033112582772,1,9.598485993824486,79.22368771108839,0.00431228508620548,39.62797294402324,0.00625531611960265,77.55933913751643,0.006981928633381638,38.381222252849,0.009011082019870697,7.599140811002913,24.185402828798196,121.11153944333141
495.850499999838,132.45033112582772,1,9.598485993824486,79.46842337417542,0.004041076741069908,39.16246798170607,0.006056691870693601,78.19040793342421,0.007013557764588321,38.18921254188894,0.00897972071501523,7.599140811002913,24.185402828798196,121.11153944333141
495.86049999983777,132.45033112582772,1,9.598485993824486,79.25382237267695,0.003840937154586276,38.494895073142644,0.005907220262228982,78.31517989071672,0.007021721881039478,37.76016641670549,0.00890896890760756,7.599140811002913,24.185402828798196,121.11153944333141
495.87049999983753,132.45033112582772,1,9.598485993824486,78.65188725578997,0.003701980451462763,37.675158945177,0.005799305594193365,78.01788174627157,0.007010168519821224,37.152378311623934,0.00880839944613672,7.599140811002913,24.185402828798196,121.11153944333141
495.8804999998373,132.45033112582772,1,9.598485993824486,77.70367551478655,0.003618995765375375,36.73754527581878,0.005728595720174026,77.34633673676483,0.006980993762516849,36.39974454265795,0.008683685993705352,7.599140811002913,24.185402828798196,121.11153944333141
495.89049999983706,132.45033112582772,1,9.598485993824486,76.37798270009061,0.0035902995424122045,35.6732001220562,0.005692877681789156,76.30436173818745,0.006934977405071429,35.521140439006864,0.008537980514160649,7.599140811002913,24.185402828798196,121.11153944333141
495.9004999998368,132.45033112582772,0,9.598485993824486,73.96070473954937,0.0035902995424122045,34.39395179711089,0.005688249003137529,75.17523742150365,0.006883301256657153,34.54491238112532,0.00837593130120227,7.599140811002913,24.185402828798196,121.11153944333141
495.9104999998366,132.45033112582772,0,9.598485993824486,69.46385839653189,0.0035902995424122045,32.242791917094685,0.005688249003137529,74.09941302188118,0.00683365937265899,33.62633761692012,0.008223395457546986,7.599140811002913,24.185402828798196,121.11153944333141
495.92049999983635,132.45033112582772,0,9.598485993824486,62.85920718627064,0.0035902995424122045,29.082010010262277,0.005688249003137529,73.05285001340953,0.006785569666289474,32.78273557029108,0.008083274745761993,7.599140811002913,24.185402828798196,121.11153944333141
495.9304999998361,132.45033112582772,0,9.598485993824486,54.136207666844975,0.0035902995424122045,24.906715643686564,0.005688249003137529,72.03836538875413,0.006738939209395116,32.00529259706042,0.0079540337392275,7.599140811002913,24.185402828798196,121.11153944333141
495.9404999998359,132.45033112582772,0,9.598485993824486,43.292508768783634,0.0035902995424122045,19.71551391838201,0.005688249003137529,71.05834939692726,0.006693698754205924,31.285657623584036,0.007834348124289256,7.599140811002913,24.185402828798196,121.11153944333141
495.95049999983564,132.45033112582772,0,9.598485993824486,30.527338865310774,0.0035902995424122045,13.603966837143386,0.005688249003137529,70.10277990520859,0.006649782878182628,30.616755355296824,0.007723075949230397,7.599140811002913,24.185402828798196,121.11153944333141
495.9604999998354,132.45033112582772,0,9.598485993824486,15.95763957783258,0.0035902995424122045,6.628226096577897,0.005688249003137529,69.17496207575124,0.006607128752442616,29.993067123097134,0.007619230549080128,7.599140811002913,24.185402828798196,121.11153944333141
495.97049999983517,132.45033112582772,0,0.0,0.8769086709044251,0.0037505339756989495,-0.2444296398511776,0.006140830284397341,68.2775398877373,0.0065656904606868575,29.40898429016933,0.007521959012729465,7.599140811002913,24.185402828798196,121.11153944333141
495.98049999983493,132.45033112582772,0,0.0,1.566053454845703,0.004352382490364673,0.6787738083326778,0.00697697954567695,67.4014728467876,0.006525417483414961,28.860244651177737,0.0074305242970369705,7.599140811002913,24.185402828798196,121.11153944333141
495.9904999998347,132.45033112582772,0,0.0,2.0462998969160715,0.00476864092444006,1.149112947187784,0.007401028849367324,66.55073000732799,0.006486241490924305,28.344365331327726,0.007344286703817555,7.599140811002913,24.185402828798196,121.11153944333141
496.00049999983446,132.45033112582772,0,0.0,2.389854526864913,0.005064227941988961,1.4290709769180783,0.007651814954458368,65.72789176336019,0.0064481290069614864,27.857317617871956,0.007262686598878718,7.599140811002913,24.185402828798196,121.11153944333141
496.0104999998342,132.45033112582772,0,0.0,2.644564114731511,0.005281146938086528,1.6253872222995196,0.007825938607875753,64.92378988376035,0.006411046509793621,27.395585123530328,0.007185231445161335,7.576869216124505,25.550460472251427,118.05231687327975
496.020499999834,132.45033112582772,0,0.0,2.840998779264784,0.005446601169335509,1.7814145318423176,0.007962959883747522,64.1416913552918,0.006374957150247454,26.95665772440495,0.007111486324920202,7.576869216124505,25.550460472251427,118.05231687327975
496.03049999983375,132.45033112582772,0,0.0,2.9982949429760213,0.005578218035573579,1.9145853423993335,0.008079473138480035,63.38439691408227,0.006339833622850545,26.537777345184722,0.007041068452194347,7.576869216124505,25.550460472251427,118.05231687327975
496.0404999998335,132.45033112582772,0,0.0,3.130083399449028,0.005687419797620731,2.0334326132010987,0.008182758667242874,62.643324982903465,0.006305644266283689,26.136673807155557,0.006973642668536126,7.576869216124505,25.550460472251427,118.05231687327975
496.0504999998333,132.45033112582772,0,0.0,3.244698198850441,0.005781618612762032,2.141688372371729,0.00827627159278999,61.921863058732214,0.006272353847699589,25.751904614837336,0.006908915361152755,7.576869216124505,25.550460472251427,118.05231687327975
496.06049999983304,132.45033112582772,0,0.0,3.3469173783714314,0.005865631461637798,2.2407211957157775,0.008361867658209177,61.222909697543024,0.006239936638115185,25.381660599674955,0.006846630096091551,7.576869216124505,25.550460472251427,118.05231687327975
496.0704999998328,132.45033112582772,0,0.0,3.4410701631447873,0.005942589059381505,2.3324347523891156,0.008440701940594677,60.53827209855852,0.0062083635001074465,25.024444419443437,0.006786563787624229,7.576869216124505,25.550460472251427,118.05231687327975
496.08049999983257,132.45033112582772,0,0.0,3.529407720882658,0.006014532982629748,2.41769218122317,0.008513596474513255,59.87131308263257,0.006177602115495992,24.679444785610404,0.0067285215750506056,7.576869216124505,25.550460472251427,118.05231687327975
496.09049999983233,132.45033112582772,0,0.447152577874474,3.6711939528015645,0.006147719458439188,2.5789702777915986,0.008676833042414397,59.22520722313545,0.006147625294625297,24.345785678541276,0.006672333515318306,7.576869216124505,25.550460472251427,118.05231687327975
496.1004999998321,132.45033112582772,0,1.3708663436648025,4.227808395634572,0.00665877827472219,3.2033893994453373,0.009275056022372443,58.591206194288766,0.006118419729741579,24.02134351345977,0.00661785227721339,7.576869216124505,25.550460472251427,118.05231687327975
496.11049999983186,132.45033112582772,0,2.327215784887949,4.968866258230065,0.007321938041112473,3.847454270201133,0.009873495967395089,57.97277577749619,0.006089966310790541,23.70563497991678,0.006564956514043135,7.576869216124505,25.550460472251427,118.05231687327975
496.1204999998316,132.45033112582772,0,3.3075100568724776,5.63279854112558,0.007908788004050954,4.279514066177866,0.010269296011572473,57.37305915486994,0.006062237709249348,23.398401231470118,0.006513563071910915,7.576869216124505,25.550460472251427,118.05231687327975
496.1304999998314,132.45033112582772,0,4.302358639469016,6.108901864195239,0.008324730200587147,4.507017354610437,0.01047386025611575,56.78459865702131,0.0060352058493456755,23.099461409572157,0.006463622633780076,7.576869216124505,25.550460472251427,118.05231687327975
496.14049999983115,132.45033112582772,0,5.301940048272467,6.388534237739326,0.008564840241962373,4.584299668196601,0.010538243206666522,56.210727192393705,0.006008840725180201,22.80912358872806,0.006415101218751738,7.576869216124505,25.550460472251427,118.05231687327975
496.1504999998309,132.45033112582772,0,6.296291744053338,6.496150005995846,0.008652004900030109,4.587795785254058,0.010538658453888978,55.654304210898246,0.005983121901935396,22.527105722448212,0.006367965427512667,7.576869216124505,25.550460472251427,118.05231687327975
496.1604999998307,132.45033112582772,1,7.275607025531121,6.50202732851961,0.008653140053108596,4.5911448115583,0.010538658453888978,55.10793099839075,0.00595802764184958,22.253000230477515,0.0063221742343381685,7.576869216124505,25.550460472251427,118.05231687327975
496.17049999983044,132.45033112582772,1,8.23052420819867,6.507063577277234,0.008653140053108596,4.596087599348039,0.010538658453888978,54.57498464614639,0.005933529580187266,21.987110657626435,0.0062776752501104045,7.576869216124505,25.550460472251427,118.05231687327975
496.1804999998302,132.45033112582772,1,9.15239392471444,6.51405095523465,0.008653140053108596,4.603074977305455,0.010538658453888978,54.05865149112106,0.005909598645353427,21.72958298910433,0.006234404241704836,7.576869216124505,25.550460472251427,118.05231687327975
496.19049999982997,130.01083423618624,1,9.598485993824486,6.757835985880051,0.008653140053108596,4.769651523186092,0.010538658453888978,53.55224614962391,0.005886204404464062,21.4804831879235,0.006192283587967799,7.576869216124505,25.550460472251427,118.05231687327975
496.20049999982973,130.01083423618624,1,9.598485993824486,9.987530713982268,0.008653140053108596,6.934935024601019,0.010538658453888978,53.058522742163944,0.005863320605440957,21.239342127498894,0.0061512190165431,7.576869216124505,25.550460472251427,118.05231687327975
496.2104999998295,130.01083423618624,1,9.598485993824486,16.89849606679236,0.008653140053108596,11.56355808498638,0.010538658453888978,52.579418611282414,0.0058409544584666715,21.00409345803059,0.006111103675762956,7.576869216124505,25.550460472251427,118.05231687327975
496.22049999982926,130.01083423618624,1,9.598485993824486,27.254935037733947,0.008653140053108596,18.49774939784791,0.010538658453888978,52.10781234827448,0.005819097429837908,20.77353549197305,0.0060718330079551405,7.576869216124505,25.550460472251427,118.05231687327975
496.230499999829,130.01083423618624,1,9.598485993824486,40.70823640007176,0.008653140053108596,26.165952101507738,0.010209702468795694,51.64663582652961,0.005797733474275375,22.488481999755145,0.0063545354468025365,7.576869216124505,25.550460472251427,118.05231687327975
496.2404999998288,130.01083423618624,1,9.598485993824486,56.06409791394798,0.008520906839114375,31.400101224345132,0.009385357433684249,53.01625615983069,0.005843675061514365,26.907941637164463,0.007085049785352519,7.576869216124505,25.550460472251427,118.05231687327975
496.25049999982855,130.01083423618624,1,9.598485993824486,65.26094141854973,0.00760430206983852,34.89785766003991,0.008573011096186207,60.01061504369064,0.0061496598530881635,30.906133043257324,0.007748330780578862,7.576869216124505,25.550460472251427,118.05231687327975
496.2604999998283,130.01083423618624,1,9.598485993824486,70.58808675736236,0.006643957343826941,37.16724712409328,0.007886623717675253,65.99766533321481,0.006430002484228789,33.88606804025482,0.00824385260793102,7.576869216124505,25.550460472251427,118.05231687327975
496.2704999998281,130.01083423618624,1,9.598485993824486,74.14627223778122,0.005855401299523239,38.547790589256664,0.007333266680639402,70.46064909056403,0.006641999767096974,35.90155272186433,0.00857952237520304,7.576869216124505,25.550460472251427,118.05231687327975
496.28049999982784,130.01083423618624,1,9.598485993824486,76.52590055690733,0.005234581147470964,39.23973245963198,0.00689480291684038,73.62781297258776,0.0067936712486555825,37.137005455102255,0.00878581119566984,7.576869216124505,25.550460472251427,118.05231687327975
496.2904999998276,130.01083423618624,1,9.598485993824486,78.03822856684367,0.004750121553042769,39.42969526068188,0.006549984350399261,75.78335021301838,0.00689768190839913,37.77714260750273,0.008893263389442138,7.576869216124505,25.550460472251427,118.05231687327975
496.30049999982737,130.01083423618624,1,9.598485993824486,78.91630479418188,0.004375156511654964,39.27730220981321,0.00628113813216499,77.15066975953489,0.006964184182392975,37.968893269823006,0.008926225735512928,7.576869216124505,25.550460472251427,118.05231687327975
496.31049999982713,130.01083423618624,1,9.598485993824486,79.23250217645246,0.0040883503645312205,38.847078509424556,0.0060734099341147926,77.87928549414369,0.007000879193361283,37.8293432362451,0.008904172305849237,7.576869216124505,25.550460472251427,118.05231687327975
496.3204999998269,130.01083423618624,1,9.598485993824486,79.09631935256449,0.0038740707472778436,38.21473635737462,0.005915537103973058,78.09721564173512,0.007013581151834223,37.44574512358517,0.00884150784274629,7.576869216124505,25.550460472251427,118.05231687327975
496.33049999982666,130.01083423618624,1,9.598485993824486,78.5961950921093,0.0037222482817251905,37.4434620460713,0.005800061332087798,77.89099206622356,0.007006128773586132,36.87574948913928,0.008747779049884406,7.576869216124505,25.550460472251427,118.05231687327975
496.3404999998264,130.01083423618624,1,9.598485993824486,77.72323563162955,0.00362641694015517,36.53831254853955,0.005721691077843226,77.29816462859955,0.006980924114587917,36.15918708570235,0.00862965041690555,7.576869216124505,25.550460472251427,118.05231687327975
496.3504999998262,130.01083423618624,1,9.598485993824486,76.49797427164758,0.003584059688002775,35.51631957709583,0.005677704006545675,76.34716941693853,0.006939128325973685,35.318661809665386,0.008490805571593981,7.576869216124505,25.550460472251427,118.05231687327975
496.36049999982595,130.01083423618624,0,9.598485993824486,74.53148221139051,0.0035818708684974393,34.35582881686243,0.005667196153043281,75.20139722811616,0.006887029033182325,34.36422598350227,0.008332914291052193,7.576869216124505,25.550460472251427,118.05231687327975
496.3704999998257,130.01083423618624,0,9.598485993824486,70.64136700322966,0.0035818708684974393,32.51141862092439,0.005667196153043281,74.11028248308892,0.006836958026470452,33.43309190383528,0.008178851054996016,7.576869216124505,25.550460472251427,118.05231687327975
496.3804999998255,130.01083423618624,0,9.598485993824486,64.67945850902228,0.0035818708684974393,29.684239387592953,0.005667196153043281,73.05387502469307,0.006788472457581891,32.579091519952385,0.008037493258582933,7.576869216124505,25.550460472251427,118.05231687327975
496.39049999982524,130.01083423618624,0,9.598485993824486,56.59476769508341,0.0035818708684974393,25.850026879247576,0.005667196153043281,72.03455031734825,0.0067414786377592685,31.792701621695024,0.007907262478335578,7.576869216124505,25.550460472251427,118.05231687327975
496.400499999825,130.01083423618624,0,9.598485993824486,46.48296479998464,0.0035818708684974393,21.05420189722503,0.005667196153043281,71.04154970593163,0.006695901026304037,31.065329411510298,0.007786798898807886,7.576869216124505,25.550460472251427,118.05231687327975
496.41049999982476,130.01083423618624,0,9.598485993824486,34.406938955873045,0.0035818708684974393,15.32665233657874,0.005667196153043281,70.07800616190927,0.006651669278209499,30.390156325527805,0.007674928872151502,7.576869216124505,25.550460472251427,118.05231687327975
496.42049999982453,130.01083423618624,0,9.598485993824486,20.434698164975714,0.0035818708684974393,8.699554631234403,0.005667196153043281,69.14688941040887,0.006608723021094813,29.761083575796786,0.007570638941442698,7.576869216124505,25.550460472251427,118.05231687327975
496.4304999998243,130.01083423618624,0,9.598485993824486,4.885670894994599,0.0035836305652665623,1.5372323295643215,0.00579877951633068,68.23825384388307,0.006567010943258346,29.172449624606728,0.007473054273970569,7.576869216124505,25.550460472251427,118.05231687327975
496.44049999982406,130.01083423618624,0,0.0,1.4415650825198285,0.0041843270446403884,0.5230303382701353,0.006775542585968991,67.35541861920095,0.006526483733557629,28.619830781865513,0.00738141788417263,7.576869216124505,25.550460472251427,118.05231687327975
496.4504999998238,130.01083423618624,0,0.0,1.9748307966756324,0.00464950377794476,1.0935302179250441,0.00729269376443526,66.5023056199878,0.006487076766036588,28.100466530711564,0.007295073945267314,7.576869216124505,25.550460472251427,118.05231687327975
496.4604999998236,130.01083423618624,0,0.0,2.352181774040321,0.00497649450119304,1.4157776499036636,0.0075838173295515714,65.66933795824477,0.006448748266015651,27.610435311641247,0.0072134512105133325,7.576869216124505,25.550460472251427,118.05231687327975
496.47049999982335,130.01083423618624,0,0.0,2.627759288681901,0.00521354239078037,1.6307119066854594,0.007776914945170993,64.85967427940183,0.006411461071714993,27.146572781047723,0.007136046400601397,7.576869216124505,25.550460472251427,118.05231687327975
496.4804999998231,130.01083423618624,0,0.0,2.8363071789986267,0.0053918658876659425,1.7952178237765115,0.007924097345016992,64.07631260843216,0.006375181864273574,26.705941469553427,0.007062415159774478,7.576869216124505,25.550460472251427,118.05231687327975
496.4904999998229,130.01083423618624,0,0.0,3.001195460359815,0.0055316661816695225,1.9334431209883522,0.008046996145365843,63.31017855618302,0.006339880586725125,26.285672260330745,0.006992166648883442,7.576869216124505,25.550460472251427,118.05231687327975
496.50049999982264,130.01083423618624,0,0.0,3.1370100794954103,0.005646030316391673,2.0553866677177446,0.008154932189633372,62.56460823710486,0.006305522862158959,25.88381649607182,0.00692495722172833,7.576869216124505,25.550460472251427,118.05231687327975
496.5104999998224,130.01083423618624,0,0.0,3.252950067909788,0.005743444303031233,2.1653582410302206,0.008252209226201018,61.842751813941064,0.006272077063166814,25.49854747866578,0.006860485924723876,7.576869216124505,25.550460472251427,118.05231687327975
496.52049999982216,130.01083423618624,0,0.0,3.3558973700829626,0.005829410667500443,2.2662718179681423,0.008341042685859293,61.1360079686431,0.0062395150581168604,25.127950246197496,0.006798490433202753,7.576869216124505,25.550460472251427,118.05231687327975
496.5304999998219,130.01083423618624,0,0.0,3.4495444973067944,0.0059075056902074055,2.3592221600070076,0.00842274617988095,60.44747404293622,0.0062078057892440116,24.77060463369717,0.006738741509353077,7.576869216124505,25.550460472251427,118.05231687327975
496.5404999998217,130.01083423618624,0,0.0,3.5344812924273716,0.005980060037334283,2.443174821568215,0.008498225807949034,59.77948394955295,0.006176948579430642,24.423912420790913,0.00668103926458262,7.576869216124505,25.550460472251427,118.05231687327975
496.55049999982145,130.01083423618624,0,0.0,3.615026425679803,0.0060485929515170156,2.521359613527075,0.008568188795691342,59.1219547914049,0.006146891009858264,24.08528482545665,0.006625210004725044,7.576869216124505,25.550460472251427,118.05231687327975
496.5604999998212,130.01083423618624,0,0.447152577874474,3.6903252615232036,0.006179003171986817,2.616979087441937,0.008729410358255115,58.44210523837837,0.006118463948433294,23.700369427101037,0.0065711018701409074,7.576869216124505,25.550460472251427,118.05231687327975
496.570499999821,130.01083423618624,0,1.3708663436648025,4.1826970998094195,0.006687597097452616,3.1818208257608394,0.009329435963106342,57.786720559623795,0.0060909035037962165,23.326079342268866,0.006518582674322687,7.576869216124505,25.550460472251427,118.05231687327975
496.58049999982074,130.01083423618624,0,2.327215784887949,4.861848002015897,0.0073487102212119754,3.769454478847114,0.009930999271788256,57.144693340765606,0.006064109268157,22.960994033745813,0.006467545134853192,7.576869216124505,25.550460472251427,118.05231687327975
496.5904999998205,130.01083423618624,0,3.3075100568724776,5.466873038588803,0.007934679034384495,4.146161517593667,0.01032953801247169,56.51927711358989,0.006038048760718907,22.605055609948696,0.0064179179941430626,7.576869216124505,25.550460472251427,118.05231687327975
496.6004999998203,130.01083423618624,0,4.302358639469016,5.884051512987346,0.008349608175522476,4.317371188363561,0.010535817985603378,55.913670380633384,0.0060126900002804755,22.25840614567794,0.006369661290512376,7.576869216124505,25.550460472251427,118.05231687327975
496.61049999982004,130.01083423618624,0,5.301940048272467,6.1051245287136044,0.008588091685266834,4.338428405317758,0.01060097936909529,55.32015728986087,0.005988008677873987,21.920690262734233,0.006322749697215995,7.576869216124505,25.550460472251427,118.05231687327975
496.6204999998198,130.01083423618624,0,6.296291744053338,6.155174317712975,0.00867330774950801,4.286308563341599,0.010601425079699833,54.74178850615399,0.005963977882861293,21.591916383258567,0.0062771574537088025,7.576869216124505,25.550460472251427,118.05231687327975
496.63049999981956,130.01083423618624,1,7.275607025531121,6.105315516942086,0.008674173719934434,4.234436947262525,0.010601425079699833,54.181636993956104,0.005940570712983344,21.272128592673422,0.0062328500035110325,7.576869216124505,25.550460472251427,118.05231687327975
496.6404999998193,130.01083423618624,1,8.23052420819867,6.056565584127644,0.008674173719934434,4.185590582560434,0.010601425079699833,53.632456712563425,0.005917762995731121,20.961108662249984,0.006189781405374773,7.576869216124505,25.550460472251427,118.05231687327975
496.6504999998191,130.01083423618624,1,9.15239392471444,6.011565213024989,0.008674173719934434,4.140493984307087,0.010601425079699833,53.097675539229215,0.005895517742883379,20.659363325247643,0.0061478926283722165,7.576869216124505,25.550460472251427,118.05231687327975
496.66049999981885,127.65957446808501,1,9.598485993824486,6.201403863339362,0.008674173719934434,4.255169822339193,0.010601425079699833,52.580997559170655,0.005873795677429483,20.36767697075658,0.006107109951998154,7.576869216124505,25.550460472251427,118.05231687327975
496.6704999998186,127.65957446808501,1,9.598485993824486,9.34497016849852,0.008674173719934434,6.361180611851681,0.010601425079699833,52.074759077541664,0.005852573956479839,20.08499170441294,0.006067343078628574,7.576869216124505,25.550460472251427,118.05231687327975
496.6804999998184,127.65957446808501,1,9.598485993824486,16.126347336100434,0.008674173719934434,10.918733957969174,0.010601425079699833,51.58085512343255,0.005831858739010429,19.80915758069846,0.006028488210007743,7.576869216124505,25.550460472251427,118.05231687327975
496.69049999981814,127.65957446808501,1,9.598485993824486,26.32748346133572,0.008674173719934434,17.78078266365598,0.010601425079699833,51.1020886040643,0.005811637362457999,19.539394229008213,0.005990442989025113,7.576869216124505,25.550460472251427,118.05231687327975
496.7004999998179,127.65957446808501,1,9.598485993824486,39.59534233552138,0.008674173719934434,25.219642053662767,0.01023488753102226,50.63121232339624,0.005791901415449911,21.433373657180653,0.0063104139390333675,7.576869216124505,25.550460472251427,118.05231687327975
496.71049999981767,127.65957446808501,1,9.598485993824486,54.803155529346945,0.008551822289868215,30.321765452877376,0.009404228083300357,51.87214165684972,0.005835008036672607,25.83386939031587,0.007045398213574509,7.576869216124505,25.550460472251427,118.05231687327975
496.72049999981743,127.65957446808501,1,9.598485993824486,64.0376152484834,0.007645373495185248,33.77295416840556,0.008591824782502092,58.804581107079585,0.006140204373342609,29.773742427976597,0.007707126069094328,7.576869216124505,25.550460472251427,118.05231687327975
496.7304999998172,127.65957446808501,1,9.598485993824486,69.38603942805408,0.006686106329314437,36.00341912800687,0.007904659276021212,64.77370774852945,0.006422313151684801,32.70003111794617,0.008202057411267293,7.576869216124505,25.550460472251427,118.05231687327975
496.74049999981696,127.65957446808501,1,9.598485993824486,72.92131487504656,0.005894660542731123,37.32472272025065,0.007348705286764481,69.23457074497944,0.0066370756044155585,34.67458150930646,0.00853906854612811,7.576869216124505,25.550460472251427,118.05231687327975
496.7504999998167,127.65957446808501,1,9.598485993824486,75.33935654914836,0.005270295706010951,37.992983679354275,0.006907571768035326,72.42015401822833,0.006791737739521628,35.87221750396402,0.008746838222679512,7.576869216124505,25.550460472251427,118.05231687327975
496.7604999998165,127.65957446808501,1,9.598485993824486,76.87473379882852,0.004782536467150483,38.15344783366103,0.006560400151297753,74.58626610015543,0.006898487073373303,36.47397430173096,0.008855473297142067,7.576869216124505,25.550460472251427,118.05231687327975
496.77049999981625,127.65957446808501,1,9.598485993824486,77.73178143809587,0.004403657715447166,37.946526596777595,0.006288639400972424,75.96002794894693,0.00696776208589411,36.63194670206936,0.008890188774981423,7.576869216124505,25.550460472251427,118.05231687327975
496.780499999816,127.65957446808501,1,9.598485993824486,78.08335817753421,0.0041131836500261035,37.49330590587224,0.0060782664275541845,76.71063076139585,0.0070072232488548325,36.45926054496399,0.008869644803547178,7.576869216124505,25.550460472251427,118.05231687327975
496.7904999998158,127.65957446808501,1,9.598485993824486,77.96873340973963,0.00389559603890079,36.83365103545262,0.005918036445874638,76.9424699100279,0.0070224729850622575,36.041865340143744,0.008808209989819026,7.576869216124505,25.550460472251427,118.05231687327975
496.80049999981554,127.65957446808501,1,9.598485993824486,77.46507398396423,0.0037400805013430138,36.02034122881218,0.005799791185156607,76.74635606807203,0.007017595804096574,35.441565937983775,0.008716122610837136,7.576869216124505,25.550460472251427,118.05231687327975
496.8104999998153,127.65957446808501,1,9.598485993824486,76.62492895819321,0.0036404250877638796,35.09429428593929,0.005718559673145919,76.17893454398725,0.0069950336095964535,34.697268403285015,0.00859972176302718,7.576869216124505,25.550460472251427,118.05231687327975
496.82049999981507,127.65957446808501,1,9.598485993824486,75.42425664993256,0.003593768355031094,34.050350243535014,0.005671377824502709,75.25188031749033,0.006955972458950048,33.83183165118513,0.00846289898480629,7.576869216124505,25.550460472251427,118.05231687327975
496.83049999981483,127.65957446808501,0,9.598485993824486,73.59152772098275,0.0035900779990180104,32.88757515773093,0.005657679289522089,74.09733551514422,0.006905395712151946,32.853131850035645,0.008306958190649949,7.576869216124505,25.550460472251427,118.05231687327975
496.8404999998146,127.65957446808501,0,9.598485993824486,69.90357705013463,0.0035900779990180104,31.13573886069404,0.005657679289522089,73.0045387277182,0.006856538025298897,31.880785462127644,0.008151757868487113,7.576869216124505,25.550460472251427,118.05231687327975
496.85049999981436,127.65957446808501,0,9.598485993824486,64.17622127255453,0.0035900779990180104,28.42522928902956,0.005657679289522089,71.94241264530342,0.006809265237938979,30.98724733445041,0.008009443674114275,7.576869216124505,25.550460472251427,118.05231687327975
496.8604999998141,127.65957446808501,0,9.598485993824486,56.383551966486024,0.0035900779990180104,24.74375995511456,0.005657679289522089,70.9133944743954,0.006763481155544639,30.16280091612023,0.007878412118930552,7.576869216124505,25.550460472251427,118.05231687327975
496.8704999998139,127.65957446808501,0,9.598485993824486,46.51249977468284,0.0035900779990180104,20.085425890136822,0.005657679289522089,69.92065789518547,0.006719097196784087,29.399715455812327,0.007757280792462878,7.576869216124505,25.550460472251427,118.05231687327975
496.88049999981365,127.65957446808501,0,9.598485993824486,34.715839308660215,0.0035900779990180104,14.521951040975667,0.005657679289522089,68.95333694269966,0.006676051448225214,28.690110011863577,0.007644858144968424,7.576869216124505,25.550460472251427,118.05231687327975
496.8904999998134,127.65957446808501,0,9.598485993824486,21.091633533766764,0.0035900779990180104,8.099333519746539,0.005657679289522089,68.01447392249307,0.006634283079155204,28.027713346702008,0.007540115093763688,7.576869216124505,25.550460472251427,118.05231687327975
496.9004999998132,127.65957446808501,0,9.598485993824486,5.743929227511968,0.0035900779990180104,0.9938963384122488,0.005726459468060665,67.10763605295752,0.00659372868617774,27.407769551613047,0.007442162442534966,7.576869216124505,25.550460472251427,118.05231687327975
496.91049999981294,127.65957446808501,0,0.0,-0.24282837054111406,0.004102322183574386,-1.089317701802531,0.006764124297064072,66.22244578099358,0.006554351626071672,26.824615367933212,0.007350232147751561,7.576869216124505,25.550460472251427,118.05231687327975
496.9204999998127,127.65957446808501,0,0.0,0.289681571336732,0.004589785598553708,-0.4377384949797407,0.007378738672891228,65.36369414043251,0.006516073336809155,26.276420550564005,0.007263658755380193,7.576869216124505,25.550460472251427,118.05231687327975
496.93049999981247,127.65957446808501,0,0.0,0.6583289619676451,0.004930805757609916,-0.08649818161250833,0.007719067745236449,64.5348835321855,0.006478833431040908,25.76035500319481,0.007181862599638234,7.576869216124505,25.550460472251427,118.05231687327975
496.94049999981223,127.65957446808501,0,0.0,0.9206869858927131,0.005176610597176651,0.1368569076553321,0.007941469666655326,63.7258320412453,0.006442608576326859,25.271960635950634,0.007104334633219208,7.576869216124505,25.550460472251427,118.05231687327975
496.950499999812,127.65957446808501,0,0.0,1.113285362987849,0.0053603252695155765,0.30139898796041287,0.008109374555069205,62.9393490716557,0.006407370518192248,24.807818612659368,0.007030625014822231,7.576869216124505,25.550460472251427,118.05231687327975
496.96049999981176,127.65957446808501,0,0.0,1.2602995697890638,0.0055033795676663185,0.4358949506305434,0.008248980296409397,62.1789115213284,0.006373081668621019,24.36577091070575,0.006960337134242626,7.576869216124505,25.550460472251427,118.05231687327975
496.9704999998115,127.65957446808501,0,0.0,1.3775766807744585,0.005619636168782182,0.5526457608017425,0.008371480990431602,61.43511519593555,0.006339719430355062,23.942828167043174,0.006893123133824388,7.576869216124505,25.550460472251427,118.05231687327975
496.9804999998113,127.65957446808501,0,0.0,1.4746719919021576,0.00571807496557822,0.6566036109666431,0.008481969778995601,60.71107177570083,0.006307254140684264,23.536912997341762,0.006828677881870547,7.576869216124505,25.550460472251427,118.05231687327975
496.99049999981105,127.65957446808501,0,0.0,1.5583555894340995,0.00580452022204781,0.7507531089286354,0.008583024542251093,60.01047260382361,0.006275647814830711,23.14700224058,0.006766734659178297,7.576869216124505,25.550460472251427,118.05231687327975
497.0004999998108,127.65957446808501,0,0.0,1.6332488577212851,0.005882749252021889,0.8369444199159535,0.00867614603551947,59.3244114408497,0.006244878559916623,22.771039778495968,0.006707061313815179,7.576869216124505,25.550460472251427,118.05231687327975
497.0104999998106,127.65957446808501,0,0.0,1.7015832008286829,0.0059552192917833886,0.9157375694770051,0.008762345681238034,58.65603236638893,0.006214918416685596,22.40769079091876,0.006649455042167723,7.55782808517122,26.777953967054547,115.52005683266566
497.02049999981034,127.65957446808501,0,0.0,1.7653856226283988,0.006023535156951715,0.9882025728049344,0.008842399795853497,58.00903586276705,0.006185731883256764,22.056550711457536,0.006593739001629325,7.55782808517122,26.777953967054547,115.52005683266566
497.0304999998101,127.65957446808501,0,0.0,1.826228716919288,0.006088744597736109,1.0553158644820195,0.00891694815841397,57.3748630461375,0.006157299604166367,21.716092403675937,0.00653975949700962,7.55782808517122,26.777953967054547,115.52005683266566
497.04049999980987,127.65957446808501,0,0.583312293202497,1.9890124413487715,0.006260978947020817,1.271884056049001,0.009155600860148484,56.757161607254986,0.00612958531623049,21.386185087785563,0.00648738198447946,7.55782808517122,26.777953967054547,115.52005683266566
497.05049999980963,127.65957446808501,0,1.5124411047019068,2.57198949345008,0.006809597255217258,1.9608758104767814,0.009828105790926222,56.15759843891491,0.006102594153261339,21.064049327560255,0.006436489585251467,7.55782808517122,26.777953967054547,115.52005683266566
497.0604999998094,127.65957446808501,0,2.4729562554155584,3.292494730944595,0.007468734645053531,2.6084198098851745,0.010445029242487594,55.56841301364053,0.006076317397552326,20.74880031144087,0.006386990492546287,7.55782808517122,26.777953967054547,115.52005683266566
497.07049999980916,127.65957446808501,0,3.45604602285889,3.912622265450522,0.008031492797286037,3.0193571322582455,0.010837605142221056,54.99330329868199,0.006050717866676626,20.440974399849473,0.00633882812207897,7.55782808517122,26.777953967054547,115.52005683266566
497.0804999998089,127.65957446808501,0,4.452237440462,4.337646644897989,0.008418150193419311,3.2174643537319305,0.011032276252112814,54.436104040619455,0.00602575802427782,20.141463303555575,0.006291973116374118,7.55782808517122,26.777953967054547,115.52005683266566
497.0904999998087,127.65957446808501,0,5.451669047874359,4.5681164134121275,0.00863072824301406,3.261135889330042,0.011082881522916817,53.8890785463457,0.006001417036137618,19.849969367004796,0.006246407101886309,7.55782808517122,26.777953967054547,115.52005683266566
497.10049999980845,127.65957446808501,0,6.444382777290247,4.630076385549665,0.00869323311306219,3.2454760311705932,0.011082881522916817,53.355283416785305,0.0059776704446190074,19.56644660631445,0.006202109168394872,7.55782808517122,26.777953967054547,115.52005683266566
497.1104999998082,127.65957446808501,1,7.420620624513918,4.615322736079233,0.00869323311306219,3.2307223817001613,0.011082881522916817,52.83812799755801,0.005954491370682017,19.29122824193268,0.006159048364581459,7.55782808517122,26.777953967054547,115.52005683266566
497.120499999808,127.65957446808501,1,8.37111142281271,4.603875844806086,0.00869323311306219,3.2192023345434055,0.011082881522916817,52.33070619063151,0.00593185336832398,19.02458656000137,0.00611718150362398,7.55782808517122,26.777953967054547,115.52005683266566
497.13049999980774,127.65957446808501,1,9.287333720807599,4.5968997762897175,0.00869323311306219,3.2121533146032224,0.011082881522916817,51.8368171669253,0.005909710043111701,18.767584625457804,0.006076451391894508,7.55782808517122,26.777953967054547,115.52005683266566
497.1404999998075,125.39184952978047,1,9.598485993824486,5.060768333921158,0.00869323311306219,3.5464571492812986,0.011082881522916817,51.36109943598796,0.0058880074647767585,18.522187278722747,0.006036785059478408,7.55782808517122,26.777953967054547,115.52005683266566
497.15049999980727,125.39184952978047,1,9.598485993824486,8.757712372585512,0.00869323311306219,6.2134965129996145,0.011082881522916817,50.89464130052331,0.0058667394953603146,18.285877440446423,0.0059980922666929785,7.55782808517122,26.777953967054547,115.52005683266566
497.16049999980703,125.39184952978047,1,9.598485993824486,16.026302443924184,0.00869323311306219,11.456479131238833,0.011082881522916817,50.43863290237544,0.005845937124465609,18.055213098406693,0.005960270528424962,7.55782808517122,26.777953967054547,115.52005683266566
497.1704999998068,125.39184952978047,1,9.598485993824486,26.636641002386614,0.00869323311306219,19.074286269170454,0.011061619610764793,49.99593087443372,0.005825595558168678,17.956854805022843,0.005944342178334897,7.55782808517122,26.777953967054547,115.52005683266566
497.18049999980656,125.39184952978047,1,9.598485993824486,40.2246892588186,0.00869323311306219,25.989701018752367,0.010417410457961821,49.55914527749595,0.005805713103842919,21.482265745341017,0.00652843244545935,7.55782808517122,26.777953967054547,115.52005683266566
497.1904999998063,125.39184952978047,1,9.598485993824486,55.20327040045852,0.008496498720732663,30.975521452716862,0.00951527421656847,51.66568915346799,0.005878656993946869,26.299281328401555,0.007311761125870557,7.55782808517122,26.777953967054547,115.52005683266566
497.2004999998061,125.39184952978047,1,9.598485993824486,63.875749618947594,0.007554617856867775,34.433245310584724,0.008680458235677983,58.66294891658532,0.006186226818701669,30.35616651127147,0.007972731778101578,7.55782808517122,26.777953967054547,115.52005683266566
497.21049999980585,125.39184952978047,1,9.598485993824486,69.03680334556466,0.00661106158691974,36.68661497884081,0.007982021560691829,64.52855860847517,0.006459372649735945,33.33590923643988,0.008457473198484453,7.55782808517122,26.777953967054547,115.52005683266566
497.2204999998056,125.39184952978047,1,9.598485993824486,72.5028581918403,0.005838470173869593,38.03562943589232,0.0074184894656069205,68.90585558640855,0.006665366535726932,35.350826001889445,0.008782528835402231,7.55782808517122,26.777953967054547,115.52005683266566
497.2304999998054,125.39184952978047,1,9.598485993824486,74.89232763833253,0.005228978234485171,38.73390144404676,0.006971549725109531,72.04269872747703,0.00681282388008591,36.58659798794167,0.008978414316071999,7.55782808517122,26.777953967054547,115.52005683266566
497.24049999980514,125.39184952978047,1,9.598485993824486,76.42443756003787,0.004752253567987663,38.92761990672683,0.006619715711947421,74.18780660116288,0.006913715913412765,37.22698217177096,0.009075714670113429,7.55782808517122,26.777953967054547,115.52005683266566
497.2504999998049,125.39184952978047,1,9.598485993824486,77.29425388438713,0.004381508534380757,38.75631457477382,0.006344189270065772,75.56001221066634,0.006978123921148568,37.42459611520606,0.009099733132188285,7.55782808517122,26.777953967054547,115.52005683266566
497.26049999980467,125.39184952978047,1,9.598485993824486,77.66565329224275,0.004096990706089302,38.33879972458259,0.0061307932911000675,76.32212776820035,0.007013455348919406,37.29208996286276,0.009069134866493802,7.55782808517122,26.777953967054547,115.52005683266566
497.27049999980443,125.39184952978047,1,9.598485993824486,77.57890913878965,0.0038837827671426373,37.71583739472241,0.005968231815392667,76.57473334375563,0.007025120178606606,36.915052817000834,0.008998206809029722,7.55782808517122,26.777953967054547,115.52005683266566
497.2804999998042,125.39184952978047,1,9.598485993824486,77.10789514307046,0.003731518069923452,36.93940824954832,0.005848326443552911,76.40536129021179,0.007017045221946687,36.354950200069425,0.008897089802304218,7.55782808517122,26.777953967054547,115.52005683266566
497.29049999980396,125.39184952978047,1,9.598485993824486,76.30122294208284,0.0036342551210946645,36.048648754439284,0.005766087373567872,75.86819912790378,0.006991584669829824,35.649798307074946,0.008772040249692746,7.55782808517122,26.777953967054547,115.52005683266566
497.3004999998037,125.39184952978047,1,9.598485993824486,75.13634596162203,0.0035893524941196108,35.03852867148308,0.005718585952845323,74.9739352462597,0.00694985712735917,34.82199939400262,0.008626829146495976,7.55782808517122,26.777953967054547,115.52005683266566
497.3104999998035,125.39184952978047,0,9.598485993824486,73.3217756402275,0.0035861540506022,33.90572103577113,0.005705228978765227,73.86092300820508,0.006897096438053175,33.87944715500443,0.008462717439336864,7.55782808517122,26.777953967054547,115.52005683266566
497.32049999980325,125.39184952978047,0,9.598485993824486,69.65739184480647,0.0035861540506022,32.15581870176242,0.005705228978765227,72.80726851673253,0.006846161207757587,32.94655330273916,0.008300462269188985,7.55782808517122,26.777953967054547,115.52005683266566
497.330499999803,125.39184952978047,0,9.598485993824486,63.976837986993694,0.0035861540506022,29.4280518580338,0.005705228978765227,71.78155204170776,0.006796829220738198,32.09338539378488,0.008151755721135634,7.55782808517122,26.777953967054547,115.52005683266566
497.3404999998028,125.39184952978047,0,9.598485993824486,56.25730642184498,0.0035861540506022,25.711489941919123,0.005705228978765227,70.78658931303022,0.006749002502844833,31.310148299937858,0.008014911216818327,7.55782808517122,26.777953967054547,115.52005683266566
497.35049999980254,125.39184952978047,0,9.598485993824486,46.49014429467109,0.0035861540506022,21.001987587271653,0.005705228978765227,69.82534246934044,0.006702601176157245,30.588316072254095,0.00788847468881193,7.55782808517122,26.777953967054547,115.52005683266566
497.3604999998023,125.39184952978047,0,9.598485993824486,34.82150529257596,0.0035861540506022,15.370421048168176,0.005705228978765227,68.88732334215919,0.006657560567715457,29.92000370397423,0.007771192775773324,7.55782808517122,26.777953967054547,115.52005683266566
497.37049999980206,125.39184952978047,0,9.598485993824486,21.351200710505754,0.0035861540506022,8.865226447594242,0.005705228978765227,67.97589615353856,0.0066138175598881455,29.299009420984188,0.007661982983626123,7.55782808517122,26.777953967054547,115.52005683266566
497.3804999998018,125.39184952978047,0,9.598485993824486,6.186831586452136,0.0035861540506022,1.6464401575253058,0.005766705830253577,67.09434896451383,0.006571317279613134,28.719886388850817,0.00755990992706267,7.55782808517122,26.777953967054547,115.52005683266566
497.3904999998016,125.39184952978047,0,0.0,0.43498806036771187,0.004104503445682596,-0.3905093292345181,0.006786592757537752,66.23267503592672,0.0065300198655671065,28.177081459048658,0.007464165607669774,7.55782808517122,26.777953967054547,115.52005683266566
497.40049999980135,125.39184952978047,0,0.0,1.0293740107413343,0.004591745366751286,0.30532742981774863,0.00738440447750533,65.39590357874137,0.006489845151645153,27.668858755739752,0.007374049921394512,7.55782808517122,26.777953967054547,115.52005683266566
497.4104999998011,125.39184952978047,0,0.0,1.457093957610454,0.004932638775811802,0.7008857427054234,0.007710822265501185,64.58711425849874,0.00645074338212072,27.191618228571937,0.007288953071538356,7.55782808517122,26.777953967054547,115.52005683266566
497.4204999998009,125.39184952978047,0,0.0,1.7761937783987607,0.0051784655004028955,0.9674302423053156,0.007920582668050428,63.79647753800763,0.006412688915316948,26.7410345592597,0.007208339773632387,7.55782808517122,26.777953967054547,115.52005683266566
497.43049999980065,125.39184952978047,0,0.0,2.0236442315666503,0.005362359651466026,1.1737247524912746,0.008076399234929796,63.02708450529219,0.0063756511187546515,26.313922750193452,0.007131737296876035,7.55782808517122,26.777953967054547,115.52005683266566
497.4404999998004,125.39184952978047,0,0.0,2.223207305834729,0.005505739574634776,1.347811217359745,0.008204168480600713,62.28206891929989,0.00633960012065206,25.907570819258737,0.007058729066589206,7.55782808517122,26.777953967054547,115.52005683266566
497.4504999998002,125.39184952978047,0,0.0,2.3911389167801405,0.00562244888084275,1.5022811637875266,0.008314970637931499,61.552444462701615,0.006304508906476091,25.519268275558964,0.0069889498204706475,7.55782808517122,26.777953967054547,115.52005683266566
497.46049999979994,125.39184952978047,0,0.0,2.537379435831836,0.005721447179812312,1.6424513509627152,0.008413865672479214,60.841601303202175,0.006270344543478018,25.1472429266828,0.0069220792085103525,7.55782808517122,26.777953967054547,115.52005683266566
497.4704999997997,125.39184952978047,0,0.0,2.668232769074816,0.005808540078940326,1.7708586228423835,0.008503431005142174,60.15285248348856,0.006237076261185281,24.78994443918015,0.006857837195830359,7.55782808517122,26.777953967054547,115.52005683266566
497.48049999979946,125.39184952978047,0,0.0,2.788691281674182,0.005887488830795343,1.8897409917818369,0.008585180508870227,59.47770276371766,0.006204677595215741,24.445608913115322,0.006795979976637376,7.55782808517122,26.777953967054547,115.52005683266566
497.4904999997992,125.39184952978047,0,0.0,2.90133849741255,0.0059607373220572114,2.0000446673306524,0.008660141783931433,58.819541996508576,0.006173117440829031,24.113209107411166,0.006736294502210827,7.55782808517122,26.777953967054547,115.52005683266566
497.500499999799,125.39184952978047,0,0.0,3.0077133057045913,0.006029879499642456,2.1023856670958487,0.008729106126786559,58.18165716727582,0.006142367342511327,23.791817417177455,0.00667859491429283,7.55782808517122,26.777953967054547,115.52005683266566
497.51049999979875,125.39184952978047,0,0.0,3.1097393696154096,0.006095954297832028,2.198101497626796,0.008792727546507218,57.55589476627243,0.006112403392590493,23.4801987386872,0.006622719580778976,7.55782808517122,26.777953967054547,115.52005683266566
497.5204999997985,125.39184952978047,0,0.0,3.2079694076215564,0.006159644143112092,2.2876102626579176,0.008851564289959412,56.94557053587076,0.006083197362046505,23.177750242051733,0.006568526929603592,7.55782808517122,26.777953967054547,115.52005683266566
497.5304999997983,125.39184952978047,0,0.9044208555242937,3.5563850899126916,0.006471350543622921,2.713805223873791,0.009258472328882722,56.35416182706831,0.0060547171848209305,22.884310409006357,0.0065158931155028885,7.55782808517122,26.777953967054547,115.52005683266566
497.54049999979804,125.39184952978047,0,1.8454854387771407,4.265207354035015,0.007093123902073433,3.4468872461797555,0.00992811832443891,55.77256044434732,0.00602697331753568,22.597055185005498,0.006464712594916844,7.55782808517122,26.777953967054547,115.52005683266566
497.5504999997978,125.39184952978047,0,2.814943338155539,5.011000513653264,0.007737943337671385,4.0348784896345125,0.010452217099874416,55.20460385452959,0.0059999350320961535,22.31643717136901,0.006414908344170887,7.55782808517122,26.777953967054547,115.52005683266566
497.56049999979757,125.39184952978047,0,3.803722128912657,5.6069807235495555,0.008245316262484604,4.387879057031443,0.010757220019925079,54.65378495628451,0.005973569904830034,22.04292559334437,0.006366438081661888,7.55782808517122,26.777953967054547,115.52005683266566
497.57049999979733,125.39184952978047,0,4.802180574347627,5.999294689260328,0.008570624848256308,4.553737535817618,0.010889009932152362,54.11266708087705,0.005947854783449143,21.776363696540855,0.006319280856170043,7.55782808517122,26.777953967054547,115.52005683266566
497.5804999997971,125.39184952978047,0,5.800389643742231,6.2031554274599845,0.008729060868768587,4.592174905273629,0.010905252162223008,53.58449997519152,0.005922762703891086,21.517053497929364,0.006273420452464103,7.55782808517122,26.777953967054547,115.52005683266566
497.59049999979686,125.39184952978047,1,6.788427744205053,6.252923882406602,0.008753832193637621,4.6093472911251805,0.010905252162223008,53.072382574555526,0.005898270737008548,21.26510152652206,0.006228834616498254,7.55782808517122,26.777953967054547,115.52005683266566
497.6004999997966,125.39184952978047,1,7.756675584009768,6.270772521767913,0.008753832193637621,4.627107936980222,0.010905252162223008,52.568904971551135,0.005874361934231604,21.019957860019037,0.006185489639168316,7.55782808517122,26.777953967054547,115.52005683266566
497.6104999997964,125.39184952978047,1,8.696096110490291,6.2904667978239885,0.008753832193637621,4.646714477733438,0.010905252162223008,52.07774196703491,0.0058510034451976405,20.782376769628303,0.006143337980577633,7.55782808517122,26.777953967054547,115.52005683266566
497.62049999979615,125.39184952978047,1,9.598485993824486,6.312654390823827,0.008753832193637621,4.668902070733276,0.010905252162223008,51.6023446613889,0.005828159658806375,20.55296374903458,0.006102317434662842,7.55782808517122,26.777953967054547,115.52005683266566
497.6304999997959,123.32990750256928,1,9.598485993824486,7.672621311819906,0.008753832193637621,5.625654693096658,0.010905252162223008,51.13633843654783,0.0058057956145631815,20.332103961200115,0.006062349146869298,7.55782808517122,26.777953967054547,115.52005683266566
497.6404999997957,123.32990750256928,1,9.598485993824486,12.636415882176264,0.008753832193637621,9.097155680678908,0.010905252162223008,50.681119706964935,0.00578391595864077,20.117346600708995,0.006023336404630392,7.55782808517122,26.777953967054547,115.52005683266566
497.65049999979544,123.32990750256928,1,9.598485993824486,21.089206132342756,0.008753832193637621,15.00293559327396,0.010905252162223008,50.23910736299355,0.005762523350853261,19.907245828746934,0.005985175391721307,7.55782808517122,26.777953967054547,115.52005683266566
497.6604999997952,123.32990750256928,1,9.598485993824486,32.75248124665556,0.008753832193637621,22.823450186354112,0.010794453765264854,49.80327615827389,0.005741612195123387,20.36094475947595,0.0060571003855295355,7.55782808517122,26.777953967054547,115.52005683266566
497.67049999979497,123.32990750256928,1,9.598485993824486,47.245979577051386,0.008753832193637621,29.03387813930664,0.010045762824093068,49.37649393140782,0.005721168444265816,24.461853201714042,0.0067331221435674195,7.55782808517122,26.777953967054547,115.52005683266566
497.68049999979473,123.32990750256928,1,9.598485993824486,59.649179770109896,0.008169485159442234,33.37833915582536,0.009172360656803545,54.72909931376251,0.0059379814888900016,28.950777641450035,0.007475233693126143,7.55782808517122,26.777953967054547,115.52005683266566
497.6904999997945,123.32990750256928,1,9.598485993824486,66.4112570225841,0.0071698226036060655,36.31149849118779,0.00839524073950278,61.37470093022504,0.006244590443704512,32.541053483960404,0.008071091593425835,7.55782808517122,26.777953967054547,115.52005683266566
497.70049999979426,123.32990750256928,1,9.598485993824486,70.74523284663735,0.006286935917725906,38.17815937516556,0.007752977804085226,66.59182874270876,0.00649236007289489,35.10736824314066,0.008497423020317231,7.55782808517122,26.777953967054547,115.52005683266566
497.710499999794,123.32990750256928,1,9.598485993824486,73.72817451042891,0.005578638185416736,39.25867844394205,0.007237557050702778,70.41413765677395,0.006675139178528125,36.78537838747413,0.008776206867292838,7.55782808517122,26.777953967054547,115.52005683266566
497.7204999997938,123.32990750256928,1,9.598485993824486,75.71011128195032,0.0050211828235756616,39.731202696636544,0.006828949391549477,73.09677681856938,0.00680429534051954,37.76178022847794,0.008938452680227967,7.55782808517122,26.777953967054547,115.52005683266566
497.73049999979355,123.32990750256928,1,9.598485993824486,76.93206125954518,0.004584995794132953,39.76034645201339,0.006506992388260235,74.88971660394533,0.006891265689496426,38.2071707565023,0.009012436811594594,7.55782808517122,26.777953967054547,115.52005683266566
497.7404999997933,123.32990750256928,1,9.598485993824486,77.58627172994495,0.004246615892405551,39.48542332687413,0.006255432402470405,75.98586433844697,0.006944876048407308,38.25438254842295,0.009020162369007368,7.55782808517122,26.777953967054547,115.52005683266566
497.7504999997931,123.32990750256928,1,9.598485993824486,77.7380867986241,0.003987792131817731,38.96522222512297,0.006060905543031784,76.51206036638152,0.006971764985940279,38.0070834331925,0.008978925768997807,7.55782808517122,26.777953967054547,115.52005683266566
497.76049999979284,123.32990750256928,1,9.598485993824486,77.4793741054527,0.0037952698824817045,38.265173924197484,0.005913358263475925,76.57730080227155,0.006976892943120309,37.54196993337044,0.008901417270014624,7.55782808517122,26.777953967054547,115.52005683266566
497.7704999997926,123.32990750256928,1,9.598485993824486,76.88075966529908,0.0036605601861858356,37.43862289064843,0.0058061472404175125,76.25517852715606,0.006963518929362994,36.90974525630609,0.008796004360963564,7.55782808517122,26.777953967054547,115.52005683266566
497.78049999979237,123.32990750256928,1,9.598485993824486,75.93461462583817,0.0035784983976244974,36.48965103783591,0.005734713869301525,75.57460402088168,0.006933621301912958,36.144110246135455,0.008668363008345054,7.55782808517122,26.777953967054547,115.52005683266566
497.79049999979213,123.32990750256928,1,9.598485993824486,74.65184395692249,0.003547568598853841,35.42960878205907,0.005696922031287409,74.55594888871762,0.006888002462363794,35.26293620565131,0.008521413044153672,7.55782808517122,26.777953967054547,115.52005683266566
497.8004999997919,123.32990750256928,0,9.598485993824486,72.44484601858233,0.0035473163376822776,34.19947083468767,0.005690498032292901,73.42841848604697,0.00683572526787719,34.28376630234777,0.008358053444155073,7.55782808517122,26.777953967054547,115.52005683266566
497.81049999979166,123.32990750256928,0,9.598485993824486,68.32982919547817,0.0035473163376822776,32.200685169515225,0.005690498032292901,72.35024952081257,0.006785612616568684,33.353090187064446,0.008202742102051136,7.55782808517122,26.777953967054547,115.52005683266566
497.8204999997914,123.32990750256928,0,9.598485993824486,62.23869444878108,0.0035473163376822776,29.239649716790925,0.005690498032292901,71.30647624797274,0.00673709557227931,32.49936158809647,0.008060166336990747,7.55782808517122,26.777953967054547,115.52005683266566
497.8304999997912,123.32990750256928,0,9.598485993824486,54.13713571258652,0.0035473163376822776,25.29970007004795,0.005690498032292901,70.2996578382877,0.006690079548170143,31.71329219653088,0.007928749124779899,7.55782808517122,26.777953967054547,115.52005683266566
497.84049999979095,123.32990750256928,0,9.598485993824486,44.11148637436074,0.0035473163376822776,20.42285358635604,0.005690498032292901,69.31907752412366,0.006644491639398262,30.986197499244486,0.0078071319193718895,7.55782808517122,26.777953967054547,115.52005683266566
497.8504999997907,123.32990750256928,0,9.598485993824486,32.23049724522852,0.0035473163376822776,14.64258803021134,0.005690498032292901,68.36777736634492,0.0066002631476293335,30.311175777755814,0.007694142164504803,7.55782808517122,26.777953967054547,115.52005683266566
497.8604999997905,123.32990750256928,0,9.598485993824486,18.574952797479266,0.0035473163376822776,7.998258188437944,0.005690498032292901,67.44883506411158,0.00655733080878592,29.682346291110914,0.007588767325151796,7.55782808517122,26.777953967054547,115.52005683266566
497.87049999979024,123.32990750256928,0,9.598485993824486,3.4411791893831776,0.003568623532731188,0.9238979762399953,0.005893727401424061,66.55231774420041,0.006515645146016117,29.093927005777566,0.00749013330978931,7.55782808517122,26.777953967054547,115.52005683266566
497.88049999979,123.32990750256928,0,0.0,1.331678029099594,0.004207489249481048,0.4827694293391698,0.006868479801517516,65.68151233230472,0.006475157452891675,28.541492074402267,0.007397483663730204,7.55782808517122,26.777953967054547,115.52005683266566
497.89049999978977,123.32990750256928,0,0.0,1.8697241294788576,0.004669051443683252,1.0396291413020533,0.007365144123725705,64.84053265430741,0.006435795522369661,28.022690872761743,0.00731016275816747,7.55782808517122,26.777953967054547,115.52005683266566
497.90049999978953,123.32990750256928,0,0.0,2.251982413609932,0.004993303186855644,1.3595950793843135,0.0076472146658346654,64.01975458227005,0.0063975206096612384,27.533373481073163,0.007227598857594081,7.55782808517122,26.777953967054547,115.52005683266566
497.9104999997893,123.32990750256928,0,0.0,2.532572315438503,0.0052283755657131495,1.5768712577688593,0.007836131111155173,63.222153821920664,0.006360297736124594,27.07019376983058,0.007149287666611732,7.55782808517122,26.777953967054547,115.52005683266566
497.92049999978906,123.32990750256928,0,0.0,2.7463841154937323,0.005405345914845697,1.7456107385333408,0.007981165221686792,62.450758733788895,0.006324091342052088,26.63034386815569,0.007074783663121319,7.55782808517122,26.777953967054547,115.52005683266566
497.9304999997888,123.32990750256928,0,0.0,2.9166712459831983,0.00554427896783987,1.8886480472369334,0.008102729215716063,61.696541651418684,0.0062888729905290425,26.210831749720732,0.007003694869918786,7.55782808517122,26.777953967054547,115.52005683266566
497.9404999997886,123.32990750256928,0,0.0,3.0578508716236215,0.005658144449596674,2.0153475385554165,0.008209625684729582,60.962704261562166,0.006254609227382382,25.809608889203556,0.006935676574373738,7.55782808517122,26.777953967054547,115.52005683266566
497.95049999978835,123.32990750256928,0,0.0,3.179225287132983,0.005755333581770296,2.129965551299449,0.008305942665032807,60.252447885987245,0.0062212654568449205,25.425022168230715,0.006870426859699965,7.55782808517122,26.777953967054547,115.52005683266566
497.9604999997881,123.32990750256928,0,0.0,3.2875778775208193,0.005841274877370238,2.235283672944104,0.008393809189953612,59.55725230293625,0.006188814587341768,25.05507003794369,0.006807682529165995,7.55782808517122,26.777953967054547,115.52005683266566
497.9704999997879,123.32990750256928,0,0.0,3.3866167209516815,0.005919488561443952,2.332428283407098,0.008474507722128807,58.88034235565838,0.006157225348489898,24.698508742797472,0.00674721352914232,7.55782808517122,26.777953967054547,115.52005683266566
497.98049999978764,123.32990750256928,0,0.0,3.478720958486931,0.005992264007695535,2.4221863927285345,0.008548938297027502,58.22491590982031,0.006126465903619783,24.35436227365112,0.006688819214269514,7.55782808517122,26.777953967054547,115.52005683266566
497.9904999997874,123.32990750256928,0,0.0,3.5662290700843644,0.00606108976796514,2.5058307122237795,0.008617803295852372,57.58281681553993,0.006096511898363733,24.021217632799242,0.0066323251759400886,7.55782808517122,26.777953967054547,115.52005683266566
498.00049999978717,123.32990750256928,0,0.0,3.649934787901426,0.006126939669076238,2.5837211467984007,0.00868168485892493,56.957217025279924,0.0060673350277267975,23.6983110279001,0.006577578854482707,7.55782808517122,26.777953967054547,115.52005683266566
498.01049999978693,123.32990750256928,0,0.0,3.730329017434988,0.006190456542538951,2.656215888667684,0.00874109113797282,56.351264123461306,0.006038906535934646,23.385077858258622,0.006524446969794918,7.540549692962457,27.94236940415184,113.27278376351437
498.0204999997867,123.32990750256928,0,0.583312293202497,3.9141344517352903,0.006362457753651042,2.8716004351620446,0.008957246169161374,55.75737211389758,0.006011199884630252,23.080828319254877,0.006472813458896323,7.540549692962457,27.94236940415184,113.27278376351437
498.03049999978646,123.32990750256928,0,1.5124411047019068,4.52446404431902,0.006914498993559398,3.5422452409155842,0.009589797422090478,55.17780013856224,0.005984207478077867,22.78389370778786,0.006422577016237489,7.540549692962457,27.94236940415184,113.27278376351437
498.0404999997862,123.32990750256928,0,2.4729562554155584,5.274509104404865,0.007578793535067905,4.176967572798308,0.010173103847681449,54.61582885051341,0.005957908475514739,22.49408451802219,0.006373658867840314,7.540549692962457,27.94236940415184,113.27278376351437
498.050499999786,123.32990750256928,0,3.45604602285889,5.9246205398262335,0.008146893381281014,4.587870823333707,0.010544422210222315,54.064224191309215,0.005932277065647003,22.21125316500531,0.00632601481024953,7.540549692962457,27.94236940415184,113.27278376351437
498.06049999978575,123.32990750256928,0,4.452237440462,6.377342964751842,0.008537544386663659,4.795484834748738,0.0107275322616557,53.52612311530454,0.005907286237528322,21.935617636673165,0.006279625822726429,7.540549692962457,27.94236940415184,113.27278376351437
498.0704999997855,123.32990750256928,0,5.451669047874359,6.630742990746542,0.008751779687257728,4.853769070071211,0.010773155258001939,53.004656333290754,0.005882909409912512,21.667516635832165,0.00623448187747902,7.540549692962457,27.94236940415184,113.27278376351437
498.0804999997853,123.32990750256928,0,6.444382777290247,6.712715346955704,0.008813861915635263,4.858260258198099,0.010773155258001939,52.492571560434264,0.005859127676228326,21.406620312438037,0.006190570238169114,7.540549692962457,27.94236940415184,113.27278376351437
498.09049999978504,123.32990750256928,1,7.420620624513918,6.717691632442051,0.008813861915635263,4.863137160226249,0.010773155258001939,51.99277167099232,0.005835919414298342,21.152881494180267,0.006147866688112465,7.540549692962457,27.94236940415184,113.27278376351437
498.1004999997848,123.32990750256928,1,8.37111142281271,6.72375604775306,0.008813861915635263,4.869201575537257,0.010773155258001939,51.50847776931248,0.00581325866996964,20.90664091495487,0.006106333104601914,7.540549692962457,27.94236940415184,113.27278376351437
498.11049999978457,123.32990750256928,1,9.287333720807599,6.733024759885435,0.008813861915635263,4.8783712407382325,0.010773155258001939,51.03311648753515,0.0057911161219035305,20.66802820748849,0.006065916961786608,7.540549692962457,27.94236940415184,113.27278376351437
498.12049999978433,121.58054711246191,1,9.598485993824486,7.20563420997491,0.008813861915635263,5.203377099854498,0.010773155258001939,50.570078276013895,0.005769458919685863,20.4375435503497,0.006026548435827816,7.540549692962457,27.94236940415184,113.27278376351437
498.1304999997841,121.58054711246191,1,9.598485993824486,10.877386318527925,0.008813861915635263,7.702018397176998,0.010773155258001939,50.12164103996252,0.005748269854654755,20.21424683173952,0.005988138925119436,7.540549692962457,27.94236940415184,113.27278376351437
498.14049999978386,121.58054711246191,1,9.598485993824486,18.08936091390442,0.008813861915635263,12.605645480091509,0.010773155258001939,49.68029191472478,0.005727557403131449,19.99600576009411,0.005950587558457312,7.540549692962457,27.94236940415184,113.27278376351437
498.1504999997836,121.58054711246191,1,9.598485993824486,28.61112233095646,0.008813861915635263,19.757538387749594,0.010773155258001939,49.24862886374339,0.005707312488892842,19.781938015624796,0.005913796123248124,7.540549692962457,27.94236940415184,113.27278376351437
498.1604999997834,121.58054711246191,1,9.598485993824486,42.11287808455294,0.008813861915635263,26.723957040166727,0.01025454861785819,48.829434697692065,0.00568752095666904,22.604739782129926,0.0063799849783616166,7.540549692962457,27.94236940415184,113.27278376351437
498.17049999978315,121.58054711246191,1,9.598485993824486,56.10377240899545,0.008500522280106575,31.579597321993262,0.00940484940508129,51.94340116584617,0.005806944704041738,27.097352033025604,0.007123461645721434,7.540549692962457,27.94236940415184,113.27278376351437
498.1804999997829,121.58054711246191,1,9.598485993824486,64.09895960580201,0.007520659047234164,34.91749496748445,0.008600330361223603,58.87084139143025,0.006120601092108934,30.977897780411688,0.007768096066078462,7.540549692962457,27.94236940415184,113.27278376351437
498.1904999997827,121.58054711246191,1,9.598485993824486,69.08914219729773,0.00658068084250012,37.12350118090288,0.007921751797848636,64.60297778377017,0.006391855785950475,33.85620932641767,0.008247099530401812,7.540549692962457,27.94236940415184,113.27278376351437
498.20049999978244,121.58054711246191,1,9.598485993824486,72.46692562399855,0.005812727414187595,38.447122856389605,0.00737156390292456,68.86930401292118,0.006596369480264112,35.80816014169998,0.008572445260234257,7.540549692962457,27.94236940415184,113.27278376351437
498.2104999997822,121.58054711246191,1,9.598485993824486,74.75593278654922,0.005204673012079956,39.11182306475353,0.006932698606394257,71.91774054487239,0.006743432223940588,37.00897020590351,0.008773063519107003,7.540549692962457,27.94236940415184,113.27278376351437
498.22049999978196,121.58054711246191,1,9.598485993824486,76.2517638021744,0.00472768062396772,39.308276870388106,0.006586021476262986,74.00668948499937,0.0068446406066939875,37.628391005004914,0.0088770433352267,7.540549692962457,27.94236940415184,113.27278376351437
498.2304999997817,121.58054711246191,1,9.598485993824486,77.08684074897197,0.004355716290465545,39.14041947184567,0.006313785001236292,75.32868276369749,0.0069096627548079015,37.81163944413285,0.0089085642694,7.540549692962457,27.94236940415184,113.27278376351437
498.2404999997815,121.58054711246191,1,9.598485993824486,77.40052849661183,0.0040685146404058695,38.708255848549136,0.006101624467595098,76.04716805238952,0.006946048284932062,37.67254802734668,0.00888647856619582,7.540549692962457,27.94236940415184,113.27278376351437
498.25049999978125,121.58054711246191,1,9.598485993824486,77.30860062330171,0.003851717658969621,38.095981353013634,0.005939135728500334,76.2810765026055,0.00695918612488317,37.29248293955083,0.008824227456525132,7.540549692962457,27.94236940415184,113.27278376351437
498.260499999781,121.58054711246191,1,9.598485993824486,76.83395570618453,0.0036949708191671843,37.32878286766217,0.00581835009287497,76.0977828932948,0.006952876734260133,36.73095720769427,0.008731773606949024,7.540549692962457,27.94236940415184,113.27278376351437
498.2704999997808,121.58054711246191,1,9.598485993824486,76.02300090148468,0.0035917041621027932,36.43953215810413,0.0057338489353551715,75.55524732498098,0.006929683802022085,36.02872156044438,0.00861584185527364,7.540549692962457,27.94236940415184,113.27278376351437
498.28049999978055,121.58054711246191,1,9.598485993824486,74.89190662234567,0.003539090994809862,35.44747324493894,0.005682846977839828,74.68264080206308,0.006890834880150946,35.20819837087255,0.008480092132822362,7.540549692962457,27.94236940415184,113.27278376351437
498.2904999997803,121.58054711246191,0,9.598485993824486,73.27824987789768,0.0035317669509963893,34.339301906203936,0.005664596502418168,73.54460398606898,0.006839240413108482,34.27739763812752,0.008325937583089025,7.540549692962457,27.94236940415184,113.27278376351437
498.3004999997801,121.58054711246191,0,9.598485993824486,70.05056762482165,0.0035317669509963893,32.78145244883161,0.005664567569447398,72.44888500364753,0.006788528733431181,33.32509106396056,0.008168143802396973,7.540549692962457,27.94236940415184,113.27278376351437
498.31049999977984,121.58054711246191,0,9.598485993824486,64.88351684594242,0.0035317669509963893,30.291919972393664,0.005664567569447398,71.39361210881137,0.006739469279562799,32.45264870317331,0.008023489394181791,7.540549692962457,27.94236940415184,113.27278376351437
498.3204999997796,121.58054711246191,0,9.598485993824486,57.77031143977911,0.0035317669509963893,26.86420661231947,0.005664567569447398,70.36738905507609,0.006691961853093806,31.649824233470056,0.00789036336230164,7.540549692962457,27.94236940415184,113.27278376351437
498.33049999977936,121.58054711246191,0,9.598485993824486,48.72212041433151,0.0035317669509963893,22.50368958938059,0.005664567569447398,69.37288970089213,0.006645922187463893,30.908228490675935,0.007767352076888971,7.540549692962457,27.94236940415184,113.27278376351437
498.3404999997791,121.58054711246191,0,9.598485993824486,37.7674898469669,0.0035317669509963893,17.224184753307487,0.005664567569447398,68.41294260518855,0.0066012737454179465,30.22077541278572,0.0076532363130923375,7.540549692962457,27.94236940415184,113.27278376351437
498.3504999997789,121.58054711246191,0,9.598485993824486,25.08199006259628,0.0035317669509963893,11.110303040696351,0.005664567569447398,67.47745449083894,0.006557957654162816,29.58063447897443,0.007546964744908307,7.540549692962457,27.94236940415184,113.27278376351437
498.36049999977865,121.58054711246191,0,9.598485993824486,10.794119823194558,0.0035317669509963893,4.223971110452163,0.005664567569447398,66.56950123512001,0.006515916040102201,28.982460929392577,0.007447628864552568,7.540549692962457,27.94236940415184,113.27278376351437
498.3704999997784,121.58054711246191,0,0.0,1.1453338753897708,0.003913377269304108,0.1912375927568224,0.0064695753878518236,65.6920215543631,0.006475095612563617,28.421556970881998,0.007354443179732231,7.540549692962457,27.94236940415184,113.27278376351437
498.3804999997782,121.58054711246191,0,0.0,1.7838880553356047,0.0044670302717285644,0.9509538528055903,0.007153035306974119,64.83627652506668,0.006435441203358828,27.894291557779738,0.007266728645798189,7.540549692962457,27.94236940415184,113.27278376351437
498.39049999977794,121.58054711246191,0,0.0,2.2289861650413765,0.004850604287255922,1.3529312027892413,0.007513720693727922,64.00555595454523,0.006396895964572362,27.397611085681465,0.007183894422273776,7.540549692962457,27.94236940415184,113.27278376351437
498.4004999997777,121.58054711246191,0,0.0,2.5482515327496533,0.0051239330048344365,1.6039644209896733,0.007737922436821729,63.20275259872809,0.006359418930388549,26.928259314124734,0.007105421361857475,7.540549692962457,27.94236940415184,113.27278376351437
498.41049999977747,121.58054711246191,0,0.0,2.785877301871384,0.005325593350710693,1.7874894898639395,0.00790064124057683,62.41867621309035,0.006322980379126498,26.48268759826012,0.007030851326624786,7.540549692962457,27.94236940415184,113.27278376351437
498.42049999977723,121.58054711246191,0,0.0,2.969817524128041,0.005480482202794984,1.9370916111632561,0.008032545163012937,61.65636031941616,0.006287546026216597,26.05834125727911,0.00695977931746322,7.540549692962457,27.94236940415184,113.27278376351437
498.430499999777,121.58054711246191,0,0.0,3.1181446275786344,0.005604676596883463,2.066819262277037,0.008146560728014923,60.918894970151534,0.006253079169508896,25.65318399037351,0.006891848828237334,7.540549692962457,27.94236940415184,113.27278376351437
498.44049999977676,121.58054711246191,0,0.0,3.2432275040997043,0.005708557532848713,2.183394005324244,0.00824844917788119,60.19768800252385,0.006219551510497723,25.264846075900664,0.006826747792826724,7.540549692962457,27.94236940415184,113.27278376351437
498.4504999997765,121.58054711246191,0,0.0,3.352401416876455,0.005798838959493909,2.289610283937399,0.008341033396066384,59.49587108755625,0.006186930450027739,24.8917675444334,0.0067642028667843565,7.540549692962457,27.94236940415184,113.27278376351437
498.4604999997763,121.58054711246191,0,0.0,3.450428096071714,0.005879870417303907,2.3870358809148455,0.008425904780236651,58.81658159973559,0.00615518176863166,24.53274768975679,0.006703975387543363,7.540549692962457,27.94236940415184,113.27278376351437
498.47049999977605,121.58054711246191,0,0.0,3.5411255684661676,0.005954469659430864,2.477270024795203,0.008504105889152118,58.15163413744901,0.0061242796920116,24.186144171651534,0.0066458577916693184,7.540549692962457,27.94236940415184,113.27278376351437
498.4804999997758,121.58054711246191,0,0.0,3.6262592748077536,0.006024469174398146,2.560867267781761,0.008576410226050785,57.5041320404072,0.006094194526767071,23.850992587631065,0.006589668752004429,7.540549692962457,27.94236940415184,113.27278376351437
498.4904999997756,121.58054711246191,0,0.0,3.7069854654775574,0.006091067001038854,2.6383484138473365,0.00864345077338941,56.87717587234483,0.006064895296566409,23.526594816877594,0.006535250123304389,7.540549692962457,27.94236940415184,113.27278376351437
498.50049999977534,121.58054711246191,0,0.0,3.784824169463895,0.006155046115733938,2.7108000798646836,0.008705768709235666,56.262913658515956,0.006036359104891483,23.211759807398558,0.006482464413333049,7.540549692962457,27.94236940415184,113.27278376351437
498.5104999997751,121.58054711246191,0,0.0,3.8600234255620554,0.006216923629105118,2.778438566444572,0.008763834009761244,55.66438945868341,0.0060085592162674355,22.9058911044152,0.006431191112102863,7.540549692962457,27.94236940415184,113.27278376351437
498.52049999977487,121.58054711246191,0,0.5378260239643384,4.021663211996483,0.0063712791079904435,2.9667678256122487,0.008956639356887714,55.08487697307195,0.005981463541289477,22.608914869810327,0.006381324719766154,7.540549692962457,27.94236940415184,113.27278376351437
498.53049999977463,121.58054711246191,0,1.4651694662658632,4.611742023929496,0.006908099111052095,3.6242191013328156,0.009580270935030784,54.51609971853344,0.00595506668889435,22.318909710669704,0.006332773835307505,7.540549692962457,27.94236940415184,113.27278376351437
498.5404999997744,121.58054711246191,0,2.424317993400163,5.358710634568409,0.007571536848800887,4.266397201361521,0.010172603408045692,53.961166951323065,0.005929350943545672,22.035534321995815,0.006285467213179956,7.540549692962457,27.94236940415184,113.27278376351437
498.55049999977416,121.58054711246191,0,3.406499578208817,6.014246831829887,0.008146763987121265,4.68658207336031,0.010555057457588835,53.423349132262146,0.005904285190113908,21.759205768739168,0.006239366255297798,7.540549692962457,27.94236940415184,113.27278376351437
498.5604999997739,121.58054711246191,0,4.402268056085009,6.474876861829078,0.0085462920699279,4.900684239323488,0.010746489963989391,52.89548125113892,0.0058798476148584355,21.489697417028765,0.006194457775101176,7.540549692962457,27.94236940415184,113.27278376351437
498.5704999997737,121.58054711246191,0,5.401774561386472,6.734498934374283,0.008767716530239781,4.962779561522952,0.01079761514069041,52.38055384912886,0.0058560139378819815,21.227231693094915,0.006150736855394351,7.540549692962457,27.94236940415184,113.27278376351437
498.58049999977345,121.58054711246191,0,6.395058790734988,6.81958261077078,0.008835066140351842,4.964126778597189,0.01079761514069041,51.88152280075925,0.005832759410178703,20.972074306414502,0.006108195669935628,7.540549692962457,27.94236940415184,113.27278376351437
498.5904999997732,121.58054711246191,1,7.372345784925995,6.821919295279166,0.008835066140351842,4.96633707626127,0.01079761514069041,51.39133957665622,0.0058100670865762795,20.72377792439926,0.006066815832522837,7.540549692962457,27.94236940415184,113.27278376351437
498.600499999773,121.58054711246191,1,8.324333539827757,6.825700384157141,0.008835066140351842,4.970019991442403,0.01079761514069041,50.91303564288437,0.00578791370245329,20.48251395863054,0.006026564272546645,7.540549692962457,27.94236940415184,113.27278376351437
498.61049999977274,121.58054711246191,1,9.242457389857302,6.831731210013243,0.008835066140351842,4.976050817298504,0.01079761514069041,50.44991259771513,0.005766265201077001,20.24894796744437,0.005987392529612851,7.540549692962457,27.94236940415184,113.27278376351437
498.6204999997725,119.8801198801198,1,9.598485993824486,7.211125885961938,0.008835066140351842,5.237089004294258,0.01079761514069041,49.99566833858282,0.005745094483622752,20.023106518790485,0.00594923513961401,7.540549692962457,27.94236940415184,113.27278376351437
498.63049999977227,119.8801198801198,1,9.598485993824486,10.669591517005598,0.008835066140351842,7.592268703420723,0.01079761514069041,49.55258658080644,0.005724383584532312,19.8041351932212,0.0059120069745271335,7.540549692962457,27.94236940415184,113.27278376351437
498.64049999977203,119.8801198801198,1,9.598485993824486,17.650330534328305,0.008835066140351842,12.342477227389544,0.01079761514069041,49.1227565093764,0.005704134609224356,19.59048530455881,0.005875609173569829,7.540549692962457,27.94236940415184,113.27278376351437
498.6504999997718,119.8801198801198,1,9.598485993824486,27.930472128681338,0.008835066140351842,19.336155671490324,0.01079761514069041,48.699441116703866,0.005684342666091266,19.380888700158355,0.005839945257429379,7.540549692962457,27.94236940415184,113.27278376351437
498.66049999977156,119.8801198801198,1,9.598485993824486,41.1274602370453,0.008835066140351842,26.175385305195523,0.01028763271011229,48.24435656771209,0.005665768536487678,22.100660374846335,0.006298939813235727,7.540549692962457,27.94236940415184,113.27278376351437
498.6704999997713,119.8801198801198,1,9.598485993824486,55.088515931860606,0.00855014216477021,31.004839086783356,0.009442039501525938,51.068768305224395,0.005775534027515175,26.52216779787109,0.007040201716006509,7.540549692962457,27.94236940415184,113.27278376351437
498.6804999997711,119.8801198801198,1,9.598485993824486,63.191986377346915,0.007579735342078635,34.3363497426559,0.008635756622642961,57.94898906352635,0.006089183202074052,30.3677422921828,0.00768839309021801,7.540549692962457,27.94236940415184,113.27278376351437
498.69049999977085,119.8801198801198,1,9.598485993824486,68.2151291504649,0.006634016951535924,36.51970875335149,0.007951989578054179,63.698055368611136,0.006364344027543433,33.22931127745211,0.008173962493621243,7.540549692962457,27.94236940415184,113.27278376351437
498.7004999997706,119.8801198801198,1,9.598485993824486,71.64224975692855,0.005857938134626846,37.83724856135228,0.007396148110399829,68.00024260145871,0.0065732357559467195,35.16546742313333,0.008505871638317088,7.540549692962457,27.94236940415184,113.27278376351437
498.7104999997704,119.8801198801198,1,9.598485993824486,73.95965939308286,0.005242426098485044,38.48516829211523,0.006952169410202941,71.07259750962928,0.00672423391600511,36.34513296073607,0.008712078290493627,7.540549692962457,27.94236940415184,113.27278376351437
498.72049999977014,119.8801198801198,1,9.598485993824486,75.44595802069061,0.004758369852072998,38.640273898080025,0.006600421163584437,73.17536525550166,0.006829095334285283,36.941564418428996,0.00882125038152748,7.540549692962457,27.94236940415184,113.27278376351437
498.7304999997699,119.8801198801198,1,9.598485993824486,76.30814046754759,0.004380309408464263,38.45027145248986,0.006323841903292122,74.51878998876639,0.0068974859814802895,37.09718570420419,0.008856978117773506,7.540549692962457,27.94236940415184,113.27278376351437
498.74049999976967,119.8801198801198,1,9.598485993824486,76.63612956185084,0.00408793899942328,37.98959407193113,0.006108041721400564,75.2477931306474,0.006936857770506033,36.9257176416636,0.008838193905068882,7.540549692962457,27.94236940415184,113.27278376351437
498.75049999976943,119.8801198801198,1,9.598485993824486,76.53260774987395,0.003866142936640946,37.33161063416725,0.005941909849205421,75.48511625492415,0.006952847312741863,36.51308103079481,0.008779093279474877,7.540549692962457,27.94236940415184,113.27278376351437
498.7604999997692,119.8801198801198,1,9.598485993824486,76.07843464847906,0.0037046823510483834,36.536232809603455,0.00581773202551459,75.31700913759082,0.006949338638258266,35.918192006322776,0.008689426262028562,7.540549692962457,27.94236940415184,113.27278376351437
498.77049999976896,119.8801198801198,1,9.598485993824486,75.28067751469733,0.003596761602699429,35.61660487563468,0.005729937102174381,74.78526490570138,0.006928887285388822,35.18218417977299,0.008576076848127867,7.540549692962457,27.94236940415184,113.27278376351437
498.7804999997687,119.8801198801198,1,9.598485993824486,74.16203004638272,0.0035390478880366113,34.59089224522654,0.0056752481462480015,73.92338001426407,0.006892912481680766,34.33048779332824,0.008443195509478108,7.540549692962457,27.94236940415184,113.27278376351437
498.7904999997685,119.8801198801198,0,9.598485993824486,72.63790017520988,0.003528418546166696,33.46018554848648,0.005652840942424027,72.783583089492,0.006843293429896109,33.37210106580061,0.008292253933106316,7.540549692962457,27.94236940415184,113.27278376351437
498.80049999976825,119.8801198801198,0,9.598485993824486,69.62801282768486,0.003528418546166696,31.976333905692375,0.00565231885359602,71.66766026834694,0.006793693833098489,32.370953242545745,0.008134001066090949,7.540549692962457,27.94236940415184,113.27278376351437
498.810499999768,119.8801198801198,0,9.598485993824486,64.72125112939871,0.003528418546166696,29.603395907325158,0.00565231885359602,70.58930341013317,0.006745776305254805,31.448525287477164,0.007988567322192325,7.540549692962457,27.94236940415184,113.27278376351437
498.8204999997678,119.8801198801198,0,9.598485993824486,57.86810529316031,0.003528418546166696,26.29843585249978,0.00565231885359602,69.55002573902581,0.006699423949210688,30.597866829433773,0.007854810089129553,7.540549692962457,27.94236940415184,113.27278376351437
498.83049999976754,119.8801198801198,0,9.598485993824486,49.10736211210932,0.003528418546166696,22.08007991377974,0.00565231885359602,68.53926616665613,0.0066545520681162585,29.809980327328876,0.007731294895057106,7.540549692962457,27.94236940415184,113.27278376351437
498.8404999997673,119.8801198801198,0,9.598485993824486,38.48564030056419,0.003528418546166696,16.970750364441546,0.00565231885359602,67.55985301253737,0.006611081209260755,29.077723653724227,0.0076167844694069835,7.540549692962457,27.94236940415184,113.27278376351437
498.85049999976707,119.8801198801198,0,9.598485993824486,26.067802436021452,0.003528418546166696,11.001377037785469,0.00565231885359602,66.61439530956352,0.006568947275346739,28.394545879758248,0.007510211075421543,7.540549692962457,27.94236940415184,113.27278376351437
498.86049999976683,119.8801198801198,0,9.598485993824486,12.069629123041505,0.003528418546166696,4.275407274046037,0.00565231885359602,65.69325703252326,0.006528092730387168,27.754599533419306,0.007410653478721184,7.540549692962457,27.94236940415184,113.27278376351437
498.8704999997666,119.8801198801198,0,0.0,-0.01249923636133099,0.0038010353901706574,-0.9787772347093724,0.006347971217547466,64.79934138500678,0.006488461984577979,27.153127251734432,0.007317314997101709,7.540549692962457,27.94236940415184,113.27278376351437
498.88049999976636,119.8801198801198,0,0.0,0.6243244532429983,0.0043860977389253535,-0.12842986867792616,0.007146760498650213,63.93628921409707,0.006449997455109981,26.586851563014562,0.007229506227934468,7.540549692962457,27.94236940415184,113.27278376351437
498.8904999997661,119.8801198801198,0,0.0,1.055996069325536,0.004789507290186742,0.29691466719259196,0.007561452960816642,63.09551341187974,0.006412630959728498,26.052914476898355,0.007146629193277585,7.540549692962457,27.94236940415184,113.27278376351437
498.9004999997659,119.8801198801198,0,0.0,1.3550404467313717,0.0050752981123842736,0.5454638427655167,0.007815090493585516,62.27981898589625,0.006376319512703122,25.5479750531354,0.007068158910322772,7.540549692962457,27.94236940415184,113.27278376351437
498.91049999976565,119.8801198801198,0,0.0,1.567475901088402,0.0052847380766484825,0.7158128159009571,0.007997174632918347,61.491646993148414,0.0063410344212246365,25.068478252712083,0.00699363143108034,7.540549692962457,27.94236940415184,113.27278376351437
498.9204999997654,119.8801198801198,0,0.0,1.7240851095200664,0.005444423277479228,0.8487127943400932,0.008144116231888501,60.722149281646665,0.00630674410869038,24.61135749731789,0.006922637463566075,7.540549692962457,27.94236940415184,113.27278376351437
498.9304999997652,119.8801198801198,0,0.0,1.8442445321706509,0.005571512314959367,0.960806709879789,0.008271130401931802,59.97439703363663,0.0062734103939186,24.17455103480396,0.006854816126236693,7.540549692962457,27.94236940415184,113.27278376351437
498.94049999976494,119.8801198801198,0,0.0,1.9398232347237712,0.005677083274384605,1.0587093345609548,0.00838491241251589,59.25108883564344,0.006241005938321437,23.755746807976426,0.006789850674225285,7.540549692962457,27.94236940415184,113.27278376351437
498.9504999997647,119.8801198801198,0,0.0,2.019734416181595,0.005768288344268158,1.1465699733977197,0.008488680855855173,58.543982510657486,0.006209499085498924,23.353035175626815,0.006727464536951583,7.540549692962457,27.94236940415184,113.27278376351437
498.96049999976447,119.8801198801198,0,0.0,2.089191121819035,0.005849754292930071,1.226260203658883,0.008584197376805144,57.85626473574504,0.006178852563234829,22.965298957872406,0.006667415826759572,7.540549692962457,27.94236940415184,113.27278376351437
498.97049999976423,119.8801198801198,0,0.0,2.150870091354589,0.005924481063201134,1.298283646763501,0.008672592286834403,57.19066250049497,0.006149042010660335,22.59095032298679,0.006609493546257275,7.540549692962457,27.94236940415184,113.27278376351437
498.980499999764,119.8801198801198,0,0.0,2.207831442090918,0.005994413922302656,1.3642686052777444,0.008754694542437843,56.539332113460894,0.006120037924757839,22.228754860832886,0.006553514285188338,7.540549692962457,27.94236940415184,113.27278376351437
498.99049999976376,119.8801198801198,0,0.0,2.2614760695009384,0.0060608205698634175,1.424918652331482,0.00883116711920547,55.905448977655226,0.006091805551745237,21.878145661101744,0.006499317750020533,7.540549692962457,27.94236940415184,113.27278376351437
499.0004999997635,119.8801198801198,0,0.0,2.3119627658061894,0.006124533086133943,1.48009123063117,0.008902577351912595,55.29168806406101,0.006064324376235565,21.537944105240694,0.006446764045972917,7.540549692962457,27.94236940415184,113.27278376351437
499.0104999997633,119.8801198801198,0,0.0,2.3607914312130607,0.006186097414098494,1.531104417993319,0.008969422731351803,54.69053240625439,0.006037567524806636,21.207330656871168,0.006395731447637993,7.525771493133349,28.978076168046503,111.48847731936162
499.02049999976305,119.8801198801198,0,0.0,2.408340296269459,0.006245876686453733,1.5784320587636427,0.00903213984358637,54.10512037898981,0.006011502782418697,20.886085531467046,0.006346113079238217,7.525771493133349,28.978076168046503,111.48847731936162
499.0304999997628,119.8801198801198,0,0.8582650382049619,2.6846806247755683,0.006531353299668549,1.9435502135765148,0.009422213772408,53.5383776350685,0.0059861051569571454,20.5737649242323,0.006297815226760652,7.525771493133349,28.978076168046503,111.48847731936162
499.0404999997626,119.8801198801198,0,1.7976855646854857,3.3393255090346226,0.00714181992994529,2.655686214576139,0.010111192872998942,52.981469900963624,0.00596138932731968,20.267395154923125,0.006250758147939024,7.525771493133349,28.978076168046503,111.48847731936162
499.05049999976234,119.8801198801198,0,2.7659334044902013,4.047962891077205,0.007788806099983182,3.2333508189392766,0.010662852349417155,52.43819735615674,0.005937320608060083,19.96785084977136,0.0062048865729876345,7.525771493133349,28.978076168046503,111.48847731936162
499.0604999997621,119.8801198801198,0,3.753971504953023,4.614843571267173,0.00830507984383675,3.569637117277884,0.010989471409422552,51.91151037710856,0.0059138748618998115,19.675219191198217,0.006160176789724265,7.525771493133349,28.978076168046503,111.48847731936162
499.07049999976186,119.8801198801198,0,4.752180574347627,4.9776042779245655,0.00863859034877107,3.710389141695506,0.011135002154362686,51.39463156084706,0.00589102418659641,19.3897257689293,0.006116623538216485,7.525771493133349,28.978076168046503,111.48847731936162
499.0804999997616,119.8801198801198,0,5.750639019782597,5.1487510952223845,0.008802027640223503,3.7152632689275213,0.01115616480918867,50.890778605158715,0.005868735994234724,19.112084960027246,0.006074224802335285,7.525771493133349,28.978076168046503,111.48847731936162
499.0904999997614,119.8801198801198,1,6.739417810539715,5.162313814241501,0.008828610862643605,3.6938074241590906,0.01115616480918867,50.402423876478046,0.005846997427199799,18.841861070492904,0.006032972386437329,7.525771493133349,28.978076168046503,111.48847731936162
499.10049999976115,119.8801198801198,1,7.708875709918113,5.142687416216998,0.008828610862643605,3.6741050618400974,0.01115616480918867,49.92282019857443,0.00582578771130427,18.578874534069943,0.005992845745934472,7.525771493133349,28.978076168046503,111.48847731936162
499.1104999997609,119.8801198801198,1,8.64994029317096,5.126801112479043,0.008828610862643605,3.658143132483284,0.01115616480918867,49.45590264150938,0.005805061862522286,18.32469250270459,0.005953808978296461,7.525771493133349,28.978076168046503,111.48847731936162
499.1204999997607,119.8801198801198,1,9.554361148695255,5.114969015369486,0.008828610862643605,3.6463110353737256,0.01115616480918867,49.00467605400768,0.005784789727288762,18.079621889672325,0.0059158098600463754,7.525771493133349,28.978076168046503,111.48847731936162
499.13049999976045,118.46001974333672,1,9.598485993824486,6.26358890545066,0.008828610862643605,4.467580784625384,0.01115616480918867,48.56384010165944,0.005764921170244623,17.845057926163513,0.005878777917739475,7.525771493133349,28.978076168046503,111.48847731936162
499.1404999997602,118.46001974333672,1,9.598485993824486,10.908298680407762,0.008828610862643605,7.794133653267318,0.01115616480918867,48.13416645061693,0.005745460792660906,17.61822227106093,0.005842623251846913,7.525771493133349,28.978076168046503,111.48847731936162
499.15049999976,118.46001974333672,1,9.598485993824486,18.976077856980396,0.008828610862643605,13.572927382092292,0.01115616480918867,47.71701704850616,0.0057264356271190565,17.396306629990825,0.00580724706757128,7.525771493133349,28.978076168046503,111.48847731936162
499.16049999975974,118.46001974333672,1,9.598485993824486,30.209627480962766,0.008828610862643605,21.10465320990526,0.010984704539749724,47.305877771896995,0.005707839526084164,18.19595793079455,0.00594116081340294,7.525771493133349,28.978076168046503,111.48847731936162
499.1704999997595,118.46001974333672,1,9.598485993824486,44.252690873287456,0.008828610862643605,27.123649998664618,0.010199332477171958,46.90356191104737,0.005689654366135404,22.4669785652068,0.006650250174323984,7.525771493133349,28.978076168046503,111.48847731936162
499.18049999975926,118.46001974333672,1,9.598485993824486,56.703253762521044,0.008286756465987182,31.474620692563853,0.009312991498342882,51.89017401230103,0.00589312559702237,26.973971003068897,0.007400935031456044,7.525771493133349,28.978076168046503,111.48847731936162
499.190499999759,118.46001974333672,1,9.598485993824486,63.60738277407274,0.007290633933403249,34.449601769471265,0.008520362660392366,58.53824627543862,0.006202585730898257,30.587939349205563,0.008007633390939264,7.525771493133349,28.978076168046503,111.48847731936162
499.2004999997588,118.46001974333672,1,9.598485993824486,68.05793848157586,0.006396902606095243,36.35492731403809,0.007860778207328114,63.83133900314549,0.0064568802889806865,33.18714989262258,0.00844612954766485,7.525771493133349,28.978076168046503,111.48847731936162
499.21049999975855,118.46001974333672,1,9.598485993824486,71.1311566844975,0.005674477389408553,37.45604274336987,0.007328404057368308,67.74374259003204,0.006646632074101092,34.895147863568795,0.008736224824954644,7.525771493133349,28.978076168046503,111.48847731936162
499.2204999997583,118.46001974333672,1,9.598485993824486,73.200086045665,0.005102982472767489,37.94039694079609,0.006904428868032476,70.51657411324881,0.006782372248964635,35.89247522928583,0.008907846804208464,7.525771493133349,28.978076168046503,111.48847731936162
499.2304999997581,118.46001974333672,1,9.598485993824486,74.5047423724108,0.004653814597617997,37.97338140400879,0.0065690342230150115,72.39395620248004,0.006875303483957161,36.348724901110074,0.008989085904179834,7.525771493133349,28.978076168046503,111.48847731936162
499.24049999975784,118.46001974333672,1,9.598485993824486,75.22748796040263,0.004303417574196261,37.68996991550415,0.0063056584772188725,73.56770820233011,0.006934339144141402,36.39821161162432,0.009002391068219304,7.525771493133349,28.978076168046503,111.48847731936162
499.2504999997576,118.46001974333672,1,9.598485993824486,75.45079600751421,0.004033379167816521,37.15980547355771,0.006100674076701838,74.16871099950725,0.006966251761929288,36.14708008537433,0.008965428658801072,7.525771493133349,28.978076168046503,111.48847731936162
499.26049999975737,118.46001974333672,1,9.598485993824486,75.26597716407456,0.003830169546982988,36.44962208323059,0.005943696500892048,74.30734898315521,0.006976101002121933,35.67472217464543,0.008891283045190098,7.525771493133349,28.978076168046503,111.48847731936162
499.27049999975713,118.46001974333672,1,9.598485993824486,74.74081396284758,0.0036847609700991334,35.611293655605216,0.005827587228636041,74.05949529114207,0.00696734802533848,35.03391588894061,0.008788843260858837,7.525771493133349,28.978076168046503,111.48847731936162
499.2804999997569,118.46001974333672,1,9.598485993824486,73.91578165378719,0.0035913691775383825,34.693159593832746,0.005747356517021009,73.49664715857986,0.006941798944218406,34.30412879043115,0.008664209759062637,7.525771493133349,28.978076168046503,111.48847731936162
499.29049999975666,118.46001974333672,1,9.598485993824486,72.81634472587005,0.003546844277481735,33.74449106479138,0.0057003027182799815,72.65025138605512,0.006899839017231184,33.53059971268305,0.008520823014800583,7.525771493133349,28.978076168046503,111.48847731936162
499.3004999997564,118.46001974333672,0,9.598485993824486,71.12480576473683,0.0035430795079679734,32.67865904793965,0.005686090715376792,71.58608180463067,0.006846993362958717,32.6436855163789,0.0083595926465353,7.525771493133349,28.978076168046503,111.48847731936162
499.3104999997562,118.46001974333672,0,9.598485993824486,67.71499421797597,0.0035430795079679734,31.06291775164003,0.005686090715376792,70.56566815464495,0.006795848062474221,31.7556523756627,0.008199141031301874,7.525771493133349,28.978076168046503,111.48847731936162
499.32049999975595,118.46001974333672,0,9.598485993824486,62.39498844914827,0.0035430795079679734,28.515524546286734,0.005686090715376792,69.57538583069753,0.006746340886935616,30.94348643868086,0.008052077431707206,7.525771493133349,28.978076168046503,111.48847731936162
499.3304999997557,118.46001974333672,0,9.598485993824486,55.129906907838055,0.0035430795079679734,25.019954594649594,0.005686090715376792,68.61805841366176,0.0066983668640525455,30.19811048758032,0.007916735918923341,7.525771493133349,28.978076168046503,111.48847731936162
499.3404999997555,118.46001974333672,0,9.598485993824486,45.96854103955181,0.0035430795079679734,20.6001651632733,0.005686090715376792,67.6838847672932,0.0066518475483598365,29.51088660252831,0.007791681934711604,7.525771493133349,28.978076168046503,111.48847731936162
499.35049999975524,118.46001974333672,0,9.598485993824486,34.970115369339965,0.0035430795079679734,15.28512730010436,0.005686090715376792,66.77585482872787,0.006606710457700851,28.874821094827386,0.007675677925126891,7.525771493133349,28.978076168046503,111.48847731936162
499.360499999755,118.46001974333672,0,9.598485993824486,22.21585087641095,0.0035430795079679734,9.11458192873995,0.005686090715376792,65.89714677484716,0.006562889476376603,28.284102372420435,0.007567655711626725,7.525771493133349,28.978076168046503,111.48847731936162
499.37049999975477,118.46001974333672,0,9.598485993824486,7.924020092518492,0.0035430795079679734,2.2193998416487473,0.005703786305786528,65.03861265032074,0.006520333927152079,27.732942763394515,0.007466693460912387,7.525771493133349,28.978076168046503,111.48847731936162
499.38049999975453,118.46001974333672,0,0.0,-0.05708272748599619,0.0039844282778601255,-0.856372711933453,0.0066940406741977775,64.20300313703021,0.006478999227448652,27.216331281605317,0.0073719937833751905,7.525771493133349,28.978076168046503,111.48847731936162
499.3904999997543,118.46001974333672,0,0.0,0.6064269365268453,0.004512543905159329,-0.03999645933631646,0.007379413279895097,63.395308106569416,0.006438802872471809,26.732995743768043,0.007282866349763706,7.525771493133349,28.978076168046503,111.48847731936162
499.40049999975406,118.46001974333672,0,0.0,1.084232917023293,0.004878958877571944,0.41831710419095725,0.007743923776480717,62.60673161530033,0.006399692056441816,26.27926126598007,0.007198711186585394,7.525771493133349,28.978076168046503,111.48847731936162
499.4104999997538,118.46001974333672,0,0.0,1.4404474840187245,0.005140707090198867,0.7236151331204397,0.007972115903706743,61.839676423982944,0.006361638454959093,25.8511932700574,0.007119000445855491,7.525771493133349,28.978076168046503,111.48847731936162
499.4204999997536,118.46001974333672,0,0.0,1.716566609775621,0.005334520304950281,0.9581573357734867,0.00813820314076549,61.096943300758944,0.006324610293938358,25.44579048345866,0.007043267675124392,7.525771493133349,28.978076168046503,111.48847731936162
499.43049999975335,118.46001974333672,0,0.0,1.9398166463089055,0.005484054630190908,1.1557871197773268,0.00827255709211847,60.36994942241911,0.0062885846433643955,25.05975469101387,0.006971101838832428,7.525771493133349,28.978076168046503,111.48847731936162
499.4404999997531,118.46001974333672,0,0.0,2.1271916417779764,0.005604561234099824,1.3303110692136126,0.008388040327256334,59.661555912502784,0.006253531475960583,24.690780634714937,0.006902140980350945,7.525771493133349,28.978076168046503,111.48847731936162
499.4504999997529,118.46001974333672,0,0.0,2.2900280881666646,0.005705880213816002,1.4882271423960685,0.008490464146494247,58.974968302250836,0.006219414432466656,24.3374051507827,0.006836067716950947,7.525771493133349,28.978076168046503,111.48847731936162
499.46049999975264,118.46001974333672,0,0.0,2.436131742037666,0.005794360100929759,1.6331636343858578,0.008582744952779497,58.30222343988214,0.0061862086061361034,23.997540533295346,0.006772605064113496,7.525771493133349,28.978076168046503,111.48847731936162
499.4704999997524,118.46001974333672,0,0.0,2.5698843197244012,0.005874105227028464,1.766663835553318,0.008666570582154347,57.646263595971725,0.006153884204481092,23.669815170041467,0.006711510823187223,7.525771493133349,28.978076168046503,111.48847731936162
499.48049999975217,118.46001974333672,0,0.0,2.6945073220577407,0.005947775516483346,1.8901702190658827,0.008743083980192605,57.010332325446605,0.00612240575080311,23.353553677909154,0.006652573697691897,7.525771493133349,28.978076168046503,111.48847731936162
499.49049999975193,118.46001974333672,0,0.0,2.812548090209967,0.0060170946439419195,2.005103484302638,0.008813155662595462,56.38681521312484,0.006091750622509046,23.04728209619383,0.006595609927870565,7.525771493133349,28.978076168046503,111.48847731936162
499.5004999997517,118.46001974333672,0,0.0,2.924940974729518,0.006083185491423804,2.1119140936028478,0.008877497913343968,55.77858444456821,0.006061891902919796,22.750115523828878,0.006540458814079325,7.525771493133349,28.978076168046503,111.48847731936162
499.51049999975146,118.46001974333672,0,0.0,3.0327033063061797,0.006146785158567021,2.211476239913226,0.00893672629577629,55.18883146873626,0.006032796542506189,22.461823070694845,0.0064869799871804515,7.525771493133349,28.978076168046503,111.48847731936162
499.5204999997512,118.46001974333672,0,0.0,3.1369420932815992,0.006208376992581736,2.3048382002209187,0.008991381308595057,54.610224981586796,0.00600444485256008,22.18128545077083,0.006435051168903407,7.525771493133349,28.978076168046503,111.48847731936162
499.530499999751,118.46001974333672,0,0.0,3.237623584503329,0.0062682826232196565,2.392148337782158,0.00904193791295309,54.04554562780508,0.005976812971082533,21.907901360208335,0.00638456487560866,7.525771493133349,28.978076168046503,111.48847731936162
499.54049999975075,118.46001974333672,0,0.7203582013936618,3.498845726413418,0.006491262328053192,2.707177737908029,0.009333588457235937,53.49824149499759,0.005949863205988295,21.642183292735357,0.006335426723116616,7.525771493133349,28.978076168046503,111.48847731936162
499.5504999997505,118.46001974333672,0,1.6547237218107087,4.171696293825557,0.0070743164102697416,3.4483440529427516,0.010005014147577101,52.96001887521429,0.0059236063759783965,21.381441637857755,0.006287555438838392,7.525771493133349,28.978076168046503,111.48847731936162
499.5604999997503,118.46001974333672,0,2.619205874660251,4.939406270968082,0.007730921110194652,4.1007824142410785,0.010581089390072806,52.43398308371349,0.0058980231350923,21.125668793497262,0.006240891801728922,7.525771493133349,28.978076168046503,111.48847731936162
499.57049999975004,118.46001974333672,0,3.60487749271227,5.584256187478436,0.008273734841843062,4.513644246610279,0.010933987105314128,51.92360733259338,0.005873075025062639,20.87593322625023,0.006195408609782948,7.525771493133349,28.978076168046503,111.48847731936162
499.5804999997498,118.46001974333672,0,4.6021893239648275,6.026158940883668,0.008635883574377229,4.7211827491360925,0.01109828529233262,51.422211411531244,0.005848742406943009,20.632030175794235,0.006151099622145891,7.525771493133349,28.978076168046503,111.48847731936162
499.59049999974957,118.46001974333672,0,5.6012465261101765,6.269689040250578,0.008823910843919057,4.78079226558199,0.01112858363156397,50.93252208173902,0.005825002939127609,20.394132059321983,0.006107963461741222,7.525771493133349,28.978076168046503,111.48847731936162
499.60049999974933,118.46001974333672,1,6.592102205024545,6.344570317149396,0.00886537460418229,4.802539875753201,0.01112858363156397,50.457572229739604,0.005801827597383459,20.162900266223303,0.006065993670584001,7.525771493133349,28.978076168046503,111.48847731936162
499.6104999997491,118.46001974333672,1,7.565053531900713,6.366626069370072,0.00886537460418229,4.824518704401944,0.01112858363156397,49.99070081578901,0.005779202733944447,19.93775295697332,0.00602517187014352,7.525771493133349,28.978076168046503,111.48847731936162
499.62049999974886,118.46001974333672,1,8.510925795389946,6.389648511702785,0.00886537460418229,4.8474645750542305,0.01112858363156397,49.534808882767486,0.005757105708522048,19.718932974933576,0.005985464267112338,7.525771493133349,28.978076168046503,111.48847731936162
499.6304999997486,118.46001974333672,1,9.421330577342355,6.415221438848289,0.00886537460418229,4.873037502199734,0.01112858363156397,49.093504979734384,0.005735490735970873,19.507873628230907,0.005946820795355885,7.525771493133349,28.978076168046503,111.48847731936162
499.6404999997484,117.30205278592396,1,9.598485993824486,7.204007431545727,0.00886537460418229,5.4418992261314925,0.01112858363156397,48.66116144101084,0.005714326276454638,19.30490444805729,0.00590917327003995,7.525771493133349,28.978076168046503,111.48847731936162
499.65049999974815,117.30205278592396,1,9.598485993824486,11.336982039929854,0.00886537460418229,8.386601360316238,0.01112858363156397,48.238929699900964,0.005693611462555802,19.107903545168366,0.005872433496660274,7.525771493133349,28.978076168046503,111.48847731936162
499.6604999997479,117.30205278592396,1,9.598485993824486,18.907791128537085,0.00886537460418229,13.773311398079057,0.01112858363156397,47.82885056544252,0.0056733502469259465,18.91543321351436,0.005836501948906167,7.525771493133349,28.978076168046503,111.48847731936162
499.6704999997477,117.30205278592396,1,9.598485993824486,29.67925910506842,0.00886537460418229,21.24090906045548,0.011051940820224586,47.42453198714523,0.005653542992255049,19.18332260914897,0.005877057513112091,7.525771493133349,28.978076168046503,111.48847731936162
499.68049999974744,117.30205278592396,1,9.598485993824486,43.3116951839034,0.00886537460418229,27.606914745738987,0.01034262492268052,47.02829214363635,0.005634180569243646,23.08664722793957,0.0065203049575720436,7.525771493133349,28.978076168046503,111.48847731936162
499.6904999997472,117.30205278592396,1,9.598485993824486,56.12482741887345,0.008392602669140128,32.23528962305411,0.009458560387074436,51.463871214748096,0.005811835079268012,27.682149576298002,0.007279771711284243,7.525771493133349,28.978076168046503,111.48847731936162
499.70049999974697,117.30205278592396,1,9.598485993824486,63.380257010211515,0.007395021796650492,35.45381026518541,0.00864906588852146,58.22575021406333,0.006123559412138677,31.493317683464102,0.007912246089802342,7.525771493133349,28.978076168046503,111.48847731936162
499.71049999974673,117.30205278592396,1,9.598485993824486,68.04593428497265,0.006479617686232628,37.563958930234406,0.007969097762815585,63.69922795479747,0.006384612367906586,34.293709613046246,0.008377477337613222,7.525771493133349,28.978076168046503,111.48847731936162
499.7204999997465,117.30205278592396,1,9.598485993824486,71.26676575014034,0.005735040187049635,38.83163310246838,0.007417573807131311,67.77283839882884,0.006580523020163418,36.180250914678616,0.00869080540855851,7.525771493133349,28.978076168046503,111.48847731936162
499.73049999974626,117.30205278592396,1,9.598485993824486,73.45065283270623,0.005144595762357188,39.45204964012915,0.006977066092305784,70.67779887713658,0.00672108233846999,37.32738546249311,0.008881225602194958,7.525771493133349,28.978076168046503,111.48847731936162
499.740499999746,117.30205278592396,1,9.598485993824486,74.8474977893263,0.0046797145290121455,39.59548671043324,0.006627866258170709,72.66106309841719,0.006817627361198169,37.906162407108056,0.00897714979918208,7.525771493133349,28.978076168046503,111.48847731936162
499.7504999997458,117.30205278592396,1,9.598485993824486,75.6442463882564,0.004316101381894887,39.40191124131131,0.0063530048070946366,73.92127060476541,0.00687934965855057,38.057013476604254,0.009001794714667785,7.525771493133349,28.978076168046503,111.48847731936162
499.76049999974555,117.30205278592396,1,9.598485993824486,75.93339065064315,0.004034645269798431,38.94763080914126,0.00613840208895444,74.5955098440392,0.006913311815207764,37.89000166982353,0.008973560854128865,7.525771493133349,28.978076168046503,111.48847731936162
499.7704999997453,117.30205278592396,1,9.598485993824486,75.80879869968344,0.003821174517642596,38.30202262268283,0.005973227136518253,74.79808694607672,0.006924813638257031,37.487830823842984,0.00890618828814378,7.525771493133349,28.978076168046503,111.48847731936162
499.7804999997451,117.30205278592396,1,9.598485993824486,75.34189235155581,0.003666003947234706,37.520689687558,0.005849890519708174,74.6102313760082,0.006917523668407205,36.90831210252682,0.008809166269950703,7.525771493133349,28.978076168046503,111.48847731936162
499.79049999974484,117.30205278592396,1,9.598485993824486,74.5440373289775,0.0035628353900026156,36.61839396736106,0.0057630093158273525,74.0713250653724,0.0068938515197555965,36.190470359683516,0.008689088520125362,7.525771493133349,28.978076168046503,111.48847731936162
499.8004999997446,117.30205278592396,1,9.598485993824486,73.43268211738554,0.003508693714849322,35.61032040411549,0.005709467597610166,73.21119031261298,0.006855089934231632,35.35787971583366,0.008549866432996545,7.525771493133349,28.978076168046503,111.48847731936162
499.81049999974437,117.30205278592396,0,9.598485993824486,71.90179642851585,0.0034997735254850264,34.49656414393922,0.005688572722575134,72.09047733030087,0.00680343405430679,34.41896574610676,0.008392784997558411,7.525771493133349,28.978076168046503,111.48847731936162
499.82049999974413,117.30205278592396,0,9.598485993824486,68.87296788973478,0.0034997735254850264,32.99307170700998,0.005688319319685045,70.99993436631165,0.0067522388132642865,33.44641456291869,0.008230107228423485,7.525771493133349,28.978076168046503,111.48847731936162
499.8304999997439,117.30205278592396,0,9.598485993824486,63.99171226239065,0.0034997735254850264,30.584379981738714,0.005688319319685045,69.94557960164722,0.00670274352805232,32.55467481818913,0.008080857508363234,7.525771493133349,28.978076168046503,111.48847731936162
499.84049999974366,117.30205278592396,0,9.598485993824486,57.218234774543724,0.0034997735254850264,27.239869847512963,0.005688319319685045,68.92923699590051,0.006654826893116093,31.73560659852246,0.007943583115897226,7.525771493133349,28.978076168046503,111.48847731936162
499.8504999997434,117.30205278592396,0,9.598485993824486,48.58356323914296,0.0034997735254850264,22.974765417276295,0.005688319319685045,67.94086108318646,0.00660841026365764,30.979702399971064,0.007816814906978865,7.525771493133349,28.978076168046503,111.48847731936162
499.8604999997432,117.30205278592396,0,9.598485993824486,38.13793350420198,0.0034997735254850264,17.813815640360048,0.005688319319685045,66.98272897667913,0.006563421096088306,30.27927398369294,0.007699285805106412,7.525771493133349,28.978076168046503,111.48847731936162
499.87049999974295,117.30205278592396,0,9.598485993824486,25.95680131646932,0.0034997735254850264,11.794566761664637,0.005688319319685045,66.05760231602457,0.006519784546841417,29.628337044058675,0.007589902402099148,7.525771493133349,28.978076168046503,111.48847731936162
499.8804999997427,117.30205278592396,0,9.598485993824486,12.231467585703937,0.0034997735254850264,5.011525165434774,0.005688319319685045,65.15633540907406,0.006477449147463111,29.020590318758135,0.007487721261478631,7.525771493133349,28.978076168046503,111.48847731936162
499.8904999997425,117.30205278592396,0,0.0,0.8554469078661175,0.003799828240952646,-0.08017216639369851,0.0063754149958719,64.28130880619926,0.006436365894214408,28.450825486586968,0.007391926509575318,7.525771493133349,28.978076168046503,111.48847731936162
499.90049999974224,117.30205278592396,0,0.0,1.5445999049000099,0.004388920166854914,0.7742076904200488,0.00713403990924033,63.43618707513978,0.006396466853753988,27.91625665293517,0.007301812099042728,7.525771493133349,28.978076168046503,111.48847731936162
499.910499999742,117.30205278592396,0,0.0,2.0244751581248956,0.0047947957436532095,1.2190473538467557,0.007525150810779237,62.61269205077194,0.0063576955989324245,27.41331255271412,0.007216765384283624,7.525771493133349,28.978076168046503,111.48847731936162
499.92049999974176,117.30205278592396,0,0.0,2.3683980486966694,0.005082225335248433,1.4925784209879942,0.007762371549018318,61.8131107695153,0.006320016372545148,26.938225282790935,0.0071362482873962695,7.525771493133349,28.978076168046503,111.48847731936162
499.9304999997415,117.30205278592396,0,0.0,2.623954136991689,0.005292887024727827,1.6901854008905945,0.007931192776436245,61.04014444101421,0.006283386873272013,26.488259537378386,0.007059785186075751,7.525771493133349,28.978076168046503,111.48847731936162
499.9404999997413,117.30205278592396,0,0.0,2.8219805278009034,0.005453600311119996,1.8505426284178368,0.008066321952783864,60.28545998177415,0.006247780580857165,26.06002261985372,0.006986956422640177,7.525771493133349,28.978076168046503,111.48847731936162
499.95049999974106,117.30205278592396,0,0.0,2.9817457312424986,0.005581640729092436,1.9892325124433539,0.00818225264851912,59.55160113734474,0.00621316572092571,25.651058025312928,0.006917392003378868,7.525771493133349,28.978076168046503,111.48847731936162
499.9604999997408,117.30205278592396,0,0.0,3.116135957353187,0.005688144132993422,2.113462013816772,0.008285374756773302,58.84150575835743,0.0061795010120995995,25.259881444299253,0.006850767189273034,7.525771493133349,28.978076168046503,111.48847731936162
499.9704999997406,117.30205278592396,0,0.0,3.233738601505339,0.0057802886973917144,2.2268574238187333,0.008378776734347846,58.14739229300101,0.006146760607704363,24.884210297639175,0.0067867983703698564,7.525771493133349,28.978076168046503,111.48847731936162
499.98049999974035,117.30205278592396,0,0.0,3.3394266008988476,0.005862710407804079,2.330868159467199,0.008464165118922477,57.47188327832439,0.00611491440865661,24.52249416865638,0.0067252374950336775,7.525771493133349,28.978076168046503,111.48847731936162
499.9904999997401,117.30205278592396,0,0.0,3.4367902847124148,0.005938410093313663,2.4268803571396163,0.008542646407426536,56.817937601320274,0.0060839239341453025,24.173983936249826,0.0066658681519556895,7.525771493133349,28.978076168046503,111.48847731936162
500.0004999997399,117.30205278592396,0,0.0,3.528471825548584,0.006009330315292656,2.5160810742882393,0.008615037815184204,56.178141939691606,0.006053765930573298,23.837049790344462,0.006608502134736745,7.525771493133349,28.978076168046503,111.48847731936162
500.01049999973964,117.30205278592396,0,0.0,3.6154757013227323,0.006076734768287106,2.598777523381588,0.008681996799538945,55.55509136960087,0.006024413228860121,23.510675547192044,0.006552974924839404,7.512553245394763,29.936696041514388,109.85488028463898
500.0204999997394,117.30205278592396,0,0.0,3.698876080091365,0.006141451308924587,2.6757487672227986,0.008744087453438177,54.95170054715474,0.005995830761765309,23.194547548424275,0.00649914288512961,7.512553245394763,29.936696041514388,109.85488028463898
500.03049999973916,117.30205278592396,0,0.0,3.779729663123086,0.006204022058812361,2.7478578719893996,0.008801803729372084,54.36086585259206,0.00596799809492786,22.88744221744195,0.006446880935755643,7.512553245394763,29.936696041514388,109.85488028463898
500.0404999997389,117.30205278592396,0,0.0,3.8579890519614195,0.006264806897882172,2.8151603752147483,0.00885557984018013,53.78512978532879,0.0059408910086548705,22.58867122608696,0.006396079217867643,7.512553245394763,29.936696041514388,109.85488028463898
500.0504999997387,117.30205278592396,0,0.1775899657781093,3.9393009839254916,0.006333208879668224,2.886245018621417,0.008920414146388455,53.22748344793752,0.005914477227523176,22.298321758102496,0.006346641328814422,7.512553245394763,29.936696041514388,109.85488028463898
500.06049999973845,117.30205278592396,0,1.089952593717379,4.372382580259744,0.006730736279236159,3.4052701969666415,0.009420830158104177,52.68084392637668,0.00588873711538047,22.01523271649363,0.006298483015134417,7.512553245394763,29.936696041514388,109.85488028463898
500.0704999997382,117.30205278592396,0,2.0373855357064543,5.100198699131335,0.007375365112788249,4.109298897247063,0.01006902383033265,52.14726142915088,0.0058636718539291244,21.738003129892615,0.00625153392265208,7.512553245394763,29.936696041514388,109.85488028463898
500.080499999738,117.30205278592396,0,3.0114554693843347,5.818966019091967,0.008002653240145211,4.63322247828685,0.010542666302628111,51.62990743513934,0.005839246073294874,21.467388214959996,0.0062057514885445735,7.512553245394763,29.936696041514388,109.85488028463898
500.09049999973774,117.30205278592396,0,4.00295487831223,6.369649322288888,0.00847712590680402,4.9303699550876665,0.010806239173416091,51.122418015905104,0.005815438414333756,21.203184237284663,0.006161122681931983,7.512553245394763,29.936696041514388,109.85488028463898
500.1004999997375,117.30205278592396,0,5.002161825730361,6.712150028410765,0.00876760804160772,5.051551676000975,0.010908388378101722,50.62729043344595,0.005792226938488567,20.945481447320173,0.006117647438849709,7.512553245394763,29.936696041514388,109.85488028463898
500.11049999973727,117.30205278592396,0,5.999124948878174,6.866890115964319,0.008893179619205896,5.064128879378156,0.010914171033151168,50.14734294342288,0.005769582254941265,20.694923241709578,0.006075326041114123,7.512553245394763,29.936696041514388,109.85488028463898
500.12049999973704,117.30205278592396,1,6.983959797642021,6.8855902926353725,0.008902533828932703,5.069075903098041,0.010914171033151168,49.6762698703385,0.005747489039498181,20.45107933402083,0.006034150399752247,7.512553245394763,29.936696041514388,109.85488028463898
500.1304999997368,117.30205278592396,1,7.947141858574677,6.891215918037906,0.008902533828932703,5.074614676275508,0.010914171033151168,49.21639118860099,0.0057259296151132896,20.213737647543677,0.0059940978441686745,7.512553245394763,29.936696041514388,109.85488028463898
500.14049999973656,117.30205278592396,1,8.879781834444692,6.898894146034165,0.008902533828932703,5.082292904271767,0.010914171033151168,48.7709293030287,0.005704867412527618,19.9839441574936,0.00595512983731903,7.512553245394763,29.936696041514388,109.85488028463898
500.1504999997363,116.27906976744218,1,9.598485993824486,6.914663788641568,0.008902533828932703,5.096567706418825,0.010914171033151168,48.33418348247315,0.0056842777939069816,19.761606790768887,0.005917190781988109,7.512553245394763,29.936696041514388,109.85488028463898
500.1604999997361,116.27906976744218,1,9.598485993824486,8.895488256661634,0.008902533828932703,6.459431146405777,0.010914171033151168,47.90873845530588,0.005664129668142564,19.54684915626881,0.005880204989944808,7.512553245394763,29.936696041514388,109.85488028463898
500.17049999973585,116.27906976744218,1,9.598485993824486,14.393541334935955,0.008902533828932703,10.234723152154443,0.010914171033151168,47.496025437529745,0.005644425657923418,19.337880171382455,0.005844078449016474,7.512553245394763,29.936696041514388,109.85488028463898
500.1804999997356,116.27906976744218,1,9.598485993824486,23.238915600268236,0.008902533828932703,16.305794721088713,0.010914171033151168,47.08987698824245,0.005625167168355676,19.13312197413796,0.005808712548702235,7.512553245394763,29.936696041514388,109.85488028463898
500.1904999997354,116.27906976744218,1,9.598485993824486,35.156868284855875,0.008902533828932703,23.65178643649405,0.010668019698984612,46.692433460037,0.005606345505127329,20.386502681711615,0.006015118668728873,7.512553245394763,29.936696041514388,109.85488028463898
500.20049999973514,116.27906976744218,1,9.598485993824486,49.501478424355255,0.008836286172585922,29.209990162338688,0.009873841821031801,47.317019942744224,0.005624027006182671,24.687172034035683,0.006726733055648308,7.512553245394763,29.936696041514388,109.85488028463898
500.2104999997349,116.27906976744218,1,9.598485993824486,59.31683114719477,0.007984966834547443,33.16885274963381,0.00902988787747858,54.076400805705504,0.005918526546206966,28.930868842108698,0.00743129719699595,7.512553245394763,29.936696041514388,109.85488028463898
500.22049999973467,116.27906976744218,1,9.598485993824486,65.2255326345438,0.006992496432526512,35.87380732203599,0.008287767821472536,60.36562427924231,0.006215433900590895,32.27429982032571,0.007987823590182188,7.512553245394763,29.936696041514388,109.85488028463898
500.23049999973443,116.27906976744218,1,9.598485993824486,69.21148740397481,0.0061473419649150235,37.60772880626314,0.007673961927363575,65.22612424785638,0.00644901476295183,34.653970513889256,0.008384425289238039,7.512553245394763,29.936696041514388,109.85488028463898
500.2404999997342,116.27906976744218,1,9.598485993824486,71.95561713551353,0.00546951341414212,38.588241186836264,0.007178967858590394,68.77487418165356,0.006620921267768078,36.20619596306671,0.008643589408161434,7.512553245394763,29.936696041514388,109.85488028463898
500.25049999973396,116.27906976744218,1,9.598485993824486,73.78709293584068,0.004933439786778118,39.00661329164487,0.006784395070667704,71.26910990896826,0.006742491425571533,37.10351979449818,0.008793918750761066,7.512553245394763,29.936696041514388,109.85488028463898
500.2604999997337,116.27906976744218,1,9.598485993824486,74.9265857229423,0.004512138257591525,39.0206845535464,0.006472261573479468,72.93444298726186,0.006824145295247244,37.500272817999004,0.00886094252374325,7.512553245394763,29.936696041514388,109.85488028463898
500.2704999997335,116.27906976744218,1,9.598485993824486,75.49629003608656,0.004183340712588598,38.7264235946862,0.006226912625627729,73.93493906275718,0.006874180119096833,37.52238524785226,0.008865664805041574,7.512553245394763,29.936696041514388,109.85488028463898
500.28049999973325,116.27906976744218,1,9.598485993824486,75.60853589076665,0.003930065848062565,38.20660169739381,0.006035920389469037,74.4063890197806,0.0068989341080979635,37.26695283004821,0.008824195158370407,7.512553245394763,29.936696041514388,109.85488028463898
500.290499999733,116.27906976744218,1,9.598485993824486,75.35000729570827,0.0037402018431096375,37.5273439813642,0.005890214466391992,74.44799577745933,0.006902954825150997,36.803928092885386,0.008748061949001004,7.512553245394763,29.936696041514388,109.85488028463898
500.3004999997328,116.27906976744218,1,9.598485993824486,74.74822051155701,0.00360533714723239,36.71415148946568,0.005783087025255588,74.1155336423701,0.006889404833656456,36.18273944540853,0.008645566753070308,7.512553245394763,29.936696041514388,109.85488028463898
500.31049999973254,116.27906976744218,1,9.598485993824486,73.83443998769752,0.0035204528481781764,35.79084897081488,0.0057101304290379335,73.45372438128565,0.006860286450580696,35.43624012495613,0.008522149329013438,7.512553245394763,29.936696041514388,109.85488028463898
500.3204999997323,116.27906976744218,1,9.598485993824486,72.61219820004892,0.00348385027944056,34.7687635302861,0.00566928554052374,72.4822646713366,0.006816421190651625,34.58157837288367,0.008380569793685589,7.512553245394763,29.936696041514388,109.85488028463898
500.33049999973207,116.27906976744218,0,9.598485993824486,70.69988911841733,0.003482368325201776,33.61994669064225,0.00565964916372789,71.34634834978426,0.006763964745192292,33.62696138117047,0.008222295980774471,7.512553245394763,29.936696041514388,109.85488028463898
500.34049999973183,116.27906976744218,0,9.598485993824486,67.05832203180466,0.003482368325201776,31.839616391935515,0.00565964916372789,70.26785932758243,0.006713630228425846,32.700617802046445,0.008068670960156702,7.512553245394763,29.936696041514388,109.85488028463898
500.3504999997316,116.27906976744218,0,9.598485993824486,61.567447907905965,0.003482368325201776,29.154633985239247,0.00565964916372789,69.22891065261173,0.006664947822193073,31.85115563737157,0.007927693134024904,7.512553245394763,29.936696041514388,109.85488028463898
500.36049999973136,116.27906976744218,0,9.598485993824486,54.2217643740183,0.003482368325201776,25.56222435846009,0.00565964916372789,68.21956359119602,0.006617826050867597,31.06857337537048,0.007797795709092527,7.512553245394763,29.936696041514388,109.85488028463898
500.3704999997311,116.27906976744218,0,9.598485993824486,45.04615690001817,0.003482368325201776,21.074509847800325,0.00565964916372789,67.24183470038903,0.006572183182357917,30.344756451933804,0.007677628294296691,7.512553245394763,29.936696041514388,109.85488028463898
500.3804999997309,116.27906976744218,0,9.598485993824486,34.09358864383823,0.003482368325201776,15.717539733939068,0.00565964916372789,66.29807199331053,0.006527940813602152,29.673094943196286,0.007566026332619997,7.512553245394763,29.936696041514388,109.85488028463898
500.39049999973065,116.27906976744218,0,9.598485993824486,21.510508660984147,0.003482368325201776,9.562893929676864,0.00565964916372789,65.37937415572912,0.006485041090146818,29.047019993522685,0.007461985579682321,7.512553245394763,29.936696041514388,109.85488028463898
500.4004999997304,116.27906976744218,0,9.598485993824486,7.43889904080907,0.003482368325201776,2.749424991215677,0.005700803937928851,64.48814520416714,0.006443427211103039,28.461326756054536,0.007364638214541791,7.512553245394763,29.936696041514388,109.85488028463898
500.4104999997302,116.27906976744218,0,0.0,1.2868932870851628,0.004011635981941291,0.43415881252540167,0.006669025735954795,63.626849546104054,0.006403043766669954,27.911669322706253,0.007273233866624348,7.512553245394763,29.936696041514388,109.85488028463898
500.42049999972994,116.27906976744218,0,0.0,1.8953993432608356,0.004534987070942125,1.1023379695503372,0.0072657183142175496,62.788039515482645,0.006363829956024655,27.39485445004441,0.007187123480787959,7.512553245394763,29.936696041514388,109.85488028463898
500.4304999997297,116.27906976744218,0,0.0,2.320165522419308,0.004898084099318833,1.466592488174315,0.007590062930417444,61.97413961354304,0.0063257350130425565,26.9075534132094,0.007105741021591771,7.512553245394763,29.936696041514388,109.85488028463898
500.44049999972947,116.27906976744218,0,0.0,2.625841883224795,0.005157572770422519,1.7020887255875374,0.007798676055858331,61.18754331874813,0.00628871604317707,26.446730747295696,0.007028587662959816,7.512553245394763,29.936696041514388,109.85488028463898
500.45049999972923,116.27906976744218,0,0.0,2.854351893088826,0.005349868476258048,1.879101076988046,0.00795437225462698,60.4201823891955,0.006252743417208878,26.008935133672058,0.006955222483583336,7.512553245394763,29.936696041514388,109.85488028463898
500.460499999729,116.27906976744218,0,0.0,3.0321501446095427,0.005498403218791882,2.0258141637473086,0.008082807983733722,59.67446539036469,0.006217783095020786,25.591630503927533,0.0068852555900872905,7.512553245394763,29.936696041514388,109.85488028463898
500.47049999972876,116.27906976744218,0,0.0,3.1764862918073606,0.005618263522420505,2.15424147409673,0.008194843760712072,58.95300774870223,0.006183795583161444,25.192988911694936,0.0068183438255300195,7.512553245394763,29.936696041514388,109.85488028463898
500.4804999997285,116.27906976744218,0,0.0,3.2989198681273675,0.005719163180415361,2.2700846872378375,0.008295386229256777,58.24830616603309,0.006150752509814566,24.810704540539497,0.006754186828627673,7.512553245394763,29.936696041514388,109.85488028463898
500.4904999997283,116.27906976744218,0,0.0,3.4062999238099483,0.005807366748104183,2.37573209517178,0.008386903088336851,57.5628781440658,0.0061186216049315565,24.44320099579464,0.0066925216071297205,7.512553245394763,29.936696041514388,109.85488028463898
500.50049999972805,116.27906976744218,0,0.0,3.5032421360894173,0.005886921446677387,2.4727554110373644,0.008470836443670374,56.89938720139234,0.006087366190507068,24.089439924690858,0.006633118597064262,7.512553245394763,29.936696041514388,109.85488028463898
500.5104999997278,116.27906976744218,0,0.0,3.593219837965154,0.005960442678213587,2.562574648988416,0.00854816535367377,56.25070635810533,0.0060569605303592445,23.74781489578474,0.006575778115604923,7.512553245394763,29.936696041514388,109.85488028463898
500.5204999997276,116.27906976744218,0,0.0,3.677836879145058,0.006029627317053466,2.6456914701854,0.00861963623652075,55.619340838256036,0.0060273753519738925,23.417324237579148,0.00652032574565825,7.512553245394763,29.936696041514388,109.85488028463898
500.53049999972734,116.27906976744218,0,0.0,3.758311112803729,0.006095582407585138,2.72276572528917,0.0086858697529138,55.007923725812255,0.005998577484822058,23.09740139697096,0.006466609358379219,7.512553245394763,29.936696041514388,109.85488028463898
500.5404999997271,116.27906976744218,0,0.0,3.8359633883407116,0.006159030500228078,2.7947637496859117,0.00874740117494662,54.40963690395914,0.005970544126940166,22.78687550124607,0.006414496605788653,7.512553245394763,29.936696041514388,109.85488028463898
500.55049999972687,116.27906976744218,0,0.0,3.9109848145428705,0.006220448391795979,2.8618792104804207,0.008804697955448354,53.826944083568854,0.005943249013732723,22.485101713347632,0.006363871464941038,7.512553245394763,29.936696041514388,109.85488028463898
500.56049999972663,116.27906976744218,0,0.0,3.983663028572377,0.00628015593725393,2.924533592478195,0.008858179613571479,53.26243018775585,0.005916662302983514,22.191802914360636,0.006314632315610289,7.512553245394763,29.936696041514388,109.85488028463898
500.5704999997264,116.27906976744218,0,0.22225587285639342,4.065166057185861,0.006353473259223649,2.9992419722773054,0.008932061503264744,52.709721321482895,0.005890763027164279,21.906258528482066,0.006266690387869621,7.512553245394763,29.936696041514388,109.85488028463898
500.58049999972616,116.27906976744218,0,1.1365577183353555,4.5162528113815945,0.006769210904960235,3.538000358793027,0.009452131073719764,52.17084893346398,0.005865528153414195,21.62768934630983,0.006219967377793278,7.512553245394763,29.936696041514388,109.85488028463898
500.5904999997259,116.27906976744218,0,2.0855302090310226,5.244199981314666,0.007415782100013856,4.232938985483735,0.010093745838758952,51.64811007516516,0.005840949928712225,21.35534794226557,0.006174399004835361,7.512553245394763,29.936696041514388,109.85488028463898
500.6004999997257,116.27906976744218,0,3.0606956763952393,5.953030076530297,0.008035813007027605,4.741367821845216,0.010555223393469005,51.13552685998086,0.005817004840418615,21.08909016067831,0.006129949170131471,7.512553245394763,29.936696041514388,109.85488028463898
500.61049999972545,116.27906976744218,0,4.052814450880872,6.489706719029002,0.008500196512358902,5.024991356076715,0.010809206798644496,50.635628809818755,0.005793666722891251,20.82918441447287,0.006086609168187069,7.512553245394763,29.936696041514388,109.85488028463898
500.6204999997252,116.27906976744218,0,5.052146203171513,6.818001558011737,0.008780838537395384,5.135378211445316,0.010904498210784997,50.150945159821966,0.005770909037945128,20.57605189996109,0.006044382085321543,7.512553245394763,29.936696041514388,109.85488028463898
500.630499999725,116.27906976744218,0,6.048735845791186,6.960317350582252,0.00889770828808436,5.1430911848719,0.010908682953836199,49.67551442495412,0.005748713543588501,20.329510420144814,0.0060032709462965175,7.512553245394763,29.936696041514388,109.85488028463898
500.64049999972474,116.27906976744218,1,7.032710056406942,6.972254409855804,0.008904306581387918,5.144845552646432,0.010908682953836199,49.211647629188995,0.005727059487666386,20.089609753990263,0.005963269399890094,7.512553245394763,29.936696041514388,109.85488028463898
500.6504999997245,116.27906976744218,1,7.994569751094999,6.974699383551251,0.008904306581387918,5.147290526341879,0.010908682953836199,48.76174571843783,0.005705924417258057,19.8565025363523,0.005924356626724944,7.512553245394763,29.936696041514388,109.85488028463898
500.66049999972427,116.27906976744218,1,8.925464115764528,6.979974514699218,0.008904306581387918,5.1524824909744,0.010908682953836199,48.32049895588431,0.005685282425922156,19.630397662873126,0.0058864959682082075,7.512553245394763,29.936696041514388,109.85488028463898
500.67049999972403,115.49566891241619,1,9.598485993824486,7.006195758177482,0.008904306581387918,5.173010014398218,0.010908682953836199,47.89053845227574,0.00566510439168367,19.41163886442583,0.005849632570859739,7.512553245394763,29.936696041514388,109.85488028463898
500.6804999997238,115.49566891241619,1,9.598485993824486,9.14889332327984,0.008904306581387918,6.64443457131004,0.010908682953836199,47.47436918201878,0.00564535726965356,19.20049218002537,0.005813691407086649,7.512553245394763,29.936696041514388,109.85488028463898
500.69049999972356,115.49566891241619,1,9.598485993824486,14.78149928893335,0.008904306581387918,10.507131147075025,0.010908682953836199,47.065384607397334,0.005626051931983455,18.994594057658468,0.005778579570987304,7.512553245394763,29.936696041514388,109.85488028463898
500.7004999997233,115.49566891241619,1,9.598485993824486,23.731048558257996,0.008904306581387918,16.642379653054157,0.010908682953836199,46.665514883525226,0.0056071829960470726,18.792893051861714,0.005744199601493131,7.512553245394763,29.936696041514388,109.85488028463898
500.7104999997231,115.49566891241619,1,9.598485993824486,35.63698516705338,0.008904306581387918,23.73268437515869,0.010609750404092637,46.21229254510561,0.005590006423499969,20.266514587969287,0.006002509915118814,7.512553245394763,29.936696041514388,109.85488028463898
500.72049999972285,115.49566891241619,1,9.598485993824486,49.783313575906206,0.008806458025046359,29.06467596818299,0.009804700610789769,47.17992384605087,0.005623608988219185,24.55624290282992,0.006721510323962076,7.512553245394763,29.936696041514388,109.85488028463898
500.7304999997226,115.49566891241619,1,9.598485993824486,59.180527794751704,0.007928370713394157,32.86464277667588,0.00896880543778741,53.9344041686795,0.005923748795436642,28.67952483484482,0.0074151829161079085,7.512553245394763,29.936696041514388,109.85488028463898
500.7404999997224,115.49566891241619,1,9.598485993824486,64.90872698223484,0.006943693182226902,35.45100863106303,0.008237234978678813,60.09865963198938,0.006218092239277872,31.896263270087072,0.007959490438718466,7.512553245394763,29.936696041514388,109.85488028463898
500.75049999972214,115.49566891241619,1,9.598485993824486,68.76897887520218,0.006109441785444877,37.076373723667274,0.007632569359061661,64.83494466282653,0.006448880419770244,34.16386868633017,0.008346281749620727,7.512553245394763,29.936696041514388,109.85488028463898
500.7604999997219,115.49566891241619,1,9.598485993824486,71.42445841458432,0.0054405347600113745,37.96807088967114,0.007144797983910823,68.28645171871277,0.006618888578254595,35.62105400093422,0.008598309421033349,7.512553245394763,29.936696041514388,109.85488028463898
500.77049999972166,115.49566891241619,1,9.598485993824486,73.19806119480438,0.004911527370569554,38.31933774749727,0.006756100338099004,70.70561023173696,0.00673927775503327,36.435654842107326,0.008743381983873052,7.512553245394763,29.936696041514388,109.85488028463898
500.7804999997214,115.49566891241619,1,9.598485993824486,74.27018420964977,0.004495582030647163,38.26257156782632,0.006448402621613454,72.30138746115315,0.0068203351326597515,36.76066151374799,0.008806936545433073,7.512553245394763,29.936696041514388,109.85488028463898
500.7904999997212,115.49566891241619,1,9.598485993824486,74.78994443264826,0.004170816941011071,37.90793896359434,0.00620632257247997,73.24900821921437,0.006870271434712719,36.72058378895511,0.008809579777631343,7.512553245394763,29.936696041514388,109.85488028463898
500.80049999972096,115.49566891241619,1,9.598485993824486,74.8718422718963,0.003920817188079722,37.34226380983939,0.006017987160174376,73.68019397320356,0.00689522860691727,36.408518935759815,0.00876677072031351,7.512553245394763,29.936696041514388,109.85488028463898
500.8104999997207,115.49566891241619,1,9.598485993824486,74.56990805710448,0.003733531593041566,36.610191530329715,0.00587423375666688,73.6790278583456,0.0068996843565052365,35.893756783630835,0.008690055244246599,7.512553245394763,29.936696041514388,109.85488028463898
500.8204999997205,115.49566891241619,1,9.598485993824486,73.93688947607717,0.003600716156864153,35.75055690898779,0.0057684631594405135,73.31423419048274,0.006886777974500313,35.225808000741985,0.008587582168148597,7.512553245394763,29.936696041514388,109.85488028463898
500.83049999972025,115.49566891241619,1,9.598485993824486,73.00156620335575,0.003517593219580136,34.78946491905365,0.0056965544633517376,72.62816031034698,0.006858420980690361,34.43540493846686,0.008464469257918814,7.512553245394763,29.936696041514388,109.85488028463898
500.84049999972,115.49566891241619,1,9.598485993824486,71.7514349497596,0.0034824809859992424,33.726027636757046,0.0056563475263482045,71.62800326749237,0.006815425356424029,33.53946085470689,0.008323549314769781,7.512553245394763,29.936696041514388,109.85488028463898
500.8504999997198,115.49566891241619,0,9.598485993824486,69.79375576304534,0.003481317571121322,32.540120579326725,0.005646942957066705,70.47947489915943,0.006764290329053747,32.547034682535575,0.008166268757488984,7.512553245394763,29.936696041514388,109.85488028463898
500.86049999971954,115.49566891241619,0,9.598485993824486,66.10485784058348,0.003481317571121322,30.72764479170053,0.005646942957066705,69.39272293403795,0.0067153164047681095,31.584718387037235,0.008013776254726343,7.512553245394763,29.936696041514388,109.85488028463898
500.8704999997193,115.49566891241619,0,9.598485993824486,60.58335565741928,0.003481317571121322,28.0255960795367,0.005646942957066705,68.33863148975992,0.006668001841551223,30.699122925764126,0.007873845807782458,7.512553245394763,29.936696041514388,109.85488028463898
500.88049999971906,115.49566891241619,0,9.598485993824486,53.21590729518358,0.003481317571121322,24.42764738120721,0.005646942957066705,67.31899664869073,0.006622241887609395,29.881276293483033,0.0077449206057418184,7.512553245394763,29.936696041514388,109.85488028463898
500.8904999997188,115.49566891241619,0,9.598485993824486,44.0188990247498,0.003481317571121322,19.941502794843217,0.005646942957066705,66.33529302115576,0.006577958369363834,29.12272087439388,0.007625659274451576,7.512553245394763,29.936696041514388,109.85488028463898
500.9004999997186,115.49566891241619,0,9.598485993824486,33.08153641185022,0.003481317571121322,14.610604205840668,0.005646942957066705,65.378878888437,0.006535077810298286,28.416357765449153,0.007514906014857653,7.512553245394763,29.936696041514388,109.85488028463898
500.91049999971835,115.49566891241619,0,9.598485993824486,20.50974600799777,0.003481317571121322,8.486556965008816,0.005646942957066705,64.45216271783008,0.0064935287919539696,27.756618006647056,0.007411663055273866,7.512553245394763,29.936696041514388,109.85488028463898
500.9204999997181,115.49566891241619,0,9.598485993824486,6.43627622696016,0.003481317571121322,1.7393285079176595,0.0057035212383840924,63.55697110749879,0.006453259969118314,27.13784429221541,0.00731506853873091,7.512553245394763,29.936696041514388,109.85488028463898
500.9304999997179,115.49566891241619,0,0.0,0.23253900209846012,0.0040057610737289145,-0.561673551945554,0.006720588915807572,62.68516165292797,0.0064142216163188175,26.55517011160591,0.007224378028327113,7.512553245394763,29.936696041514388,109.85488028463898
500.94049999971764,115.49566891241619,0,0.0,0.8033026422401943,0.004526248790980902,0.10272087221938175,0.007344948471432593,61.84065552937391,0.00637633011381247,26.007023335957722,0.007138946597891212,7.512553245394763,29.936696041514388,109.85488028463898
500.9504999997174,115.49566891241619,0,0.0,1.1917439342913094,0.004887064750778344,0.45254737175002857,0.007686976038051527,61.025252256949194,0.006339538775657226,25.489589595131115,0.007058212148880435,7.512553245394763,29.936696041514388,109.85488028463898
500.9604999997172,115.49566891241619,0,0.0,1.4629708750768993,0.005144711170285256,0.6703209605439309,0.007909193580062437,60.2310672540687,0.00630381011945553,24.999273773195284,0.0069816799222285324,7.512553245394763,29.936696041514388,109.85488028463898
500.97049999971694,115.49566891241619,0,0.0,1.6585050722572436,0.005335501586049336,0.8287465511775398,0.008076681712761338,59.46045179582093,0.00626910320104427,24.533427234136486,0.00690891159442319,7.512553245394763,29.936696041514388,109.85488028463898
500.9804999997167,115.49566891241619,0,0.0,1.8039794013948907,0.005482785241694913,0.9562759464877448,0.008215978412701554,58.715106751737096,0.0062353948247164245,24.088765806824416,0.0068395198728387705,7.512553245394763,29.936696041514388,109.85488028463898
500.99049999971646,115.49566891241619,0,0.0,1.9173609017542685,0.005601576327864734,1.0659776490068151,0.008338290791530839,57.98785305645882,0.006202648997020526,23.66306913311027,0.006773164429849224,7.512553245394763,29.936696041514388,109.85488028463898
501.0004999997162,115.49566891241619,0,0.0,2.0098769986069955,0.005701541228465295,1.1635622505309975,0.008448668955066971,57.28133886443408,0.006170824254286442,23.254953778110643,0.0067095465026839295,7.512553245394763,29.936696041514388,109.85488028463898
501.010499999716,115.49566891241619,0,0.0,2.0876220445364133,0.005788910683092122,1.2507665640652226,0.008549653270919689,56.597413620039944,0.006139899330236269,22.862112868477865,0.006648404828526591,7.501148420745576,30.789059686686837,108.48555031665249
501.02049999971575,115.49566891241619,0,0.0,2.1561090448067275,0.005867702015489863,1.3300046268614945,0.008642723796325124,55.929363025274654,0.006109839275875139,22.483234562731816,0.006589511852841089,7.501148420745576,30.789059686686837,108.48555031665249
501.0304999997155,115.49566891241619,0,0.0,2.218522889637558,0.005940512670493966,1.4025859494228459,0.008728881590621084,55.2799036571675,0.0060806044371851525,22.117679331261808,0.006532668830095028,7.501148420745576,30.789059686686837,108.48555031665249
501.0404999997153,115.49566891241619,0,0.0,2.2756871836647097,0.006009028307693477,1.4682568232026254,0.008808896565540174,54.6508604034979,0.00605217766927409,21.763662533133314,0.006477702485030394,7.501148420745576,30.789059686686837,108.48555031665249
501.05049999971504,115.49566891241619,0,0.0,2.329822913775256,0.006074343712062674,1.5285896761176914,0.008883407148745049,54.03585712115246,0.006024526401444105,21.42041910961394,0.006424462136827531,7.501148420745576,30.789059686686837,108.48555031665249
501.0604999997148,115.49566891241619,0,0.0,2.3819788285234478,0.006137175273235193,1.5844319266469218,0.008952959824832227,53.437608496522486,0.005997613544976792,21.08776108750989,0.006372815930778923,7.501148420745576,30.789059686686837,108.48555031665249
501.07049999971457,115.49566891241619,0,0.0,2.4315080383792855,0.006197997102242054,1.6351481446221632,0.009018038855872127,52.85787147603487,0.005971426333795096,20.764190659864997,0.006322648588161272,7.501148420745576,30.789059686686837,108.48555031665249
501.08049999971433,115.49566891241619,0,0.0,2.4797784264250704,0.006257123287894773,1.6821399929051633,0.009079077635294416,52.29056488539072,0.005945934609103039,20.44929388549408,0.0062738595531231425,7.501148420745576,30.789059686686837,108.48555031665249
501.0904999997141,115.49566891241619,0,0.0,2.527278671610083,0.006314766174429112,1.726100320985533,0.009136459566242983,51.73838501004272,0.005921103721279793,20.143172518802675,0.006226360256224335,7.501148420745576,30.789059686686837,108.48555031665249
501.10049999971386,115.49566891241619,0,0.9044208555242937,2.8282343165047124,0.006619496765002397,2.1224454314922543,0.009552489782877094,51.20330967483916,0.0058969171806117875,19.844949089727006,0.006180072772923586,7.501148420745576,30.789059686686837,108.48555031665249
501.1104999997136,115.49566891241619,0,1.8454854387771407,3.4932553066049,0.007232977513184057,2.8409925096959627,0.010240449792713574,50.677955017568635,0.0058733863387466995,19.552061551830263,0.0061349312462863435,7.501148420745576,30.789059686686837,108.48555031665249
501.1204999997134,115.49566891241619,0,2.814943338155539,4.2008537183178705,0.007872786092045194,3.4141708887852156,0.010782374610118139,50.16572876911533,0.00585047242461865,19.265744320335966,0.006090893438824905,7.501148420745576,30.789059686686837,108.48555031665249
501.13049999971315,115.49566891241619,0,3.803722128912657,4.762005618988521,0.008379045152105111,3.7449832464557806,0.011100234259997564,49.66863658722487,0.005828159928210365,18.985608125485296,0.00604794671504939,7.501148420745576,30.789059686686837,108.48555031665249
501.1404999997129,115.49566891241619,0,4.802180574347627,5.117861050056759,0.008702872796970958,3.880536564438673,0.011238526761317933,49.18127686625006,0.005806417393158916,18.712212117116408,0.006006094185771894,7.501148420745576,30.789059686686837,108.48555031665249
501.1504999997127,115.49566891241619,0,5.800389643742231,5.281542826501589,0.008857109958085155,3.8826276117631555,0.011255691208876676,48.70644562232087,0.005785209959240903,18.446506957621516,0.005965340494988959,7.501148420745576,30.789059686686837,108.48555031665249
501.16049999971244,115.49566891241619,1,6.788427744205053,5.290343453150433,0.008878428502868714,3.8626538589868433,0.011255691208876676,48.24571575358421,0.005764532839743628,18.187594585601246,0.005925683318125555,7.501148420745576,30.789059686686837,108.48555031665249
501.1704999997122,115.49566891241619,1,7.756675584009768,5.272065853731516,0.008878428502868714,3.844314772181498,0.011255691208876676,47.7936652722876,0.0057443615463535075,17.935589323825017,0.005887107198218406,7.501148420745576,30.789059686686837,108.48555031665249
501.18049999971197,115.49566891241619,1,8.696096110490291,5.257795664393731,0.008878428502868714,3.8299835150700683,0.011255691208876676,47.353894783493566,0.005724647700318973,17.69237350160396,0.005849580404142286,7.501148420745576,30.789059686686837,108.48555031665249
501.19049999971173,115.49566891241619,1,9.598485993824486,5.24746169595423,0.008878428502868714,3.8196495466305667,0.011255691208876676,46.928516637994704,0.00570536832522542,17.457789627168538,0.005813053724801384,7.501148420745576,30.789059686686837,108.48555031665249
501.2004999997115,114.83253588516794,1,9.598485993824486,6.517863552365844,0.008878428502868714,4.735517432001899,0.011255691208876676,46.5135610751399,0.005686468482033535,17.23355402995223,0.005777458460324689,7.501148420745576,30.789059686686837,108.48555031665249
501.21049999971126,114.83253588516794,1,9.598485993824486,11.237121019716303,0.008878428502868714,8.141623470111899,0.011255691208876676,46.109257152128734,0.00566795488088063,17.016858027948413,0.0057427058265018815,7.501148420745576,30.789059686686837,108.48555031665249
501.220499999711,114.83253588516794,1,9.598485993824486,19.299712583318218,0.008878428502868714,13.960981371235164,0.011255691208876676,45.71613728134513,0.005649861619204926,16.804482145234317,0.005708698430090824,7.501148420745576,30.789059686686837,108.48555031665249
501.2304999997108,114.83253588516794,1,9.598485993824486,30.45665529854324,0.008878428502868714,21.265899618233547,0.011016068179442432,45.32901935748208,0.0056321783142134225,18.011806529414674,0.005910130774914955,7.501148420745576,30.789059686686837,108.48555031665249
501.24049999971055,114.83253588516794,1,9.598485993824486,44.36291754087213,0.008878428502868714,27.06028043887082,0.010207439640865932,44.95036844484856,0.0056148836603472415,22.39145636165358,0.006637576831327099,7.501148420745576,30.789059686686837,108.48555031665249
501.2504999997103,114.83253588516794,1,9.598485993824486,55.74999362960229,0.008221901390888827,31.307044507255625,0.009325423635870534,50.77218851136776,0.005858167234697309,26.838425945324367,0.007379406910361955,7.501148420745576,30.789059686686837,108.48555031665249
501.2604999997101,114.83253588516794,1,9.598485993824486,62.28390674053048,0.007225452742116136,34.23865452101433,0.008538065426173552,57.2730187903607,0.0061646656928596956,30.397039256904584,0.007977356203172248,7.501148420745576,30.789059686686837,108.48555031665249
501.27049999970984,114.83253588516794,1,9.598485993824486,66.5937794162213,0.006344834309831104,36.12786976556925,0.007881142046147675,62.42273088565142,0.0064140217292772495,32.96320501242306,0.008410493424316741,7.501148420745576,30.789059686686837,108.48555031665249
501.2804999997096,114.83253588516794,1,9.598485993824486,69.57935481793058,0.005632312659204454,37.218887248891356,0.007349055726382185,66.23295526514164,0.006600195316408004,34.65567102965403,0.008698086185379417,7.501148420745576,30.789059686686837,108.48555031665249
501.29049999970937,114.83253588516794,1,9.598485993824486,71.5982615743046,0.005067061572302572,37.70433228557894,0.0069239612735821675,68.93905111515006,0.006733595057564852,35.648123843388824,0.008868901840690896,7.501148420745576,30.789059686686837,108.48555031665249
501.30049999970913,114.83253588516794,1,9.598485993824486,72.8761130727124,0.004621592134716919,37.74428099000076,0.006586766982020967,70.78096727792308,0.0068250032766586505,36.11260640294826,0.008950181342665236,7.501148420745576,30.789059686686837,108.48555031665249
501.3104999997089,114.83253588516794,1,9.598485993824486,73.67134907608397,0.004271999790588568,37.576024139336866,0.006321069117484608,72.01327704501074,0.006881828447439021,36.27686921990038,0.008964142539987612,7.501148420745576,30.789059686686837,108.48555031665249
501.32049999970866,114.83253588516794,1,9.598485993824486,73.96428409769729,0.004000899242170823,37.15605884519074,0.00611350872187348,72.67682676468533,0.006911994097888391,36.134334584838356,0.008928144953160693,7.501148420745576,30.789059686686837,108.48555031665249
501.3304999997084,114.83253588516794,1,9.598485993824486,73.85513979927624,0.003795557436412862,36.55164806757921,0.00595384836579524,72.88247718555118,0.0069204726395172495,35.76453932878435,0.00885509671720833,7.501148420745576,30.789059686686837,108.48555031665249
501.3404999997082,114.83253588516794,1,9.598485993824486,73.40530690439078,0.0036468241087087303,35.81185481853206,0.005834816148820303,72.70660068394596,0.006910736805901257,35.222858867489556,0.008753996709261492,7.501148420745576,30.789059686686837,108.48555031665249
501.35049999970795,114.83253588516794,1,9.598485993824486,72.63269339699345,0.0035489032521188093,34.954838040666075,0.005751379415071553,72.18763720366114,0.006885043577927977,34.546309410540296,0.008630967450839097,7.501148420745576,30.789059686686837,108.48555031665249
501.3604999997077,114.83253588516794,1,9.598485993824486,71.54921208479543,0.0034992116622351004,33.992908207793114,0.005700685451609114,71.35197845123173,0.006844540307593105,33.75686204494606,0.008489570214864895,7.501148420745576,30.789059686686837,108.48555031665249
501.3704999997075,114.83253588516794,0,9.598485993824486,70.00767035038047,0.0034925368957784107,32.92453569945721,0.005682209512431312,70.27581520314996,0.006792063493816867,32.861580928487456,0.008330863848996796,7.501148420745576,30.789059686686837,108.48555031665249
501.38049999970724,114.83253588516794,0,9.598485993824486,66.92345542587674,0.0034925368957784107,31.427534935052986,0.005682152472891427,69.2360724561721,0.006740595250721091,31.943281837129256,0.008168793718260013,7.501148420745576,30.789059686686837,108.48555031665249
501.390499999707,114.83253588516794,0,9.598485993824486,62.01475910999612,0.0034925368957784107,29.0319650029856,0.005682152472891427,68.22942018859676,0.0066908182274509785,31.103770541757015,0.00802026230289621,7.501148420745576,30.789059686686837,108.48555031665249
501.40049999970677,114.83253588516794,0,9.598485993824486,55.25200113742707,0.0034925368957784107,25.7191476443951,0.005682152472891427,67.25745080375246,0.0066426199110848055,30.33382874018317,0.007883632697905851,7.501148420745576,30.789059686686837,108.48555031665249
501.41049999970653,114.83253588516794,0,9.598485993824486,46.65709745957579,0.0034925368957784107,21.499935881184744,0.005682152472891427,66.31148008256882,0.006595920230957968,29.624360783665168,0.007757446710699929,7.501148420745576,30.789059686686837,108.48555031665249
501.4204999997063,114.83253588516794,0,9.598485993824486,36.28613031584632,0.0034925368957784107,16.402044533079106,0.005682152472891427,65.39343317541454,0.006550646024700404,28.9679212605625,0.007640446991622859,7.501148420745576,30.789059686686837,108.48555031665249
501.43049999970606,114.83253588516794,0,9.598485993824486,24.2282294486354,0.0034925368957784107,10.469762957616368,0.005682152472891427,64.50567402409013,0.006506725335447792,28.358610444685265,0.0075315487142914965,7.501148420745576,30.789059686686837,108.48555031665249
501.4404999997058,114.83253588516794,0,9.598485993824486,10.647696580632843,0.0034925368957784107,3.784249646293129,0.005682152472891427,63.64029573684008,0.006464105924114847,27.790416226688972,0.007429815851808016,7.501148420745576,30.789059686686837,108.48555031665249
501.4504999997056,114.83253588516794,0,0.0,0.06795377771698075,0.0038216896648663175,-0.7718524796952893,0.006493601010756486,62.7991569300718,0.006422740974191712,27.25811129765713,0.007334439053604199,7.501148420745576,30.789059686686837,108.48555031665249
501.46049999970535,114.83253588516794,0,0.0,0.7817877188663784,0.0044001902354242305,0.14062730211472996,0.007270508551897935,61.986099231454126,0.0063825550158263375,26.75973633368097,0.0072447179456155315,7.501148420745576,30.789059686686837,108.48555031665249
501.4704999997051,114.83253588516794,0,0.0,1.2877580480796578,0.004798318809441189,0.6309187494386683,0.007671186215186918,61.19397701177316,0.006343485621801907,26.292049168910044,0.007160044510552882,7.501148420745576,30.789059686686837,108.48555031665249
501.4804999997049,114.83253588516794,0,0.0,1.6584040602832513,0.005080081171138724,0.9439636721310674,0.007914401081477203,60.42439316957544,0.006305502432002644,25.850997827252215,0.007079884431056942,7.501148420745576,30.789059686686837,108.48555031665249
501.49049999970464,114.83253588516794,0,0.0,1.9407520307189738,0.005286576217404684,1.1774587037784903,0.00808739942783032,59.679514598045486,0.006268568175766434,25.433687981273085,0.007003765224132095,7.501148420745576,30.789059686686837,108.48555031665249
501.5004999997044,114.83253588516794,0,0.0,2.1651311208752206,0.005444196374205159,1.3708401505727625,0.008225520049236918,58.95198357699832,0.006232659275163216,25.036704792568838,0.006931269859951298,7.501148420745576,30.789059686686837,108.48555031665249
501.51049999970417,114.83253588516794,0,0.0,2.3505331596998285,0.005569905789971603,1.540037440644999,0.008343521671215881,58.243845460168416,0.006197746184137337,24.657534804449597,0.006862030705438558,7.501148420745576,30.789059686686837,108.48555031665249
501.52049999970393,114.83253588516794,0,0.0,2.5098080435255756,0.005674616162947555,1.6925977598593605,0.008447940393352288,57.557693367237086,0.006163788070463871,24.294803059287066,0.006795725116269658,7.501148420745576,30.789059686686837,108.48555031665249
501.5304999997037,114.83253588516794,0,0.0,2.6513462788263,0.005765346939881459,1.8322562341672324,0.008541970616999999,56.88675975382785,0.006130759848212637,23.946312445958522,0.006732071246440969,7.501148420745576,30.789059686686837,108.48555031665249
501.54049999970346,114.83253588516794,0,0.0,2.779963054446228,0.005846621931943721,1.9605991904628923,0.008627408177341705,56.233209369013835,0.006098632424376568,23.61050418801514,0.006670822628511399,7.501148420745576,30.789059686686837,108.48555031665249
501.5504999997032,114.83253588516794,0,0.0,2.899411429160028,0.005921362942001889,2.0793253761499715,0.008705438061940593,55.59970697355487,0.00606736613555479,23.28680802442578,0.006611764227480325,7.501148420745576,30.789059686686837,108.48555031665249
501.560499999703,114.83253588516794,0,0.0,3.0122093105032484,0.005991457793773809,2.1896612349389226,0.008776947529017797,54.97980913027067,0.006036938352971654,22.973659827280844,0.006554708941149375,7.501148420745576,30.789059686686837,108.48555031665249
501.57049999970275,114.83253588516794,0,0.0,3.119350391377732,0.00605813201546408,2.2919963632752616,0.008842656885783843,54.3756452281399,0.006007322960351029,22.67000971015899,0.006499493224782653,7.501148420745576,30.789059686686837,108.48555031665249
501.5804999997025,114.83253588516794,0,0.0,3.2221453980113455,0.006122186612425628,2.387420154259559,0.00890318560925267,53.78985555249006,0.005978482973474084,22.375743931876517,0.006445974258115449,7.501148420745576,30.789059686686837,108.48555031665249
501.5904999997023,114.83253588516794,0,0.0,3.321525663640657,0.006184145384017656,2.476774946130878,0.008959076423279207,53.216254846525004,0.005950398823934217,22.089668511859312,0.00639402756393225,7.501148420745576,30.789059686686837,108.48555031665249
501.60049999970204,114.83253588516794,0,0.0,3.4174343331338437,0.006244355415904157,2.560153475259034,0.009010806985409767,52.656911687118736,0.0059230475217881065,21.811034744525767,0.006343543805630476,7.501148420745576,30.789059686686837,108.48555031665249
501.6104999997018,114.83253588516794,0,0.0,3.5105177365518974,0.006303051331765742,2.638432008245195,0.009058806674649998,52.114423983420934,0.005896394794480471,21.540008114044376,0.006294426994771951,7.501148420745576,30.789059686686837,108.48555031665249
501.62049999970156,114.83253588516794,0,0.49243914718999693,3.674811224399124,0.006438821804448944,2.8211170220920447,0.009224784409049353,51.58314948069253,0.005870418387577654,21.276037136915715,0.006246593035259243,7.501148420745576,30.789059686686837,108.48555031665249
501.6304999997013,114.83253588516794,0,1.417977531450836,4.264559168480815,0.006953930661562019,3.5041980318485426,0.009850367089983273,51.06416067768947,0.005845115401547849,21.01729504031634,0.006199967952169812,7.501148420745576,30.789059686686837,108.48555031665249
501.6404999997011,114.83253588516794,0,2.375737455040707,5.027667226078563,0.007609746446678069,4.197057463391975,0.010467359864963065,50.56008741606777,0.005820464650201194,20.76398901242741,0.006154495100827771,7.501148420745576,30.789059686686837,108.48555031665249
501.65049999970086,114.83253588516794,0,3.356987185032905,5.710812192692179,0.00818812227893896,4.664655578799204,0.010872937894155046,50.065634977259194,0.005796443100508683,20.51610319124142,0.006110148468861676,7.501148420745576,30.789059686686837,108.48555031665249
501.6604999997006,114.83253588516794,0,4.352308040089275,6.201264514799508,0.00859540736145004,4.913037489674504,0.011078387731771971,49.58291573269232,0.005773027288212891,20.273774107089995,0.0060669250650137105,7.501148420745576,30.789059686686837,108.48555031665249
501.6704999997004,114.83253588516794,0,5.35186448043505,6.486903886673122,0.008823489176232449,4.997660421040586,0.011134688501994686,49.11452300289934,0.00575018470435236,20.03790824598572,0.006024829173488261,7.501148420745576,30.789059686686837,108.48555031665249
501.68049999970015,114.83253588516794,0,6.345694712155474,6.594386960482692,0.008895608864970218,5.015039101422685,0.011134688501994686,48.65500901677413,0.005727900127398688,19.808173718592396,0.005983862057741391,7.501148420745576,30.789059686686837,108.48555031665249
501.6904999996999,114.83253588516794,1,7.324007543012437,6.611667618630332,0.008895608864970218,5.032003956336693,0.011134688501994686,48.20624492158945,0.005706156196560462,19.58438322842865,0.005944013391513734,7.501148420745576,30.789059686686837,108.48555031665249
501.7004999996997,114.83253588516794,1,8.277470795047122,6.629400713197494,0.008895608864970218,5.049737050903856,0.011134688501994686,47.77076500073403,0.005684923596025709,19.367216099305047,0.005905257473491915,7.501148420745576,30.789059686686837,108.48555031665249
501.71049999969944,114.83253588516794,1,9.19747716230754,6.650068014877581,0.008895608864970218,5.0703411663454485,0.011134688501994686,47.344008896890664,0.005664172749690343,19.15709579643714,0.005867552175617867,7.501148420745576,30.789059686686837,108.48555031665249
501.7204999996992,114.39466158246,1,9.598485993824486,6.956022346282934,0.008895608864970218,5.293963224252259,0.011134688501994686,46.92843908369683,0.005643871652746091,18.954506622942315,0.0058308363255606625,7.501148420745576,30.789059686686837,108.48555031665249
501.73049999969896,114.39466158246,1,9.598485993824486,10.13879230347663,0.008895608864970218,7.55574586075914,0.011134688501994686,46.52581897017936,0.005623992817301086,18.759128804006856,0.005795028116695794,7.501148420745576,30.789059686686837,108.48555031665249
501.7404999996987,114.39466158246,1,9.598485993824486,16.7351589680881,0.008895608864970218,12.235299201601913,0.011134688501994686,46.1299781269592,0.005604557866543347,18.568183413802473,0.0057600307467984835,7.501148420745576,30.789059686686837,108.48555031665249
501.7504999996985,114.39466158246,1,9.598485993824486,26.544806093692948,0.008895608864970218,19.17958134358466,0.011124126978385395,45.74240148063629,0.005585565389155453,18.4437419184334,0.005736253119384659,7.501148420745576,30.789059686686837,108.48555031665249
501.76049999969825,114.39466158246,1,9.598485993824486,39.267053101915536,0.008895608864970218,25.84841997214285,0.010546360606587455,45.36533533070357,0.005566996104350404,21.621457098578446,0.006260178846652474,7.501148420745576,30.789059686686837,108.48555031665249
501.770499999698,114.39466158246,1,9.598485993824486,52.577905286884764,0.008579311128962836,30.78996091438046,0.009679250518579513,48.466372108458614,0.005687477394326393,26.20344832080223,0.007017953016119253,7.501148420745576,30.789059686686837,108.48555031665249
501.7804999996978,114.39466158246,1,9.598485993824486,60.507234995667694,0.007607514877633352,34.30711969555094,0.008849803010782094,55.274683345707366,0.0059992781890784806,30.21003041289731,0.007683387256338657,7.501148420745576,30.789059686686837,108.48555031665249
501.79049999969754,114.39466158246,1,9.598485993824486,65.563934916773,0.006661140585765075,36.678112528745004,0.00814003971791623,61.01947195262769,0.0062740050798647876,33.243870843786276,0.008187945064586496,7.501148420745576,30.789059686686837,108.48555031665249
501.8004999996973,114.39466158246,1,9.598485993824486,69.03444213640117,0.005879029908738893,38.14555198710024,0.007558289167573044,65.35511272744318,0.006483912960693741,35.34585008343226,0.008537694956933241,7.501148420745576,30.789059686686837,108.48555031665249
501.8104999996971,114.39466158246,1,9.598485993824486,71.41910731844185,0.005255018968698019,38.926199924205974,0.007090640676386522,68.4875024230631,0.00663641953144857,36.6734020091333,0.008758686919170837,7.501148420745576,30.789059686686837,108.48555031665249
501.82049999969684,114.39466158246,1,9.598485993824486,72.98838507104634,0.004761922755741403,39.20076475457994,0.006718463207049579,70.6621172316901,0.006742702900791146,37.39558120514222,0.008878874256885777,7.501148420745576,30.789059686686837,108.48555031665249
501.8304999996966,114.39466158246,1,9.598485993824486,73.91025380686787,0.004374429020833367,39.096867415356,0.006424104030944615,72.07354991301528,0.006812410235328372,37.658794479086296,0.008922696390914938,7.501148420745576,30.789059686686837,108.48555031665249
501.84049999969636,114.39466158246,1,9.598485993824486,74.31761477298056,0.004072406673880458,38.71572875799638,0.006192883822060331,72.88133331372096,0.006853090377874254,37.579916254879215,0.008909595526221906,7.501148420745576,30.789059686686837,108.48555031665249
501.8504999996961,114.39466158246,1,9.598485993824486,74.30993693540432,0.003840796223823273,38.135856471957176,0.006013514847434049,73.2058224922059,0.006870365730911214,37.24707537115612,0.008854094269219091,7.501148420745576,30.789059686686837,108.48555031665249
501.8604999996959,114.39466158246,1,9.598485993824486,73.94034980037837,0.00366874901624734,37.40044684383158,0.005877454287243002,73.12325900047169,0.006868310551964303,36.72382297583312,0.00876686257362494,7.501148420745576,30.789059686686837,108.48555031665249
501.87049999969565,114.39466158246,1,9.598485993824486,73.2524345359258,0.003549017831701397,36.542839457970615,0.005778651705806897,72.69368537073306,0.006849712399280758,36.05470278413946,0.008655317429763386,7.501148420745576,30.789059686686837,108.48555031665249
501.8804999996954,114.39466158246,1,9.598485993824486,72.26710359671517,0.0034776054236756275,35.58471017737908,0.005713432135746935,71.9534270203096,0.0068161920352371634,35.2678471407181,0.008524009171492363,7.501148420745576,30.789059686686837,108.48555031665249
501.8904999996952,114.39466158246,1,9.598485993824486,70.96928667251277,0.003453644380702445,34.522900435096865,0.005680154229750943,70.90466188423119,0.006768297734109807,34.37618143232426,0.00837518415249998,7.501148420745576,30.789059686686837,108.48555031665249
501.90049999969494,114.39466158246,0,9.598485993824486,68.70702194777118,0.003453644380702445,33.27787861160412,0.005675592410071533,69.7969115556207,0.006716167149511313,33.40167997308621,0.00821254847625682,7.501148420745576,30.789059686686837,108.48555031665249
501.9104999996947,114.39466158246,0,9.598485993824486,64.6820228869641,0.003453644380702445,31.27316499202787,0.005675592410071533,68.73870448516914,0.006666054145398602,32.48590197214075,0.008059561907812157,7.501148420745576,30.789059686686837,108.48555031665249
501.92049999969447,114.39466158246,0,9.598485993824486,58.84752818430265,0.003453644380702445,28.365215612535096,0.005675592410071533,67.71234925372683,0.006617597468760082,31.645262224709178,0.007919053897786523,7.501148420745576,30.789059686686837,108.48555031665249
501.93049999969423,114.39466158246,0,9.598485993824486,51.20028602545071,0.003453644380702445,24.552293171716684,0.005675592410071533,66.71894172496646,0.006570704958013463,30.87035425826328,0.007789484570672276,7.501148420745576,30.789059686686837,108.48555031665249
501.940499999694,114.39466158246,0,9.598485993824486,41.77239423011778,0.003453644380702445,19.850691425875993,0.005675592410071533,65.76027363372422,0.006525285124365047,30.153835409788435,0.007669527062326716,7.501148420745576,30.789059686686837,108.48555031665249
501.95049999969376,114.39466158246,0,9.598485993824486,30.651582825857112,0.003453644380702445,14.304064474771751,0.005675592410071533,64.828318518531,0.006481274557480863,29.488219015847708,0.007558037896663294,7.501148420745576,30.789059686686837,108.48555031665249
501.9604999996935,114.39466158246,0,9.598485993824486,17.954680166478138,0.003453644380702445,7.970603045791713,0.005675592410071533,63.924726946785306,0.006438612697238651,28.867435962428566,0.007454029844736355,7.501148420745576,30.789059686686837,108.48555031665249
501.9704999996933,114.39466158246,0,9.598485993824486,3.844442844858531,0.0034715646207152096,1.2406116023141567,0.005872590349223525,63.05162500688023,0.006397232763992316,28.28693302993034,0.007356650028440766,7.501148420745576,30.789059686686837,108.48555031665249
501.98049999969305,114.39466158246,0,0.0,1.3351621907749203,0.0041292929190841175,0.5683826081173038,0.006872596333749202,62.201647494260186,0.0063570916953287265,27.741669604695687,0.007265161549897436,7.501148420745576,30.789059686686837,108.48555031665249
501.9904999996928,114.39466158246,0,0.0,1.9046435175396725,0.004612491779025604,1.1511837418775164,0.007386533571180177,61.377534259340294,0.006318119709854697,27.229074236605257,0.007178925517959463,7.501148420745576,30.789059686686837,108.48555031665249
502.0004999996926,114.39466158246,0,0.0,2.3054613500405154,0.004949231402516855,1.482527961027523,0.0076759168706130015,60.581291410425536,0.006280261461325904,26.74614203818379,0.007097383608830544,7.501148420745576,30.789059686686837,108.48555031665249
502.01049999969234,114.39466158246,0,0.0,2.5971915325872024,0.00519141169027949,1.7063101330983592,0.007868908900882673,59.80564691433441,0.006243487924013293,26.288897360104322,0.0070200433786597495,7.491059680861866,31.563126416834066,107.14629349380257
502.0204999996921,114.39466158246,0,0.0,2.817613317467095,0.005372347439544528,1.8795825028127018,0.008016871574849194,59.05227341906326,0.006207766726431869,25.85424910850611,0.006946468589722567,7.491059680861866,31.563126416834066,107.14629349380257
502.03049999969187,114.39466158246,0,0.0,2.9915560860902874,0.005513433724383558,2.026062381651745,0.008140841313402663,58.32335796224246,0.006173054265587397,25.440252114327944,0.006876274109396721,7.491059680861866,31.563126416834066,107.14629349380257
502.04049999969163,114.39466158246,0,0.0,3.1350272153258087,0.0056284120507973075,2.155813059970569,0.00824980048126805,57.612248170858656,0.0061393228664789095,25.044240631223214,0.006809121756682716,7.491059680861866,31.563126416834066,107.14629349380257
502.0504999996914,114.39466158246,0,0.0,3.257789509496177,0.005726119055550273,2.2729993469731977,0.008347886993683171,56.92082970164542,0.006106541013353173,24.664267068171124,0.006744714881901866,7.491059680861866,31.563126416834066,107.14629349380257
502.06049999969116,114.39466158246,0,0.0,3.366663882959551,0.005812244350100982,2.380268340529924,0.008437256678914783,56.25141059887094,0.006074667198780992,24.299323976341046,0.006682794184135133,7.491059680861866,31.563126416834066,107.14629349380257
502.0704999996909,114.39466158246,0,0.0,3.4661380602737166,0.005890452610780259,2.479214099633677,0.008519217267607298,55.5977262202461,0.006043675904683027,23.947565885616577,0.0066231338129630075,7.491059680861866,31.563126416834066,107.14629349380257
502.0804999996907,114.39466158246,0,0.0,3.558535258752653,0.005963111124960062,2.5704540484804284,0.008594686382538167,54.96169189903996,0.006013538378538875,23.607717837589362,0.006565536523011754,7.491059680861866,31.563126416834066,107.14629349380257
502.09049999969045,114.39466158246,0,0.0,3.64586706132327,0.006031755099892929,2.655045316546051,0.008664387770047476,54.34560949769898,0.005984216651219375,23.279314499451633,0.0065098303037882735,7.491059680861866,31.563126416834066,107.14629349380257
502.1004999996902,114.39466158246,0,0.0,3.729567998228961,0.006097381049687878,2.7338465166962154,0.008728928168270556,53.743506453500416,0.005955688168748588,22.961008795158317,0.0064558654672630025,7.491059680861866,31.563126416834066,107.14629349380257
502.11049999969,114.39466158246,0,0.0,3.809975834211238,0.0061606410157849355,2.8070457968495037,0.008788831303155303,53.15727910740738,0.005927927259948,22.651937379173834,0.006403510970572908,7.491059680861866,31.563126416834066,107.14629349380257
502.12049999968974,114.39466158246,0,0.0,3.8877970619013578,0.006221966745224436,2.875394262561991,0.008844563219110306,52.5891932895836,0.005900899499705401,22.35196136741439,0.006352652159519568,7.491059680861866,31.563126416834066,107.14629349380257
502.1304999996895,114.39466158246,0,0.0,3.9636608113945058,0.006281644473485837,2.9395606774024086,0.008896539663556215,52.033535888951825,0.005874585143575555,22.060051047638183,0.006303188894916975,7.491059680861866,31.563126416834066,107.14629349380257
502.14049999968927,114.39466158246,0,0.0,4.037370050927794,0.006339868159392822,2.999562183156753,0.008945129508175836,51.49217345468812,0.0058489613489906495,21.775602900978026,0.006255032907205799,7.491059680861866,31.563126416834066,107.14629349380257
502.15049999968903,114.39466158246,0,0.8582650382049619,4.340279752722603,0.00662233755593619,3.3670540571401686,0.009307839154801696,50.967519373752026,0.005823992709676374,21.498954393907034,0.006208106440523744,7.491059680861866,31.563126416834066,107.14629349380257
502.1604999996888,114.39466158246,0,1.7976855646854857,5.022868139896467,0.007227755861890467,4.074646547272263,0.009961095539579962,50.4532924702828,0.00579968324884209,21.228044199422666,0.00616234333460124,7.491059680861866,31.563126416834066,107.14629349380257
502.17049999968856,114.39466158246,0,2.7659334044902013,5.760781368390743,0.007871113361722139,4.656537464114141,0.010487363389239243,49.95168595602628,0.0057760110705891215,20.962909171634692,0.006117700299565067,7.491059680861866,31.563126416834066,107.14629349380257
502.1804999996883,114.39466158246,0,3.753971504953023,6.358703749759783,0.00838638532113492,5.007090210880435,0.010799737492534897,49.46510456124204,0.005752941758929793,20.70432878818998,0.006074164176301357,7.491059680861866,31.563126416834066,107.14629349380257
502.1904999996881,114.39466158246,0,4.752180574347627,6.751345396010956,0.00872009336239889,5.167032514945369,0.010937771538684459,48.9883793754747,0.005730457070631161,20.45207455948108,0.006031738542981505,7.491059680861866,31.563126416834066,107.14629349380257
502.20049999968785,114.39466158246,0,5.750639019782597,6.948623525461471,0.008883057430174186,5.19392528410722,0.010956401494061858,48.52338345869691,0.005708536334588645,20.206238631917127,0.005990428934066082,7.491059680861866,31.563126416834066,107.14629349380257
502.2104999996876,114.39466158246,1,6.739417810539715,6.986211412137084,0.008908829191134341,5.197137743407198,0.010956401494061858,48.07226556240215,0.005687151810835752,19.967360241253637,0.005950233898866881,7.491059680861866,31.563126416834066,107.14629349380257
502.2204999996874,114.39466158246,1,7.708875709918113,6.990344024652318,0.008908829191134341,5.201202901814347,0.010956401494061858,47.62991940803958,0.005666289603441253,19.734919777630832,0.005911138621263723,7.491059680861866,31.563126416834066,107.14629349380257
502.23049999968714,114.39466158246,1,8.64994029317096,6.996260036286687,0.008908829191134341,5.207051972569954,0.010956401494061858,47.19850011957776,0.0056459255653708434,19.50921046014212,0.005873111810659713,7.491059680861866,31.563126416834066,107.14629349380257
502.2404999996869,114.39466158246,1,9.554361148695255,7.00497975366012,0.008908829191134341,5.215771689943387,0.010956401494061858,46.78047066506934,0.00562602188513466,19.291098986559117,0.005836104569385818,7.491059680861866,31.563126416834066,107.14629349380257
502.25049999968667,114.06844106463933,1,9.598485993824486,8.142175945047992,0.008908829191134341,6.003583430761045,0.010956401494061858,46.37153159385222,0.00560655098257091,19.08067698216648,0.005800048372514797,7.491059680861866,31.563126416834066,107.14629349380257
502.26049999968643,114.06844106463933,1,9.598485993824486,12.687411219330283,0.008908829191134341,9.141261827422024,0.010956401494061858,45.97230998360726,0.005587513803445859,18.87596424904374,0.0057648542368714095,7.491059680861866,31.563126416834066,107.14629349380257
502.2704999996862,114.06844106463933,1,9.598485993824486,20.57426615476807,0.008908829191134341,14.58283609765961,0.010956401494061858,45.58438376445268,0.005568905154486785,18.675997315812598,0.005730423672775873,7.491059680861866,31.563126416834066,107.14629349380257
502.28049999968596,114.06844106463933,1,9.598485993824486,31.562531007115002,0.008908829191134341,21.789192718051204,0.010825805449957865,45.202963013681334,0.005550721151616645,19.255298790094603,0.0058253156614270435,7.491059680861866,31.563126416834066,107.14629349380257
502.2904999996857,114.06844106463933,1,9.598485993824486,45.31262633432322,0.008904605873879479,27.660697786565407,0.010096416656820881,44.91922708516273,0.005535703968236585,23.236968928068706,0.0064846607884039165,7.491059680861866,31.563126416834066,107.14629349380257
502.3004999996855,114.06844106463933,1,9.598485993824486,56.17149406565559,0.008188876222289804,31.936086290789532,0.009246334687257569,51.10996327248994,0.005797018371374789,27.59339735605571,0.007207929521473022,7.491059680861866,31.563126416834066,107.14629349380257
502.31049999968525,114.06844106463933,1,9.598485993824486,62.60905972985249,0.0071875548193294095,34.91915804738947,0.00847690327256816,57.593046200291475,0.006102686198959278,31.157415866000857,0.007801407339785171,7.491059680861866,31.563126416834066,107.14629349380257
502.320499999685,114.06844106463933,1,9.598485993824486,66.90154499309574,0.006306622669432358,36.87339623699705,0.007831582672577643,62.725802445342545,0.00635054944302562,33.76214369117778,0.008235811061160248,7.491059680861866,31.563126416834066,107.14629349380257
502.3304999996848,114.06844106463933,1,9.598485993824486,69.87715122568717,0.005593371449592437,38.033703404108905,0.007307285082667541,66.52567585154993,0.00653542362849491,35.50930054994869,0.00852763322358558,7.491059680861866,31.563126416834066,107.14629349380257
502.34049999968454,114.06844106463933,1,9.598485993824486,71.89130335072157,0.005027073316240497,38.59135740602821,0.0068875482472229655,69.22565953006712,0.006667653694226955,36.56302357039036,0.008704161579556032,7.491059680861866,31.563126416834066,107.14629349380257
502.3504999996843,114.06844106463933,1,9.598485993824486,73.16678761994474,0.004580435311998074,38.70228745824751,0.0065541076088061305,71.05556426114134,0.006757974388847246,37.08230094341225,0.008791795240797493,7.491059680861866,31.563126416834066,107.14629349380257
502.36049999968407,114.06844106463933,1,9.598485993824486,73.86405461724551,0.004230301187692016,38.48884826948105,0.006290951796874405,72.20090965371006,0.006815130594514677,37.19916662523291,0.008812388646244187,7.491059680861866,31.563126416834066,107.14629349380257
502.37049999968383,114.06844106463933,1,9.598485993824486,74.08808700642724,0.003958733383433065,38.03256685641325,0.006085032891479378,72.79370700776636,0.006845828723296174,37.016072582444195,0.008783042307445392,7.491059680861866,31.563126416834066,107.14629349380257
502.3804999996836,114.06844106463933,1,9.598485993824486,73.92221141712,0.0037524629045656943,37.3961826517846,0.00592630685838092,72.93925295792934,0.006855035960574942,36.60993680318789,0.008716528575188677,7.491059680861866,31.563126416834066,107.14629349380257
502.39049999968336,114.06844106463933,1,9.598485993824486,73.42409983933284,0.0036021955572249497,36.62619356811063,0.005807536765327297,72.71305997249057,0.006846263152200977,36.03551440505032,0.008621868675560682,7.491059680861866,31.563126416834066,107.14629349380257
502.4004999996831,114.06844106463933,1,9.598485993824486,72.61640240078728,0.003502017852142496,35.74302618324954,0.005723720554138659,72.15507027431325,0.0068218177358510745,35.32933031358056,0.008505207718667748,7.491059680861866,31.563126416834066,107.14629349380257
502.4104999996829,114.06844106463933,1,9.598485993824486,71.5104852770421,0.0034491476871830987,34.75862720368684,0.005671962684523566,71.29193065915115,0.006782907984280273,34.5133991572297,0.008370192332805127,7.491059680861866,31.563126416834066,107.14629349380257
502.42049999968265,114.06844106463933,0,9.598485993824486,70.01190995852363,0.0034401601129560883,33.672538333127065,0.0056515908848462585,70.17804992108596,0.006731545537363015,33.59560832348383,0.008218058456068392,7.491059680861866,31.563126416834066,107.14629349380257
502.4304999996824,114.06844106463933,0,9.598485993824486,67.09232386536745,0.0034401601129560883,32.21833978944738,0.005651305750744346,69.09406141461396,0.006680607706916719,32.64465242496588,0.008060357006181297,7.491059680861866,31.563126416834066,107.14629349380257
502.4404999996822,114.06844106463933,0,9.598485993824486,62.40054126512388,0.0034401601129560883,29.899963833559223,0.005651305750744346,68.0471209540022,0.006631407545961464,31.771812269408596,0.007915585410055296,7.491059680861866,31.563126416834066,107.14629349380257
502.45049999968194,114.06844106463933,0,9.598485993824486,55.90696157211203,0.0034401601129560883,26.691019237193572,0.005651305750744346,67.03784236257327,0.006583822874671149,30.969246939727665,0.0077823826417424274,7.491059680861866,31.563126416834066,107.14629349380257
502.4604999996817,114.06844106463933,0,9.598485993824486,47.62356765509965,0.0034401601129560883,22.597357017504272,0.005651305750744346,66.05815004807968,0.0065377691581236,30.227959453056602,0.0076593315478707905,7.491059680861866,31.563126416834066,107.14629349380257
502.47049999968146,114.06844106463933,0,9.598485993824486,37.60306033182923,0.0034401601129560883,17.64497867887924,0.005651305750744346,65.10935315138525,0.006493169728567941,29.540590897047103,0.007545210518601559,7.491059680861866,31.563126416834066,107.14629349380257
502.48049999968123,114.06844106463933,0,9.598485993824486,25.934199447320612,0.0034401601129560883,11.87787920422479,0.005651305750744346,64.19306709523467,0.0064499505393076926,28.901140314706925,0.007438965834473454,7.491059680861866,31.563126416834066,107.14629349380257
502.490499999681,114.06844106463933,0,9.598485993824486,12.76147890851129,0.0034401601129560883,5.3674274614403545,0.005651305750744346,63.302065315013934,0.006408055340750442,28.303708146002798,0.007339688447637223,7.491059680861866,31.563126416834066,107.14629349380257
502.50049999968076,114.06844106463933,0,0.0,0.9729983150606207,0.0037127595800916405,0.044952197935732574,0.006298175329074805,62.43785750375829,0.006367431141784541,27.743381760685974,0.0072465925306572036,7.491059680861866,31.563126416834066,107.14629349380257
502.5104999996805,114.06844106463933,0,0.0,1.6892440018831136,0.004327093201103998,0.9363595904872986,0.007090475150453163,61.60283461601185,0.006328014157852147,27.21705248711291,0.007158998231218705,7.491059680861866,31.563126416834066,107.14629349380257
502.5204999996803,114.06844106463933,0,0.0,2.1827589536337175,0.00474800827930367,1.3922110022699496,0.007495064483130805,60.7906014839698,0.0062897448811330085,26.721462970115365,0.007076315595697196,7.491059680861866,31.563126416834066,107.14629349380257
502.53049999968005,114.06844106463933,0,0.0,2.532338488659268,0.0050443044432923415,1.6676287351768888,0.007738659364351995,60.002639818517885,0.006252583378862561,26.253117911183846,0.006998026236117004,7.491059680861866,31.563126416834066,107.14629349380257
502.5404999996798,114.06844106463933,0,0.0,2.7886805402137664,0.005260103367369099,1.8638013070848958,0.007911315789236456,59.240630971567036,0.006216488265876531,25.80919066418289,0.006923671235499236,7.491059680861866,31.563126416834066,107.14629349380257
502.5504999996796,114.06844106463933,0,0.0,2.9845967442504686,0.005423705169964375,2.02152818479191,0.008049317751724865,58.49807320714174,0.0061814284686937376,25.38660224078231,0.006852844887065401,7.491059680861866,31.563126416834066,107.14629349380257
502.56049999967934,114.06844106463933,0,0.0,3.1407343329252155,0.005553277884806829,2.1573051181536895,0.008167699406374216,57.77669395505355,0.006147369271012457,24.98305413764106,0.006785189140513532,7.491059680861866,31.563126416834066,107.14629349380257
502.5704999996791,114.06844106463933,0,0.0,3.270556217098524,0.005660493214617981,2.2784452124502153,0.008273036112466216,57.07840475458611,0.006114271464330276,24.596871616594107,0.006720389529709044,7.491059680861866,31.563126416834066,107.14629349380257
502.58049999967886,114.06844106463933,0,0.0,3.3830542814705713,0.005752851380228308,2.388669169917279,0.008368483642546184,56.39717470808363,0.006082105538745394,24.226010722100753,0.006658171211433301,7.491059680861866,31.563126416834066,107.14629349380257
502.5904999996786,114.06844106463933,0,0.0,3.483537011592858,0.005835180491582131,2.4896310478613803,0.008455777194638425,55.73482941866042,0.006050839063003824,23.86903097420495,0.006598293868943752,7.491059680861866,31.563126416834066,107.14629349380257
502.6004999996784,114.06844106463933,0,0.0,3.575600161496687,0.005910595188484244,2.582575290209811,0.008536037777991596,55.09332599907391,0.006020436047307228,23.524960916599944,0.006540547893607437,7.491059680861866,31.563126416834066,107.14629349380257
502.61049999967815,114.06844106463933,0,0.0,3.6619353545467526,0.005981106381432894,2.6686867017803397,0.008610093101633898,54.46694675208103,0.005990869929923788,23.192382116286534,0.006484750947692358,7.491059680861866,31.563126416834066,107.14629349380257
502.6204999996779,114.06844106463933,0,0.0,3.743777269662288,0.006048018363041792,2.74844693477447,0.008678610113881081,53.85751986375606,0.005962111469238929,22.87037145559451,0.006430743776304622,7.491059680861866,31.563126416834066,107.14629349380257
502.6304999996777,114.06844106463933,0,0.0,3.822084587827743,0.006112182713670237,2.822483533061125,0.00874216032495338,53.26698797861744,0.005934128285885913,22.5583812836896,0.006378387411490619,7.491059680861866,31.563126416834066,107.14629349380257
502.64049999967744,114.06844106463933,0,0.0,3.897883108671479,0.0061741564954613335,2.8916455849831095,0.008801244639835205,52.68989520239699,0.005906896855999026,22.255385261944614,0.006327560794097365,7.491059680861866,31.563126416834066,107.14629349380257
502.6504999996772,114.06844106463933,0,0.0,3.9713180105734787,0.0062343088071030416,2.9561652071478854,0.008856304469252623,52.128049147587646,0.005880391007385347,21.960783290088855,0.006278157706981159,7.491059680861866,31.563126416834066,107.14629349380257
502.660499999677,114.06844106463933,0,0.0,4.042628357458771,0.006292888928637107,3.0164610303338804,0.008907736962474133,51.58336358635047,0.005854581710543906,21.674288330130626,0.006230084987652906,7.491059680861866,31.563126416834066,107.14629349380257
502.67049999967674,114.06844106463933,0,0.22225587285639342,4.122751463354584,0.006364991168795981,3.0889579553630617,0.008979628111993898,51.050782390578604,0.0058294473323465485,21.39529352822585,0.006183261055392013,7.491059680861866,31.563126416834066,107.14629349380257
502.6804999996765,114.06844106463933,0,1.1365577183353555,4.450300315957639,0.00677532268582658,3.5064780807801976,0.009495842589307149,50.444522877364015,0.00580673048154426,21.000372944926102,0.006137613845694272,7.491059680861866,31.563126416834066,107.14629349380257
502.69049999967626,114.06844106463933,0,2.0855302090310226,5.115363869901423,0.007413997855921259,4.143919084411948,0.010134434701516305,49.90745494948179,0.005784016277467088,20.676419986094054,0.006093084474504027,7.491059680861866,31.563126416834066,107.14629349380257
502.700499999676,114.06844106463933,0,3.0606956763952393,5.763432416692218,0.008027534473034273,4.597412161199567,0.010595501151125113,49.38011814888137,0.0057618856300518054,20.359263732756528,0.0060496415006650196,7.491059680861866,31.563126416834066,107.14629349380257
502.7104999996758,114.06844106463933,0,4.052814450880872,6.2424614525565,0.008488080422849226,4.827481901512283,0.010850456229626045,48.86677178299406,0.005740376082873225,20.049383525394493,0.006007280238369115,7.491059680861866,31.563126416834066,107.14629349380257
502.72049999967555,114.06844106463933,0,5.052146203171513,6.514892864471884,0.008766677316914785,4.884324180728805,0.01094682207966171,48.36905539809405,0.005719463557909289,19.74686383578211,0.005966007072463163,7.491059680861866,31.563126416834066,107.14629349380257
502.7304999996753,114.06844106463933,0,6.048735845791186,6.602027806815394,0.00888226793380163,4.837850122350902,0.010951199089699354,47.88229310639218,0.005699123974882643,19.451770627286656,0.005925827764351943,7.491059680861866,31.563126416834066,107.14629349380257
502.7404999996751,114.06844106463933,1,7.032710056406942,6.56030963643304,0.008888568461661308,4.786311780010566,0.010951199089699354,47.408289632291115,0.005679330489477045,19.164374893930233,0.005886738571825183,7.491059680861866,31.563126416834066,107.14629349380257
502.75049999967484,114.06844106463933,1,7.994569751094999,6.510387399225939,0.008888568461661308,4.736389542803465,0.010951199089699354,46.94856174227771,0.005660065018313548,18.8844314544561,0.005848720987127312,7.491059680861866,31.563126416834066,107.14629349380257
502.7604999996746,114.06844106463933,1,8.925464115764528,6.464417486199476,0.008888568461661308,4.69035786031397,0.010951199089699354,46.49921415008264,0.005641292177402712,18.612632473709358,0.0058117401360906745,7.491059680861866,31.563126416834066,107.14629349380257
502.77049999967437,113.85199240986775,1,9.598485993824486,6.440761580074309,0.008888568461661308,4.661222079407363,0.010951199089699354,46.06255757782657,0.005622973478187401,18.349769390965417,0.0057757425146255335,7.491059680861866,31.563126416834066,107.14629349380257
502.78049999967413,113.85199240986775,1,9.598485993824486,8.49885803471564,0.008888568461661308,6.0710445106015865,0.010951199089699354,45.64023715541573,0.005605077494958064,18.09577520713931,0.00574065398119411,7.491059680861866,31.563126416834066,107.14629349380257
502.7904999996739,113.85199240986775,1,9.598485993824486,13.989673586062366,0.008888568461661308,9.85217741925539,0.010951199089699354,45.22666349081897,0.005587613892363328,17.84823228674303,0.005706382089887408,7.491059680861866,31.563126416834066,107.14629349380257
502.80049999967366,113.85199240986775,1,9.598485993824486,22.746013566236652,0.008888568461661308,15.88900090915691,0.010951199089699354,44.82327070449684,0.005570573281946946,17.606228668596504,0.005672829770037333,7.491059680861866,31.563126416834066,107.14629349380257
502.8104999996734,113.85199240986775,1,9.598485993824486,34.4988989698098,0.008888568461661308,22.847339192691972,0.010621984233297802,44.431199915712426,0.005553952428923395,19.304479575519135,0.005961033645733372,7.491059680861866,31.563126416834066,107.14629349380257
502.8204999996732,113.85199240986775,1,9.598485993824486,48.339431222577595,0.008775274850117361,28.098669307721504,0.009814433426927397,45.581946731616156,0.005595001889300529,23.60458686524526,0.0066809821814028236,7.491059680861866,31.563126416834066,107.14629349380257
502.83049999967295,113.85199240986775,1,9.598485993824486,57.49114708327881,0.007892559380136038,31.877329133117357,0.008981678941969296,52.26801975014012,0.005895098034540785,27.702691892875468,0.007370337168032675,7.491059680861866,31.563126416834066,107.14629349380257
502.8404999996727,113.85199240986775,1,9.598485993824486,63.12881273193292,0.006914715005977006,34.459137721561866,0.008251413922564288,58.35233452319855,0.006187551168324852,30.906832340475162,0.007912517532265764,7.491059680861866,31.563126416834066,107.14629349380257
502.8504999996725,113.85199240986775,1,9.598485993824486,66.95111739435642,0.006085738308101132,36.091823898420024,0.007646339312800037,63.03820302174701,0.006417171367275508,33.174466644339816,0.008299067578108908,7.491059680861866,31.563126416834066,107.14629349380257
502.86049999967224,113.85199240986775,1,9.598485993824486,69.59014068577977,0.005420064377659264,36.99632834260151,0.007157312822261375,66.46059490536095,0.0065865784231254575,34.6386527498913,0.008551750495204655,7.491059680861866,31.563126416834066,107.14629349380257
502.870499999672,113.85199240986775,1,9.598485993824486,71.35044420070129,0.004892718733979008,37.356853337052705,0.006766849195393823,68.86443851735147,0.0067067629157634215,35.46411191972053,0.008697980558580584,7.491059680861866,31.563126416834066,107.14629349380257
502.88049999967177,113.85199240986775,1,9.598485993824486,72.42434826340843,0.004477426902163015,37.31322557504323,0.006457236559603886,70.45752529485527,0.00678788774931594,35.801669372078514,0.008762814574605692,7.491059680861866,31.563126416834066,107.14629349380257
502.89049999967153,113.85199240986775,1,9.598485993824486,72.95560523653748,0.004152687849070725,36.97364582443739,0.00621330175227414,71.41060232413841,0.006838040782983606,35.77457424201278,0.008766643342989735,7.491059680861866,31.563126416834066,107.14629349380257
502.9004999996713,113.85199240986775,1,9.598485993824486,73.04784831300587,0.0039020900515639527,36.41882367360109,0.006023079917933023,71.85263619963627,0.006863367582299781,35.47578260093242,0.008725016939418254,7.491059680861866,31.563126416834066,107.14629349380257
502.91049999967106,113.85199240986775,1,9.598485993824486,72.76723647147014,0.0037136716907346596,35.70053681432555,0.005877443623650865,71.870047015113,0.0068683555709742865,34.974638820210046,0.008649450040508651,7.491059680861866,31.563126416834066,107.14629349380257
502.9204999996708,113.85199240986775,1,9.598485993824486,72.16303508907819,0.0035792223499392017,34.85649623717709,0.0057697912542023205,71.52993180967765,0.006856125527033063,34.32080211253495,0.008548092078889112,7.491059680861866,31.563126416834066,107.14629349380257
502.9304999996706,113.85199240986775,1,9.598485993824486,71.26014913179695,0.0034938085199957853,33.91006766758361,0.005695854791567232,70.87399697245165,0.006828647032493249,33.54525134010729,0.008426202157699817,7.491059680861866,31.563126416834066,107.14629349380257
502.94049999967035,113.85199240986775,1,9.598485993824486,70.05377810741504,0.0034556052768016997,32.86467567227164,0.005653385652923877,69.91293336483797,0.006786792251987186,32.66568693325294,0.008286691165383279,7.491059680861866,31.563126416834066,107.14629349380257
502.9504999996701,113.85199240986775,0,9.598485993824486,68.23157470276668,0.0034534850264662078,31.709369911229153,0.005641872820918259,68.78198069441628,0.006735855600673867,31.68895555897489,0.008130601608526444,7.491059680861866,31.563126416834066,107.14629349380257
502.9604999996699,113.85199240986775,0,9.598485993824486,64.75669446049642,0.0034534850264662078,29.99303174062088,0.005641872820918259,67.71069153657777,0.006686930874583413,30.72979223543181,0.007977254308833026,7.491059680861866,31.563126416834066,107.14629349380257
502.97049999966964,113.85199240986775,0,9.598485993824486,59.49056203497666,0.0034534850264662078,27.401095772784227,0.005641872820918259,66.67303985206914,0.006639682327885837,29.848049711108125,0.007836581090197673,7.491059680861866,31.563126416834066,107.14629349380257
502.9804999996694,113.85199240986775,0,9.598485993824486,52.4183505525216,0.0034534850264662078,23.92659110709859,0.005641872820918259,65.67010034698376,0.006593997575981131,29.034886474454908,0.0077070099958199845,7.491059680861866,31.563126416834066,107.14629349380257
502.99049999966917,113.85199240986775,0,9.598485993824486,43.56134964171181,0.0034534850264662078,19.579408215210204,0.005641872820918259,64.70217101091288,0.006549804699991169,28.281212892421163,0.007587187168592038,7.491059680861866,31.563126416834066,107.14629349380257
503.00049999966893,113.85199240986775,0,9.598485993824486,32.98556049505564,0.0034534850264662078,14.392071647512005,0.005641872820918259,63.76231255557423,0.006507023409578942,27.580192221343168,0.007475946299187431,7.491059680861866,31.563126416834066,107.14629349380257
503.0104999996687,113.85199240986775,0,9.598485993824486,20.797943219434888,0.0034534850264662078,8.417181651575905,0.005641872820918259,62.852286142932755,0.006465576818080028,26.92642196259827,0.007372280951063917,7.482381769498388,32.24438423738245,105.91262662495333
503.02049999966846,113.85199240986775,0,9.598485993824486,7.14016098959042,0.0034534850264662078,1.7773957804759295,0.005672734675218496,61.97279870406166,0.0064254210631912645,26.313650177408334,0.007275322061420295,7.482381769498388,32.24438423738245,105.91262662495333
503.0304999996682,113.85199240986775,0,0.0,-0.40081801845310716,0.003922905712057597,-1.1474631103466395,0.006684618887012226,61.11726817833739,0.006386502125380685,25.737163732699898,0.0071843190183213945,7.482381769498388,32.24438423738245,105.91262662495333
503.040499999668,113.85199240986775,0,0.0,0.20841409988922166,0.004466558325341263,-0.39983018221021105,0.007372140619938011,60.28936000014486,0.0063487271194564805,25.196002204658505,0.007098621849584477,7.482381769498388,32.24438423738245,105.91262662495333
503.05049999966775,113.85199240986775,0,0.0,0.6241973332079009,0.004841560169460924,-0.008076174660367919,0.007742097732244665,59.489863878667784,0.006312051029611941,24.685999537864397,0.0070176645543057765,7.482381769498388,32.24438423738245,105.91262662495333
503.0604999996675,113.85199240986775,0,0.0,0.9159397123439996,0.005107885041573868,0.23552165425751248,0.007978426050719458,58.712357959267635,0.006276433680783729,24.20364817811593,0.006940948999677503,7.482381769498388,32.24438423738245,105.91262662495333
503.0704999996673,113.85199240986775,0,0.0,1.1279848370363235,0.005303979938261038,0.41337993889988756,0.00815433609178469,57.95850404736088,0.0062418325846297215,23.746321558765093,0.006868033705006689,7.482381769498388,32.24438423738245,105.91262662495333
503.08049999966704,113.85199240986775,0,0.0,1.2870391785320532,0.005454503210118311,0.5570271066718764,0.008299480082435914,57.228860353860554,0.00620823489044095,23.31003646065339,0.006798528291728117,7.482381769498388,32.24438423738245,105.91262662495333
503.0904999996668,113.85199240986775,0,0.0,1.4121635264594232,0.005575272634066879,0.6810679380926503,0.008426285250412875,56.51777883040231,0.006175600729368862,22.892799100784448,0.00673208937652036,7.482381769498388,32.24438423738245,105.91262662495333
503.10049999966657,113.85199240986775,0,0.0,1.5155016426325636,0.005676445819625459,0.792077591243209,0.008540302830175019,55.82735367898195,0.006143885154401953,22.493402832945456,0.0066684154452679445,7.482381769498388,32.24438423738245,105.91262662495333
503.11049999966633,113.85199240986775,0,0.0,1.6030554025375316,0.005764552770557024,0.8915650786699736,0.008644297607625126,55.15838845842387,0.006113075670037573,22.108954976428173,0.006607242764801938,7.482381769498388,32.24438423738245,105.91262662495333
503.1204999996661,113.85199240986775,0,0.0,1.6807031166070576,0.0058437937777093855,0.982237695430654,0.008739867629929727,54.505702188686385,0.00608313247893018,21.738440959437128,0.006548341489488515,7.482381769498388,32.24438423738245,105.91262662495333
503.13049999966586,113.85199240986775,0,0.0,1.7520984667778992,0.005916877309443111,1.0658023146143707,0.00882808846142639,53.871505329221584,0.006054011979193623,21.381438801227898,0.006491510928295859,7.482381769498388,32.24438423738245,105.91262662495333
503.1404999996656,113.85199240986775,0,0.0,1.8177044167795557,0.005985555778499045,1.1416059367498423,0.008909783629684,53.25661586558855,0.006025705346929915,21.035612352808776,0.006436576115779037,7.482381769498388,32.24438423738245,105.91262662495333
503.1504999996654,113.85199240986775,0,0.0,1.8799248054508482,0.006050964857914316,1.211428057688658,0.008985635990303916,52.65615439119671,0.005998175115704593,20.700502552015188,0.006383384805372077,7.482381769498388,32.24438423738245,105.91262662495333
503.16049999966515,113.85199240986775,0,0.0,1.9401682690531263,0.006113845518384029,1.2764748260186574,0.00905623070574749,52.072352488044785,0.005971380294487775,20.376144795379247,0.006331803839026172,7.482381769498388,32.24438423738245,105.91262662495333
503.1704999996649,113.85199240986775,0,0.0,1.9973729934396731,0.006174686170226374,1.3357015595297108,0.00912208490514502,51.50598696799177,0.005945316242403103,20.060506522191055,0.006281716804191281,7.482381769498388,32.24438423738245,105.91262662495333
503.1804999996647,113.85199240986775,0,0.0,2.0530388762939156,0.0062338099738408845,1.3906909431691634,0.00918366191125031,50.95243251509286,0.00591994802590481,19.753476264760458,0.006233022061137067,7.482381769498388,32.24438423738245,105.91262662495333
503.19049999966444,113.85199240986775,0,0.0,2.107986025947328,0.006291434684752325,1.4424783999794446,0.009241372445113307,50.41391958368711,0.0058952372304480515,19.45537738464072,0.006185630142918966,7.482381769498388,32.24438423738245,105.91262662495333
503.2004999996642,113.85199240986775,0,0.447152577874474,2.2199086808065935,0.0064117077018102705,1.5818112902386696,0.009399684283534429,49.89169632476294,0.005871174393568438,19.165031512115117,0.006139462306369256,7.482381769498388,32.24438423738245,105.91262662495333
503.21049999966397,113.85199240986775,0,1.3708663436648025,2.751102203693118,0.006905496655792877,2.2431329865764695,0.010037657619465894,49.37969315911066,0.005847752881000959,18.880415061263616,0.0060944497731745505,7.482381769498388,32.24438423738245,105.91262662495333
503.22049999966373,113.85199240986775,0,2.327215784887949,3.472189578490049,0.0075528244921831455,2.93763240375631,0.010685997855224462,48.88026127450945,0.0058249560836360955,18.601719278293753,0.006050539488085432,7.482381769498388,32.24438423738245,105.91262662495333
503.2304999996635,113.85199240986775,0,3.3075100568724776,4.123342349817506,0.008132114434312655,3.402679855420865,0.011119749584175982,48.394745429811316,0.0058027724204189534,18.32833284078737,0.0060077077035458025,7.482381769498388,32.24438423738245,105.91262662495333
503.24049999966326,113.85199240986775,0,4.302358639469016,4.587987021043227,0.00854489236633817,3.639498000570124,0.011344450173565453,47.919281475144174,0.005781161629264028,18.061338028471102,0.005965954299350776,7.482381769498388,32.24438423738245,105.91262662495333
503.250499999663,113.85199240986775,0,5.301940048272467,4.930478916059592,0.008779128594422413,3.786107606462757,0.011412230164708463,47.52088315382003,0.005758954180657843,17.888445953890486,0.005925286233953695,7.482381769498388,32.24438423738245,105.91262662495333
503.2604999996628,113.85199240986775,0,6.296291744053338,5.12513049498374,0.008857072776133079,3.884154796385401,0.011412380090275735,47.142401201135705,0.005736492851960656,17.747429996466572,0.005885707364000448,7.482381769498388,32.24438423738245,105.91262662495333
503.27049999966255,113.85199240986775,1,7.275607025531121,5.216473703322466,0.008857243700946689,3.974677065354152,0.011412380090275735,46.765697602331635,0.005714570901645692,17.60518999675142,0.00584721089153953,7.482381769498388,32.24438423738245,105.91262662495333
503.2804999996623,113.85199240986775,1,8.23052420819867,5.302292518249369,0.008857243700946689,4.060456321316971,0.011412380090275735,46.393881986679595,0.0056931532523803625,17.463484776717927,0.005809774357988726,7.482381769498388,32.24438423738245,105.91262662495333
503.2904999996621,113.85199240986775,1,9.15239392471444,5.386542490077348,0.008857243700946689,4.144706293144949,0.011412380090275735,46.03068984698244,0.005672185487595191,17.325054015092004,0.005773358354268178,7.482381769498388,32.24438423738245,105.91262662495333
503.30049999966184,113.74407582938447,1,9.598485993824486,5.685177633989818,0.008857243700946689,4.387691468569052,0.011412380090275735,45.67333922380692,0.005651626361342245,17.19142432137998,0.005737904769833218,7.482381769498388,32.24438423738245,105.91262662495333
503.3104999996616,113.74407582938447,1,9.598485993824486,8.716326765356147,0.008857243700946689,6.650589910900458,0.011412380090275735,45.32284401955151,0.005631455269243655,17.06179262647122,0.00570333437516285,7.482381769498388,32.24438423738245,105.91262662495333
503.32049999966137,113.74407582938447,1,9.598485993824486,15.123718697053375,0.008857243700946689,11.408544737388784,0.011412380090275735,44.979485581211044,0.005611705770742087,16.933298751655386,0.005669551873640153,7.482381769498388,32.24438423738245,105.91262662495333
503.33049999966113,113.74407582938447,1,9.598485993824486,24.71639189509221,0.008857243700946689,18.450455742557367,0.011375316792138133,44.63897176440344,0.005592384968019404,17.02607456576714,0.005673211434071814,7.482381769498388,32.24438423738245,105.91262662495333
503.3404999996609,113.74407582938447,1,9.598485993824486,37.20014031169092,0.008857243700946689,25.061560182563937,0.01072849774538417,44.302901082798584,0.005573487383275449,20.64160106513042,0.00626207222073528,7.482381769498388,32.24438423738245,105.91262662495333
503.35049999966066,113.74407582938447,1,9.598485993824486,50.69947752748111,0.008601386629256125,30.109804472418638,0.009833184685802455,46.890206468462765,0.005670290874255707,25.39644572988223,0.007041466125063348,7.482381769498388,32.24438423738245,105.91262662495333
503.3604999996604,113.74407582938447,1,9.598485993824486,58.87896454033889,0.007651038391624745,33.7452588878495,0.008980533638024209,53.66204108009182,0.0059781952130863025,29.52917184027389,0.007722553475978295,7.482381769498388,32.24438423738245,105.91262662495333
503.3704999996602,113.74407582938447,1,9.598485993824486,64.0458485837388,0.006700758895907826,36.2086265194632,0.008249490206202807,59.46534681535383,0.006255232612584751,32.66977676225531,0.00824016602785231,7.482381769498388,32.24438423738245,105.91262662495333
503.38049999965995,113.74407582938447,1,9.598485993824486,67.59223068304125,0.00591102849646239,37.748070261557615,0.007649323202771926,63.87482297366756,0.006467975157336687,34.85938602734047,0.008599686809831765,7.482381769498388,32.24438423738245,105.91262662495333
503.3904999996597,113.74407582938447,1,9.598485993824486,70.03996663987475,0.005279867671610777,38.582567211058915,0.007166467466380924,67.07370579739602,0.006622862005058936,36.2547395112047,0.008827084970192587,7.482381769498388,32.24438423738245,105.91262662495333
503.4004999996595,113.74407582938447,1,9.598485993824486,71.65930579105498,0.004780645522300689,38.891423645564416,0.006781856139558713,69.30382953412335,0.00673101235958463,37.02770564483281,0.008950976011329137,7.482381769498388,32.24438423738245,105.91262662495333
503.41049999965924,113.74407582938447,1,9.598485993824486,72.63151521984398,0.004387927155628583,38.8151280500461,0.0064774511286739035,70.77104348736597,0.006802163499264161,37.329042722469495,0.008996356701078243,7.482381769498388,32.24438423738245,105.91262662495333
503.420499999659,113.74407582938447,1,9.598485993824486,73.08527195327335,0.0040814483718491145,38.45491820644183,0.006238175310808987,71.62744157969621,0.006843951927011824,37.27807921798718,0.0089831795634499,7.482381769498388,32.24438423738245,105.91262662495333
503.43049999965876,113.74407582938447,1,9.598485993824486,73.11600107500956,0.0038459228643755333,37.885468540494514,0.0060521898422814776,71.99300391922719,0.006862103077638885,36.96567548657938,0.008926585054619046,7.482381769498388,32.24438423738245,105.91262662495333
503.4404999996585,113.74407582938447,1,9.598485993824486,72.79010813872766,0.0036702765947914124,37.16166941188448,0.00591068313794917,71.95604314158615,0.006860773238995957,36.45847401185033,0.008837547404435025,7.482381769498388,32.24438423738245,105.91262662495333
503.4504999996583,113.74407582938447,1,9.598485993824486,72.14464752500172,0.0035470971323347464,36.31411471809066,0.0058073749026293885,71.56886321468484,0.006842823150487686,35.80195006959636,0.008723719781735377,7.482381769498388,32.24438423738245,105.91262662495333
503.46049999965805,113.74407582938447,1,9.598485993824486,71.19970385130414,0.003472177910354947,35.36087450070164,0.0057382374407196155,70.86795065627845,0.006809962987409075,35.02542158534026,0.00858999352134827,7.482381769498388,32.24438423738245,105.91262662495333
503.4704999996578,113.74407582938447,1,9.598485993824486,69.95204260294216,0.0034444069728960013,34.308557456287396,0.005701479127448684,69.86753726867106,0.006762810581432566,34.14394895671742,0.008438742226478672,7.482381769498388,32.24438423738245,105.91262662495333
503.4804999996576,113.74407582938447,0,9.598485993824486,67.85120250277227,0.003444282126883659,33.10006841094264,0.005695053035318515,68.77143733303099,0.006709973518522214,33.171857603792105,0.008272481298655243,7.482381769498388,32.24438423738245,105.91262662495333
503.49049999965735,113.74407582938447,0,9.598485993824486,64.01569836297374,0.003444282126883659,31.17205429982768,0.005695053035318515,67.72626337946917,0.006659328895830423,32.248853726641066,0.008114556320957216,7.482381769498388,32.24438423738245,105.91262662495333
503.5004999996571,113.74407582938447,0,9.598485993824486,58.39093435631944,0.003444282126883659,28.33716433284804,0.005695053035318515,66.7184977247027,0.006610356183977812,31.4037118630694,0.007969622206551836,7.482381769498388,32.24438423738245,105.91262662495333
503.5104999996569,113.74407582938447,0,9.598485993824486,50.96527078568968,0.003444282126883659,24.589379470711155,0.005695053035318515,65.74059891831254,0.006562965371620711,30.62622135697747,0.007836073055727965,7.482381769498388,32.24438423738245,105.91262662495333
503.52049999965664,113.74407582938447,0,9.598485993824486,41.77377522907009,0.003444282126883659,19.946346823775407,0.005695053035318515,64.79329240750539,0.006517076911859062,29.907886965940474,0.007712525287259972,7.482381769498388,32.24438423738245,105.91262662495333
503.5304999996564,113.74407582938447,0,9.598485993824486,30.89195452865293,0.003444282126883659,14.446654029306277,0.005695053035318515,63.878074581337074,0.006472607177885392,29.24228938021045,0.007597786044099017,7.482381769498388,32.24438423738245,105.91262662495333
503.54049999965616,113.74407582938447,0,9.598485993824486,18.434524225878967,0.003444282126883659,8.148290132314024,0.005695053035318515,62.988295840332114,0.006429499531852871,28.622693812455314,0.007490826615258961,7.482381769498388,32.24438423738245,105.91262662495333
503.5504999996559,113.74407582938447,0,9.598485993824486,4.558207181996682,0.0034459290853444575,1.386115027932918,0.00583771114846238,62.12505060488601,0.006387699763822612,28.043522703709105,0.007390758252420979,7.482381769498388,32.24438423738245,105.91262662495333
503.5604999996557,113.74407582938447,0,0.0,0.8630128376398227,0.004070426451762685,0.15697411493862345,0.006871542498647976,61.29008376314028,0.006347147501850364,27.50076143613068,0.007296812551125036,7.482381769498388,32.24438423738245,105.91262662495333
503.57049999965545,113.74407582938447,0,0.0,1.4654672628276746,0.004565644079417585,0.8029646872338878,0.0074245550865590084,60.47851513644917,0.006307770442258517,26.99176919835674,0.0072083244133018635,7.482381769498388,32.24438423738245,105.91262662495333
503.5804999996552,113.74407582938447,0,0.0,1.892491859346201,0.0049096540271165645,1.1703079115521033,0.007730404579715108,59.691263510683676,0.006269524363596008,26.512567244903273,0.007124713031039098,7.482381769498388,32.24438423738245,105.91262662495333
503.590499999655,113.74407582938447,0,0.0,2.206255226456635,0.00515624017191192,1.419187212836888,0.007930905838695684,58.929785449102496,0.006232364343033655,26.060174157646177,0.007045466039261757,7.482381769498388,32.24438423738245,105.91262662495333
503.60049999965474,113.74407582938447,0,0.0,2.446280696875252,0.005339855783524286,1.6129868765486957,0.008082642728731406,58.187965361127624,0.006196265308488914,25.63083429255033,0.006970130479815538,7.482381769498388,32.24438423738245,105.91262662495333
503.6104999996545,113.74407582938447,0,0.0,2.6374965615360773,0.0054825880571638085,1.7769830251652805,0.008208671288959739,57.466951291637486,0.006161197530547787,25.221636167381174,0.006898306233314935,7.482381769498388,32.24438423738245,105.91262662495333
503.62049999965427,113.74407582938447,0,0.0,2.796739952438631,0.00559860470191462,1.9225678740137195,0.008318782101630232,56.76861711138211,0.006127115823770421,24.83107411996182,0.0068296414233900635,7.482381769498388,32.24438423738245,105.91262662495333
503.63049999965403,113.74407582938447,0,0.0,2.934576334904398,0.005696995643013672,2.054685036683319,0.008417455393279868,56.087431305320244,0.00609399411660289,24.45670095982622,0.006763828050485109,7.482381769498388,32.24438423738245,105.91262662495333
503.6404999996538,113.74407582938447,0,0.0,3.0573196269607843,0.0057836011005458704,2.175444182533817,0.008507002230345267,55.42473757583651,0.006061803097656047,24.0966680279104,0.006700596600162126,7.482381769498388,32.24438423738245,105.91262662495333
503.65049999965356,113.74407582938447,0,0.0,3.1698537617929907,0.005862179576651359,2.2869196223605086,0.008588818052397371,54.78251982021012,0.006030499388968568,23.75032996946144,0.006639711814168057,7.482381769498388,32.24438423738245,105.91262662495333
503.6604999996533,113.74407582938447,0,0.0,3.2750889456101056,0.005935151554021998,2.390217635101615,0.00866387967491429,54.15556080183633,0.006000059295868965,23.415961712026743,0.006580968834551325,7.482381769498388,32.24438423738245,105.91262662495333
503.6704999996531,113.74407582938447,0,0.0,3.3743966066101296,0.0060040814708522405,2.4857476622750405,0.008732949536555798,53.54522546496067,0.005970456419766235,23.092304452240132,0.006524188716402427,7.482381769498388,32.24438423738245,105.91262662495333
503.68049999965285,113.74407582938447,0,0.0,3.4694717176020164,0.0060699856629376535,2.574747891629946,0.008796668776474281,52.95349661804821,0.00594165070572471,22.77919898097712,0.0064692152614965245,7.482381769498388,32.24438423738245,105.91262662495333
503.6904999996526,113.74407582938447,0,0.0,3.5611928376768898,0.006133525518547375,2.6578760004832116,0.008855593183648397,52.37539637528076,0.005913621511197876,22.475351767578854,0.006415912294337647,7.482381769498388,32.24438423738245,105.91262662495333
503.7004999996524,113.74407582938447,0,0.0,3.6496087347459305,0.0061951358549083395,2.735233297512343,0.008910210914308327,51.812274339248255,0.0058863455494107975,22.179861649646703,0.006364160382419841,7.482381769498388,32.24438423738245,105.91262662495333
503.71049999965214,113.74407582938447,0,0.0,3.7355461485167964,0.006255106918204584,2.8078137181950424,0.008960959479601458,51.26608812549596,0.005859786080156431,21.892861099505776,0.006313854775022365,7.482381769498388,32.24438423738245,105.91262662495333
503.7204999996519,113.74407582938447,0,0.0,3.8193432262640483,0.006313633003045663,2.8760981609795406,0.00900823021270242,50.732076196406524,0.005833925295068504,21.613329771306084,0.006264903681221096,7.482381769498388,32.24438423738245,105.91262662495333
503.73049999965167,113.74407582938447,0,0.674579314250563,4.0427089583466636,0.006513405620275497,3.1409481410079887,0.009263017582191493,50.21181957968898,0.005808737311568759,21.340955476869635,0.006217225955540738,7.482381769498388,32.24438423738245,105.91262662495333
503.74049999965143,113.74407582938447,0,1.6072192901205773,4.682287974757694,0.007074365227157589,3.844217701009022,0.00990672331501782,49.70633989636401,0.005784209311271076,21.0747266500673,0.00617075100269027,7.482381769498388,32.24438423738245,105.91262662495333
503.7504999996512,113.74407582938447,0,2.570401351053232,5.433392483784476,0.007721515724444963,4.481716445167961,0.010475719900457753,49.21133515948704,0.0057603294305513236,20.81403282541226,0.006125428641966394,7.482381769498388,32.24438423738245,105.91262662495333
503.76049999965096,113.74407582938447,0,3.5552361998170796,6.072717061194123,0.008265134695356419,4.888742616872548,0.010831500640159707,48.728434375080134,0.005737071927350065,20.559050037631582,0.006081239318526305,7.482381769498388,32.24438423738245,105.91262662495333
503.7704999996507,113.74407582938447,0,4.552199322964894,6.512881694150867,0.008633057409367964,5.091355843544304,0.011001280619036904,48.25964200672586,0.005714401606018833,20.310704752399758,0.006038183656882313,7.482381769498388,32.24438423738245,105.91262662495333
503.7804999996505,113.74407582938447,0,5.5514062703830245,6.754104930663866,0.008827407330055896,5.144262374890401,0.01103581025717488,47.80067871322216,0.005692302465364948,20.068723276855593,0.005996267177272915,7.482381769498388,32.24438423738245,105.91262662495333
503.79049999965025,113.74407582938447,1,6.542905679310919,6.82356065691857,0.008873527680361223,5.15426825247958,0.01103581025717488,47.352858005274186,0.005670756187990048,19.8330049195444,0.005955489656730201,7.482381769498388,32.24438423738245,105.91262662495333
503.80049999965,113.74407582938447,1,7.516975612988799,6.833864955160545,0.008873527680361223,5.164572550721554,0.01103581025717488,46.91797210974136,0.005649732933559432,19.60414516905129,0.0059158379673829205,7.482381769498388,32.24438423738245,105.91262662495333
503.8104999996498,113.74407582938447,1,8.464408554977876,6.845829244148802,0.008873527680361223,5.176487865608075,0.01103581025717488,46.4921000724307,0.0056292169300251075,19.381868904991695,0.005877283212310402,7.482381769498388,32.24438423738245,105.91262662495333
503.82049999964954,113.74407582938447,1,9.376771182917146,6.860303479973291,0.008873527680361223,5.190913629123523,0.01103581025717488,46.07706319272068,0.005609176145522421,19.166665202647426,0.0058397789999414616,7.482381769498388,32.24438423738245,105.91262662495333
503.8304999996493,113.74407582938447,1,9.598485993824486,7.505413116120145,0.008873527680361223,5.648085783182129,0.01103581025717488,45.67525208377123,0.0055895668855223905,18.95976217840665,0.005803259501191333,7.482381769498388,32.24438423738245,105.91262662495333
503.84049999964907,113.74407582938447,1,9.598485993824486,11.332629373964373,0.008873527680361223,8.334099767881826,0.01103581025717488,45.28172227153993,0.005570388020696147,18.759137758135843,0.005767638427329552,7.482381769498388,32.24438423738245,105.91262662495333
503.85049999964883,113.74407582938447,1,9.598485993824486,18.504647440580122,0.008873527680361223,13.362378075030788,0.01103581025717488,44.896969536715346,0.005551650257876906,18.56277604590538,0.005732816649233169,7.482381769498388,32.24438423738245,105.91262662495333
503.8604999996486,113.74407582938447,1,9.598485993824486,28.80556589172405,0.008873527680361223,20.45187314076687,0.010979330835184575,44.5225267792588,0.005533337551305742,18.707310185771817,0.005754606087726813,7.482381769498388,32.24438423738245,105.91262662495333
503.87049999964836,113.74407582938447,1,9.598485993824486,41.9179509959215,0.008873527680361223,26.67605135921519,0.010316998971585719,44.15450995631384,0.005515445115992301,22.34063088424624,0.006355437610297462,7.482381769498388,32.24438423738245,105.91262662495333
503.8804999996481,113.74407582938447,1,9.598485993824486,53.80575246180764,0.00833331710781711,31.257971494672248,0.009459092278536084,49.043476425512544,0.005716943259411367,26.803337143646786,0.007095440608247613,7.482381769498388,32.24438423738245,105.91262662495333
503.8904999996479,113.74407582938447,1,9.598485993824486,60.75978041848628,0.007337858756765307,34.49487167816222,0.008661768607016842,55.646219661964686,0.006026465786964995,30.5751847096862,0.007723033900057731,7.482381769498388,32.24438423738245,105.91262662495333
503.90049999964765,113.74407582938447,1,9.598485993824486,65.32878358158003,0.0064299684705790726,36.6509082095427,0.007985909419416343,61.002360975255996,0.006285351626736677,33.38497174540323,0.008191173466141902,7.482381769498388,32.24438423738245,105.91262662495333
503.9104999996474,113.74407582938447,1,9.598485993824486,68.48713751161306,0.0056887692324096165,37.962022538546556,0.0074339260297251256,64.99968779228291,0.006480399952162449,35.30429642800378,0.008511297702601572,7.482381769498388,32.24438423738245,105.91262662495333
503.9204999996472,113.74407582938447,1,9.598485993824486,70.64140300850812,0.005098796284089853,38.63284177298891,0.006990808420747622,67.86532234193527,0.0066208801599457745,36.49341074141074,0.0087098541351198,7.482381769498388,32.24438423738245,105.91262662495333
503.93049999964694,113.74407582938447,1,9.598485993824486,72.02808301404492,0.004632870813243595,38.82695184325307,0.006638230689171023,69.82647379606105,0.006717718509862703,37.114425848513974,0.008813867519018652,7.482381769498388,32.24438423738245,105.91262662495333
503.9404999996467,113.74407582938447,1,9.598485993824486,72.81245191576626,0.00426702520591939,38.66956002188242,0.006359450116880046,71.07416102588601,0.006780027073431582,37.305836055482104,0.008846380141001765,7.482381769498388,32.24438423738245,105.91262662495333
503.95049999964647,113.74407582938447,1,9.598485993824486,73.1134868257552,0.003982363225880426,38.255349939402606,0.006140747233724402,71.7568644442493,0.006814871559937797,37.17728803184252,0.00882551246933383,7.482381769498388,32.24438423738245,105.91262662495333
503.96049999964623,113.74407582938447,1,9.598485993824486,73.01535169429657,0.0037648621555819665,37.64971131342921,0.00597147512017628,71.97758420994973,0.006827522283112418,36.81021340746522,0.008764890308951967,7.482381769498388,32.24438423738245,105.91262662495333
503.970499999646,113.74407582938447,1,9.598485993824486,72.57709154441935,0.0036045527629256684,36.89844312496492,0.005843726218873901,71.81535741486732,0.0068217428078656515,36.26384947333046,0.008674378539199406,7.482381769498388,32.24438423738245,105.91262662495333
503.98049999964576,113.74407582938447,1,9.598485993824486,71.83423302442023,0.0034948646836144744,36.03297496375402,0.005752048838464718,71.32425467268669,0.006800059955318384,35.57918934694387,0.008560686526737301,7.482381769498388,32.24438423738245,105.91262662495333
503.9904999996455,113.74407582938447,1,9.598485993824486,70.79600706994196,0.0034323997053849658,35.06465502578963,0.005693126012464662,70.52714313841227,0.006763908779076672,34.78058965264204,0.008427945400654885,7.482381769498388,32.24438423738245,105.91262662495333
