t,COMP_A.vol,COMP_A.pres,COMP_B.vol,COMP_B.pres,R_AB.flow
0.0005,0.09975,100,0.05025,50,0.5
0.010500000000000006,0.09524319670553148,95.4476734399308,0.05475680329446854,54.55232656006923,0.4089534687986156
0.020500000000000015,0.09155705102459961,91.72429396424204,0.05844294897540041,58.27570603575799,0.33448587928484047
0.030500000000000024,0.08854212689917135,88.67891605976904,0.061457873100828654,61.32108394023096,0.2735783211953807
0.04050000000000003,0.08607619954065432,86.18808034409527,0.0639238004593457,63.81191965590475,0.22376160688190516
0.05050000000000004,0.0840593004465124,84.1508085318307,0.06594069955348762,65.84919146816931,0.18301617063661396
0.06050000000000005,0.08240966468498018,82.48450978280826,0.06759033531501984,67.51549021719177,0.14969019565616493
0.07050000000000005,0.08106041615111445,81.12163247587318,0.06893958384888557,68.87836752412683,0.12243264951746355
0.08050000000000006,0.07995685641472282,80.00692567143719,0.0700431435852772,69.99307432856283,0.10013851342874361
0.09050000000000007,0.07905424725027513,79.09519924270215,0.0709457527497249,70.90480075729786,0.08190398485404288
0.10050000000000008,0.0783159969527345,78.34949187144899,0.07168400304726552,71.65050812855104,0.06698983742897952
0.11050000000000008,0.07771217691269283,77.73957263908366,0.07228782308730719,72.26042736091635,0.054791452781673085
0.1205000000000001,0.07721830831288251,77.24071546755809,0.07278169168711751,72.75928453244192,0.04481430935116165
0.1305000000000001,0.07681436975883622,76.8326967260972,0.0731856302411638,73.16730327390282,0.03665393452194379
0.1405000000000001,0.07648398561311877,76.49897536678664,0.07351601438688125,73.50102463321338,0.02997950733573262
0.1505000000000001,0.07621376212826433,76.22602235178215,0.07378623787173569,73.77397764821788,0.02452044703564269
0.16050000000000011,0.07599274446530016,76.00277218717189,0.07400725553469986,73.99722781282814,0.020055443743437422
0.17050000000000012,0.07581197258543024,75.8201743287174,0.07418802741456978,74.17982567128261,0.016403486574347852
0.18050000000000013,0.07566411801076217,75.67082627349714,0.07433588198923785,74.32917372650289,0.013416525469942542
0.19050000000000014,0.07554318672838564,75.5486734630158,0.07445681327161438,74.45132653698423,0.010973469260315767
0.20050000000000015,0.07544427619355734,75.4487638318761,0.07455572380644268,74.55123616812392,0.008975276637521717
0.21050000000000016,0.07536337658091982,75.36704705143417,0.0746366234190802,74.63295294856586,0.0073409410286831185
0.22050000000000017,0.07529720822649469,75.30021032979262,0.07470279177350533,74.69978967020741,0.0060042065958521105
0.23050000000000018,0.07524308867036096,75.24554411147571,0.07475691132963906,74.7544558885243,0.004910882229514044
0.24050000000000019,0.07519882390993952,75.20083223226214,0.0748011760900605,74.79916776773787,0.004016644645242735
0.25050000000000017,0.07516261945529976,75.16426207606037,0.07483738054470027,74.83573792393966,0.0032852415212070696
0.2605000000000002,0.07513300758067795,75.13435109159389,0.07486699241932207,74.86564890840613,0.0026870218318775585
0.2705000000000002,0.07510878782298952,75.1098866898884,0.0748912121770105,74.89011331011163,0.0021977337977676825
0.2805000000000002,0.07508897831514924,75.08987708600934,0.07491102168485078,74.91012291399069,0.001797541720186473
0.2905000000000002,0.07507277598125628,75.07351109217807,0.07492722401874374,74.92648890782196,0.001470221843561035
0.3005000000000002,0.07505952397995995,75.06012523228279,0.07494047602004007,74.93987476771724,0.0012025046456554378
0.3105000000000002,0.07504868507616264,75.04917684460872,0.07495131492383739,74.95082315539129,0.0009835368921743283
0.32050000000000023,0.07503981986155087,75.04022208237461,0.07496018013844916,74.95977791762542,0.0008044416474919558
0.33050000000000024,0.07503256894101662,75.0328979202188,0.0749674310589834,74.96710207978121,0.0006579584043758757
0.34050000000000025,0.07502663836280771,75.0269074371795,0.07497336163719232,74.97309256282051,0.0005381487435899146
0.35050000000000026,0.07502178770174668,75.0220077795421,0.07497821229825334,74.97799222045792,0.0004401555908417265
0.36050000000000026,0.07501782031241291,75.0180003155686,0.07498217968758711,74.98199968443143,0.00036000631137170555
0.3705000000000003,0.07501457535715267,75.01472258298249,0.07498542464284735,74.98527741701753,0.00029445165964958164
0.3805000000000003,0.07501192128573311,75.01204170276073,0.07498807871426691,74.9879582972393,0.00024083405521423628
0.3905000000000003,0.07500975050230618,75.00984899222847,0.07499024949769384,74.99015100777156,0.00019697984456911398
0.4005000000000003,0.07500797500348129,75.00805555907202,0.07499202499651873,74.99194444092801,0.0001611111814401056
0.4105000000000003,0.07500652281067471,75.00658869765122,0.07499347718932531,74.99341130234879,0.00013177395302435002
0.4205000000000003,0.07500533505210351,75.00538894151869,0.07499466494789651,74.99461105848134,0.00010777883037349056
0.4305000000000003,0.07500436357612791,75.00440765265445,0.07499563642387211,74.99559234734556,0.00008815305308885968
0.44050000000000034,0.07500356899918774,75.0036050496846,0.07499643100081228,74.99639495031543,0.00007210099369160616
0.45050000000000034,0.07500291910919593,75.0029485951474,0.07499708089080409,74.99705140485261,0.000058971902947888566
0.46050000000000035,0.07500238755966296,75.00241167642723,0.07499761244033706,74.9975883235728,0.00004823352854430141
0.47050000000000036,0.07500195280161225,75.00197252688105,0.07499804719838778,74.99802747311897,0.00003945053762080875
0.48050000000000037,0.07500159720998642,75.00161334342062,0.0749984027900136,74.9983866565794,0.000032266868412165196
0.4905000000000004,0.07500130636912868,75.00131956477644,0.07499869363087135,74.99868043522358,0.000026391295528611635
0.5005000000000003,0.0750010684883734,75.00107928118526,0.07499893151162662,74.99892071881477,0.000021585623704822866
0.5104999999999992,0.07500087392405334,75.00088275156904,0.07499912607594668,74.99911724843099,0.000017655031380456877
0.5204999999999981,0.07500071478854616,75.00072200863248,0.07499928521145387,74.99927799136755,0.00001444017264930153
0.530499999999997,0.0750005846305108,75.00059053586949,0.07499941536948922,74.99940946413052,0.000011810717389693081
0.5404999999999959,0.07500047817335073,75.00048300338457,0.07499952182664929,74.99951699661544,0.000009660067691328323
0.5504999999999948,0.07500039110130094,75.00039505181913,0.07499960889869908,74.99960494818089,0.000007901036382378378
0.5604999999999937,0.07500031988446736,75.00032311562359,0.07499968011553267,74.99967688437644,0.000006462312471455789
0.5704999999999926,0.07500026163572507,75.00026427851017,0.07499973836427495,74.99973572148986,0.000005285570203170664
0.5804999999999915,0.07500021399367465,75.00021615522692,0.07499978600632537,74.9997838447731,0.000004323104538173084
0.5904999999999904,0.07500017502691111,75.00017679485971,0.07499982497308891,74.99982320514032,0.0000035358971939558616
0.6004999999999893,0.07500014315572488,75.0001446017423,0.07499985684427514,74.99985539825772,0.0000028920348458427725
0.6104999999999882,0.07500011708806054,75.00011827076821,0.07499988291193949,74.9998817292318,0.0000023654153640961794
0.6204999999999871,0.07500009576713702,75.00009673448184,0.074999904232863,74.99990326551818,0.0000019346896365846077
0.630499999999986,0.07500007832860577,75.0000791198038,0.07499992167139426,74.99992088019621,0.0000015823960758609702
0.6404999999999849,0.07500006406551006,75.00006471263643,0.07499993593448996,74.9999352873636,0.0000012942527283144045
0.6504999999999838,0.07500005239962514,75.00005292891427,0.07499994760037489,74.99994707108574,0.0000010585782852956526
0.6604999999999827,0.07500004285801695,75.00004329092621,0.07499995714198307,74.9999567090738,8.658185241472438e-7
0.6704999999999816,0.07500003505386942,75.0000354079489,0.0749999649461306,74.99996459205111,7.081589778579201e-7
0.6804999999999805,0.07500002867080299,75.00002896040706,0.07499997132919703,74.99997103959295,5.792081411470917e-7
0.6904999999999794,0.07500002345004869,75.00002368691787,0.07499997654995133,74.99997631308216,4.73738357129605e-7
0.7004999999999783,0.07500001917995754,75.00001937369449,0.07499998082004249,74.99998062630554,3.874738894182883e-7
0.7104999999999771,0.07500001568742033,75.00001584587912,0.07499998431257969,74.99998415412091,3.1691758209717593e-7
0.720499999999976,0.07500001283084991,75.00001296045446,0.07499998716915011,74.99998703954556,2.592090889663723e-7
0.730499999999975,0.07500001049444116,75.00001060044562,0.07499998950555886,74.99998939955441,2.120089121149249e-7
0.7404999999999738,0.07500000858347623,75.00000867017802,0.07499999141652379,74.99999132982201,1.7340356009754032e-7
0.7504999999999727,0.07500000702048477,75.00000709139876,0.07499999297951525,74.99999290860127,1.4182797485773336e-7
0.7604999999999716,0.0750000057421032,75.00000580010426,0.07499999425789682,74.99999419989577,1.1600208495110564e-7
0.7704999999999705,0.07500000469650603,75.00000474394548,0.074999995303494,74.99999525605453,9.487890949344546e-8
0.7804999999999694,0.07500000384130488,75.00000388010594,0.07499999615869514,74.99999611989408,7.760211857998911e-8
0.7904999999999683,0.07500000314182989,75.00000317356555,0.07499999685817013,74.99999682643447,6.347131076722689e-8
0.8004999999999672,0.07500000256972449,75.0000025956813,0.07499999743027554,74.99999740431873,5.19136256116326e-8
0.8104999999999661,0.07500000210179548,75.00000212302574,0.07499999789820454,74.99999787697428,4.246051460654598e-8
0.820499999999965,0.07500000171907309,75.00000173643747,0.07499999828092693,74.99999826356256,3.47287490853887e-8
0.8304999999999639,0.0750000014060418,75.00000142024425,0.07499999859395823,74.99999857975578,2.8404884631072492e-8
0.8404999999999628,0.07500000115001133,75.00000116162761,0.07499999884998869,74.9999988383724,2.3232552024410325e-8
0.8504999999999617,0.07500000094060225,75.00000095010328,0.07499999905939778,74.99999904989674,1.9002065414497338e-8
0.8604999999999606,0.0750000007693251,75.00000077709606,0.07499999923067492,74.99999922290395,1.5541921101203115e-8
0.8704999999999595,0.07500000062923634,75.00000063559226,0.07499999937076368,74.99999936440777,1.2711844874502277e-8
0.8804999999999584,0.07500000051465677,75.00000051985532,0.07499999948534325,74.9999994801447,1.039710625150292e-8
0.8904999999999573,0.07500000042094135,75.00000042519328,0.07499999957905867,74.99999957480674,8.503865416287226e-9
0.9004999999999562,0.07500000034429087,75.00000034776856,0.07499999965570915,74.99999965223147,6.955370963623863e-9
0.9104999999999551,0.0750000002815979,75.00000028444231,0.07499999971840213,74.9999997155577,5.688846016482785e-9
0.920499999999954,0.07500000023032084,75.00000023264731,0.07499999976967918,74.9999997673527,4.652946046235229e-9
0.9304999999999529,0.075000000188381,75.00000019028384,0.07499999981161902,74.99999980971619,3.805676556112303e-9
0.9404999999999518,0.07500000015407816,75.0000001556345,0.07499999984592186,74.99999984436552,3.1126897681588162e-9
0.9504999999999507,0.07500000012602158,75.00000012729451,0.07499999987397844,74.9999998727055,2.5458901120600785e-9
0.9604999999999496,0.07500000010307392,75.00000010411507,0.0749999998969261,74.99999989588494,2.0823013358040042e-9
0.9704999999999485,0.07500000008430485,75.00000008515642,0.07499999991569517,74.9999999148436,1.7031281629442675e-9
0.9804999999999474,0.07500000006895353,75.00000006965003,0.07499999993104649,74.99999993034999,1.3930004172379995e-9
0.9904999999999463,0.07500000005639758,75.00000005696725,0.07499999994360244,74.99999994303278,1.1393447607588313e-9
1.0004999999999453,0.07500000004612797,75.00000004659391,0.07499999995387205,74.99999995340612,9.318779348177486e-10
1.0104999999999442,0.0750000000377284,75.0000000381095,0.07499999996227162,74.99999996189052,7.621898134857474e-10
1.0204999999999431,0.07500000003085834,75.00000003117003,0.07499999996914168,74.99999996882998,6.234004956695572e-10
1.030499999999942,0.07500000002523927,75.0000000254942,0.07499999997476076,74.99999997450583,5.09883761878882e-10
1.040499999999941,0.07500000002064339,75.0000000208519,0.07499999997935664,74.99999997914811,4.1703785313984554e-10
1.0504999999999398,0.07500000001688438,75.00000001705493,0.07499999998311564,74.9999999829451,3.410983140383905e-10
1.0604999999999387,0.07500000001380987,75.00000001394936,0.07499999998619016,74.99999998605065,2.789870734432043e-10
1.0704999999999376,0.07500000001129521,75.0000000114093,0.07499999998870481,74.99999998859072,2.2818582579020585e-10
1.0804999999999365,0.07500000000923845,75.00000000933177,0.07499999999076157,74.99999999066826,1.8663513401406818e-10
1.0904999999999354,0.07500000000755622,75.00000000763255,0.0749999999924438,74.99999999236748,1.526507276139455e-10
1.1004999999999343,0.0750000000061803,75.00000000624273,0.07499999999381972,74.9999999937573,1.2485429579101037e-10
1.1104999999999332,0.07500000000505493,75.00000000510599,0.0749999999949451,74.99999999489404,1.0211948620053591e-10
1.120499999999932,0.0750000000041345,75.00000000417626,0.07499999999586553,74.99999999582377,8.352486702278838e-11
1.130499999999931,0.07500000000338165,75.0000000034158,0.07499999999661837,74.99999999658422,6.83158418723906e-11
1.14049999999993,0.0750000000027659,75.00000000279383,0.07499999999723413,74.99999999720619,5.5876370197438516e-11
1.1504999999999288,0.07500000000226226,75.00000000228512,0.07499999999773777,74.99999999771491,4.5702108764089644e-11
1.1604999999999277,0.07500000000185032,75.00000000186901,0.0749999999981497,74.999999998131,3.7380090134320197e-11
1.1704999999999266,0.07500000000151337,75.00000000152866,0.07499999999848665,74.99999999847135,3.057309072573844e-11
1.1804999999999255,0.0750000000012378,75.0000000012503,0.07499999999876222,74.99999999874971,2.5005846282510903e-11
1.1904999999999244,0.0750000000010124,75.00000000102263,0.07499999999898763,74.9999999989774,2.0452262106118724e-11
1.2004999999999233,0.07500000000082804,75.00000000083641,0.07499999999917198,74.9999999991636,1.6728023410905736e-11
1.2104999999999222,0.07500000000067725,75.00000000068408,0.07499999999932278,74.99999999931593,1.3681500377060729e-11
1.220499999999921,0.07500000000055393,75.00000000055952,0.0749999999994461,74.9999999994405,1.1190195436938667e-11
1.23049999999992,0.07500000000045308,75.00000000045766,0.07499999999954694,74.99999999954237,9.152927304967307e-12
1.240499999999919,0.0750000000003706,75.00000000037436,0.07499999999962942,74.99999999962567,7.486846698157024e-12
1.2504999999999178,0.07500000000030312,75.00000000030619,0.0749999999996969,74.99999999969384,6.123457296780543e-12
1.2604999999999167,0.07500000000024788,75.00000000025038,0.07499999999975214,74.99999999974965,5.007336767448578e-12
1.2704999999999156,0.07500000000020272,75.00000000020478,0.0749999999997973,74.99999999979525,4.0952841118269135e-12
1.2804999999999145,0.07500000000016581,75.00000000016749,0.07499999999983421,74.99999999983254,3.349498456373112e-12
1.2904999999999134,0.07500000000013561,75.00000000013698,0.07499999999986441,74.99999999986304,2.7394264634494904e-12
1.3004999999999123,0.07500000000011091,75.00000000011204,0.07499999999988911,74.99999999988799,2.240483354398748e-12
1.3104999999999112,0.07500000000009072,75.00000000009163,0.0749999999999093,74.9999999999084,1.8323476069781463e-12
1.32049999999991,0.07500000000007419,75.00000000007493,0.07499999999992583,74.99999999992508,1.4985346297180513e-12
1.330499999999909,0.0750000000000607,75.0000000000613,0.07499999999993932,74.99999999993871,1.2259704362804768e-12
1.3404999999999079,0.07500000000004965,75.00000000005015,0.07499999999995037,74.99999999994986,1.0028600172518053e-12
1.3504999999999068,0.07500000000004062,75.00000000004104,0.0749999999999594,74.99999999995899,8.205347512557637e-13
1.3604999999999057,0.07500000000003323,75.00000000003357,0.07499999999996679,74.99999999996645,6.711786681989906e-13
1.3704999999999046,0.07500000000002718,75.00000000002746,0.07499999999997284,74.99999999997256,5.489653176482534e-13
1.3804999999999035,0.07500000000002223,75.00000000002245,0.07499999999997779,74.99999999997758,4.4877879190607925e-13
1.3904999999999024,0.07500000000001819,75.00000000001837,0.07499999999998183,74.99999999998165,3.6720848584081977e-13
1.4004999999999013,0.07500000000001489,75.00000000001504,0.07499999999998513,74.99999999998498,3.0055957722652236e-13
1.4104999999999002,0.07500000000001218,75.0000000000123,0.07499999999998784,74.99999999998772,2.4584778657299467e-13
1.420499999999899,0.07500000000000998,75.00000000001008,0.07499999999999005,74.99999999998995,2.0122570276726037e-13
1.430499999999898,0.07500000000000817,75.00000000000826,0.07499999999999185,74.99999999999177,1.6484591469634324e-13
1.4404999999998969,0.07500000000000669,75.00000000000675,0.07499999999999334,74.99999999999326,1.3486101124726702e-13
1.4504999999998958,0.07500000000000548,75.00000000000553,0.07499999999999454,74.99999999999449,1.1041834113711956e-13
1.4604999999998947,0.07500000000000448,75.00000000000452,0.07499999999999554,74.9999999999955,9.023892744153272e-14
1.4704999999998936,0.07500000000000365,75.0000000000037,0.07499999999999638,74.99999999999633,7.361222742474638e-14
1.4804999999998925,0.07500000000000304,75.00000000000307,0.07499999999999699,74.99999999999696,6.110667527536861e-14
1.4904999999998914,0.07500000000000248,75.00000000000252,0.07499999999999754,74.99999999999751,5.0022208597511053e-14
1.5004999999998903,0.075000000000002,75.000000000002,0.07499999999999803,74.99999999999801,3.993250174971763e-14
1.5104999999998892,0.07500000000000172,75.00000000000173,0.0749999999999983,74.9999999999983,3.439026841078885e-14
1.520499999999888,0.07500000000000144,75.00000000000145,0.07499999999999858,74.99999999999856,2.8848035071860065e-14
1.530499999999887,0.07500000000000116,75.00000000000118,0.07499999999999886,74.99999999999885,2.3305801732931285e-14
1.5404999999998858,0.07500000000000089,75.0000000000009,0.07499999999999914,74.99999999999912,1.7763568394002505e-14
1.5504999999998847,0.07500000000000069,75.0000000000007,0.07499999999999933,74.99999999999933,1.3642420526593923e-14
1.5604999999998836,0.07500000000000069,75.0000000000007,0.07499999999999933,74.99999999999933,1.3642420526593923e-14
1.5704999999998825,0.07500000000000069,75.0000000000007,0.07499999999999933,74.99999999999933,1.3642420526593923e-14
1.5804999999998814,0.07500000000000069,75.0000000000007,0.07499999999999933,74.99999999999933,1.3642420526593923e-14
1.5904999999998803,0.07500000000000069,75.0000000000007,0.07499999999999933,74.99999999999933,1.3642420526593923e-14
1.6004999999998792,0.07500000000000069,75.0000000000007,0.07499999999999933,74.99999999999933,1.3642420526593923e-14
1.6104999999998781,0.07500000000000069,75.0000000000007,0.07499999999999933,74.99999999999933,1.3642420526593923e-14
1.620499999999877,0.07500000000000069,75.0000000000007,0.07499999999999933,74.99999999999933,1.3642420526593923e-14
1.630499999999876,0.07500000000000069,75.0000000000007,0.07499999999999933,74.99999999999933,1.3642420526593923e-14
1.6404999999998748,0.07500000000000069,75.0000000000007,0.07499999999999933,74.99999999999933,1.3642420526593923e-14
1.6504999999998737,0.07500000000000069,75.0000000000007,0.07499999999999933,74.99999999999933,1.3642420526593923e-14
1.6604999999998726,0.07500000000000069,75.0000000000007,0.07499999999999933,74.99999999999933,1.3642420526593923e-14
1.6704999999998715,0.07500000000000069,75.0000000000007,0.07499999999999933,74.99999999999933,1.3642420526593923e-14
1.6804999999998704,0.07500000000000069,75.0000000000007,0.07499999999999933,74.99999999999933,1.3642420526593923e-14
1.6904999999998693,0.07500000000000069,75.0000000000007,0.07499999999999933,74.99999999999933,1.3642420526593923e-14
1.7004999999998682,0.07500000000000069,75.0000000000007,0.07499999999999933,74.99999999999933,1.3642420526593923e-14
1.7104999999998671,0.07500000000000069,75.0000000000007,0.07499999999999933,74.99999999999933,1.3642420526593923e-14
1.720499999999866,0.07500000000000069,75.0000000000007,0.07499999999999933,74.99999999999933,1.3642420526593923e-14
1.730499999999865,0.07500000000000069,75.0000000000007,0.07499999999999933,74.99999999999933,1.3642420526593923e-14
1.7404999999998638,0.07500000000000069,75.0000000000007,0.07499999999999933,74.99999999999933,1.3642420526593923e-14
1.7504999999998627,0.07500000000000069,75.0000000000007,0.07499999999999933,74.99999999999933,1.3642420526593923e-14
1.7604999999998616,0.07500000000000069,75.0000000000007,0.07499999999999933,74.99999999999933,1.3642420526593923e-14
1.7704999999998605,0.07500000000000069,75.0000000000007,0.07499999999999933,74.99999999999933,1.3642420526593923e-14
1.7804999999998594,0.07500000000000069,75.0000000000007,0.07499999999999933,74.99999999999933,1.3642420526593923e-14
1.7904999999998583,0.07500000000000069,75.0000000000007,0.07499999999999933,74.99999999999933,1.3642420526593923e-14
1.8004999999998572,0.07500000000000069,75.0000000000007,0.07499999999999933,74.99999999999933,1.3642420526593923e-14
1.8104999999998561,0.07500000000000069,75.0000000000007,0.07499999999999933,74.99999999999933,1.3642420526593923e-14
1.820499999999855,0.07500000000000069,75.0000000000007,0.07499999999999933,74.99999999999933,1.3642420526593923e-14
1.830499999999854,0.07500000000000069,75.0000000000007,0.07499999999999933,74.99999999999933,1.3642420526593923e-14
1.8404999999998528,0.07500000000000069,75.0000000000007,0.07499999999999933,74.99999999999933,1.3642420526593923e-14
1.8504999999998517,0.07500000000000069,75.0000000000007,0.07499999999999933,74.99999999999933,1.3642420526593923e-14
1.8604999999998506,0.07500000000000069,75.0000000000007,0.07499999999999933,74.99999999999933,1.3642420526593923e-14
1.8704999999998495,0.07500000000000069,75.0000000000007,0.07499999999999933,74.99999999999933,1.3642420526593923e-14
1.8804999999998484,0.07500000000000069,75.0000000000007,0.07499999999999933,74.99999999999933,1.3642420526593923e-14
1.8904999999998473,0.07500000000000069,75.0000000000007,0.07499999999999933,74.99999999999933,1.3642420526593923e-14
1.9004999999998462,0.07500000000000069,75.0000000000007,0.07499999999999933,74.99999999999933,1.3642420526593923e-14
1.910499999999845,0.07500000000000069,75.0000000000007,0.07499999999999933,74.99999999999933,1.3642420526593923e-14
1.920499999999844,0.07500000000000069,75.0000000000007,0.07499999999999933,74.99999999999933,1.3642420526593923e-14
1.930499999999843,0.07500000000000069,75.0000000000007,0.07499999999999933,74.99999999999933,1.3642420526593923e-14
1.9404999999998418,0.07500000000000069,75.0000000000007,0.07499999999999933,74.99999999999933,1.3642420526593923e-14
1.9504999999998407,0.07500000000000069,75.0000000000007,0.07499999999999933,74.99999999999933,1.3642420526593923e-14
1.9604999999998396,0.07500000000000069,75.0000000000007,0.07499999999999933,74.99999999999933,1.3642420526593923e-14
1.9704999999998385,0.07500000000000069,75.0000000000007,0.07499999999999933,74.99999999999933,1.3642420526593923e-14
1.9804999999998374,0.07500000000000069,75.0000000000007,0.07499999999999933,74.99999999999933,1.3642420526593923e-14
1.9904999999998363,0.07500000000000069,75.0000000000007,0.07499999999999933,74.99999999999933,1.3642420526593923e-14
2.0004999999998354,0.07500000000000069,75.0000000000007,0.07499999999999933,74.99999999999933,1.3642420526593923e-14
2.0104999999998387,0.07500000000000069,75.0000000000007,0.07499999999999933,74.99999999999933,1.3642420526593923e-14
2.020499999999842,0.07500000000000069,75.0000000000007,0.07499999999999933,74.99999999999933,1.3642420526593923e-14
2.0304999999998454,0.07500000000000069,75.0000000000007,0.07499999999999933,74.99999999999933,1.3642420526593923e-14
2.0404999999998488,0.07500000000000069,75.0000000000007,0.07499999999999933,74.99999999999933,1.3642420526593923e-14
2.050499999999852,0.07500000000000069,75.0000000000007,0.07499999999999933,74.99999999999933,1.3642420526593923e-14
2.0604999999998554,0.07500000000000069,75.0000000000007,0.07499999999999933,74.99999999999933,1.3642420526593923e-14
2.070499999999859,0.07500000000000069,75.0000000000007,0.07499999999999933,74.99999999999933,1.3642420526593923e-14
2.080499999999862,0.07500000000000069,75.0000000000007,0.07499999999999933,74.99999999999933,1.3642420526593923e-14
2.0904999999998655,0.07500000000000069,75.0000000000007,0.07499999999999933,74.99999999999933,1.3642420526593923e-14
2.100499999999869,0.07500000000000069,75.0000000000007,0.07499999999999933,74.99999999999933,1.3642420526593923e-14
2.110499999999872,0.07500000000000069,75.0000000000007,0.07499999999999933,74.99999999999933,1.3642420526593923e-14
2.1204999999998755,0.07500000000000069,75.0000000000007,0.07499999999999933,74.99999999999933,1.3642420526593923e-14
2.130499999999879,0.07500000000000069,75.0000000000007,0.07499999999999933,74.99999999999933,1.3642420526593923e-14
2.140499999999882,0.07500000000000069,75.0000000000007,0.07499999999999933,74.99999999999933,1.3642420526593923e-14
2.1504999999998855,0.07500000000000069,75.0000000000007,0.07499999999999933,74.99999999999933,1.3642420526593923e-14
2.160499999999889,0.07500000000000069,75.0000000000007,0.07499999999999933,74.99999999999933,1.3642420526593923e-14
2.170499999999892,0.07500000000000069,75.0000000000007,0.07499999999999933,74.99999999999933,1.3642420526593923e-14
2.1804999999998955,0.07500000000000069,75.0000000000007,0.07499999999999933,74.99999999999933,1.3642420526593923e-14
2.190499999999899,0.07500000000000069,75.0000000000007,0.07499999999999933,74.99999999999933,1.3642420526593923e-14
2.200499999999902,0.07500000000000069,75.0000000000007,0.07499999999999933,74.99999999999933,1.3642420526593923e-14
2.2104999999999055,0.07500000000000069,75.0000000000007,0.07499999999999933,74.99999999999933,1.3642420526593923e-14
2.220499999999909,0.07500000000000069,75.0000000000007,0.07499999999999933,74.99999999999933,1.3642420526593923e-14
2.230499999999912,0.07500000000000069,75.0000000000007,0.07499999999999933,74.99999999999933,1.3642420526593923e-14
2.2404999999999156,0.07500000000000069,75.0000000000007,0.07499999999999933,74.99999999999933,1.3642420526593923e-14
2.250499999999919,0.07500000000000069,75.0000000000007,0.07499999999999933,74.99999999999933,1.3642420526593923e-14
2.2604999999999222,0.07500000000000069,75.0000000000007,0.07499999999999933,74.99999999999933,1.3642420526593923e-14
2.2704999999999256,0.07500000000000069,75.0000000000007,0.07499999999999933,74.99999999999933,1.3642420526593923e-14
2.280499999999929,0.07500000000000069,75.0000000000007,0.07499999999999933,74.99999999999933,1.3642420526593923e-14
2.2904999999999323,0.07500000000000069,75.0000000000007,0.07499999999999933,74.99999999999933,1.3642420526593923e-14
2.3004999999999356,0.07500000000000069,75.0000000000007,0.07499999999999933,74.99999999999933,1.3642420526593923e-14
2.310499999999939,0.07500000000000069,75.0000000000007,0.07499999999999933,74.99999999999933,1.3642420526593923e-14
2.3204999999999423,0.07500000000000069,75.0000000000007,0.07499999999999933,74.99999999999933,1.3642420526593923e-14
2.3304999999999456,0.07500000000000069,75.0000000000007,0.07499999999999933,74.99999999999933,1.3642420526593923e-14
2.340499999999949,0.07500000000000069,75.0000000000007,0.07499999999999933,74.99999999999933,1.3642420526593923e-14
2.3504999999999523,0.07500000000000069,75.0000000000007,0.07499999999999933,74.99999999999933,1.3642420526593923e-14
2.3604999999999556,0.07500000000000069,75.0000000000007,0.07499999999999933,74.99999999999933,1.3642420526593923e-14
2.370499999999959,0.07500000000000069,75.0000000000007,0.07499999999999933,74.99999999999933,1.3642420526593923e-14
2.3804999999999623,0.07500000000000069,75.0000000000007,0.07499999999999933,74.99999999999933,1.3642420526593923e-14
2.3904999999999657,0.07500000000000069,75.0000000000007,0.07499999999999933,74.99999999999933,1.3642420526593923e-14
2.400499999999969,0.07500000000000069,75.0000000000007,0.07499999999999933,74.99999999999933,1.3642420526593923e-14
2.4104999999999723,0.07500000000000069,75.0000000000007,0.07499999999999933,74.99999999999933,1.3642420526593923e-14
2.4204999999999757,0.07500000000000069,75.0000000000007,0.07499999999999933,74.99999999999933,1.3642420526593923e-14
2.430499999999979,0.07500000000000069,75.0000000000007,0.07499999999999933,74.99999999999933,1.3642420526593923e-14
2.4404999999999824,0.07500000000000069,75.0000000000007,0.07499999999999933,74.99999999999933,1.3642420526593923e-14
2.4504999999999857,0.07500000000000069,75.0000000000007,0.07499999999999933,74.99999999999933,1.3642420526593923e-14
2.460499999999989,0.07500000000000069,75.0000000000007,0.07499999999999933,74.99999999999933,1.3642420526593923e-14
2.4704999999999924,0.07500000000000069,75.0000000000007,0.07499999999999933,74.99999999999933,1.3642420526593923e-14
2.4804999999999957,0.07500000000000069,75.0000000000007,0.07499999999999933,74.99999999999933,1.3642420526593923e-14
2.490499999999999,0.07500000000000069,75.0000000000007,0.07499999999999933,74.99999999999933,1.3642420526593923e-14
2.5005000000000024,0.07500000000000069,75.0000000000007,0.07499999999999933,74.99999999999933,1.3642420526593923e-14
2.5105000000000057,0.07500000000000069,75.0000000000007,0.07499999999999933,74.99999999999933,1.3642420526593923e-14
2.520500000000009,0.07500000000000069,75.0000000000007,0.07499999999999933,74.99999999999933,1.3642420526593923e-14
2.5305000000000124,0.07500000000000069,75.0000000000007,0.07499999999999933,74.99999999999933,1.3642420526593923e-14
2.5405000000000157,0.07500000000000069,75.0000000000007,0.07499999999999933,74.99999999999933,1.3642420526593923e-14
2.550500000000019,0.07500000000000069,75.0000000000007,0.07499999999999933,74.99999999999933,1.3642420526593923e-14
2.5605000000000224,0.07500000000000069,75.0000000000007,0.07499999999999933,74.99999999999933,1.3642420526593923e-14
2.5705000000000258,0.07500000000000069,75.0000000000007,0.07499999999999933,74.99999999999933,1.3642420526593923e-14
2.580500000000029,0.07500000000000069,75.0000000000007,0.07499999999999933,74.99999999999933,1.3642420526593923e-14
2.5905000000000324,0.07500000000000069,75.0000000000007,0.07499999999999933,74.99999999999933,1.3642420526593923e-14
2.600500000000036,0.07500000000000069,75.0000000000007,0.07499999999999933,74.99999999999933,1.3642420526593923e-14
2.610500000000039,0.07500000000000069,75.0000000000007,0.07499999999999933,74.99999999999933,1.3642420526593923e-14
2.6205000000000425,0.07500000000000069,75.0000000000007,0.07499999999999933,74.99999999999933,1.3642420526593923e-14
2.630500000000046,0.07500000000000069,75.0000000000007,0.07499999999999933,74.99999999999933,1.3642420526593923e-14
2.640500000000049,0.07500000000000069,75.0000000000007,0.07499999999999933,74.99999999999933,1.3642420526593923e-14
2.6505000000000525,0.07500000000000069,75.0000000000007,0.07499999999999933,74.99999999999933,1.3642420526593923e-14
2.660500000000056,0.07500000000000069,75.0000000000007,0.07499999999999933,74.99999999999933,1.3642420526593923e-14
2.670500000000059,0.07500000000000069,75.0000000000007,0.07499999999999933,74.99999999999933,1.3642420526593923e-14
2.6805000000000625,0.07500000000000069,75.0000000000007,0.07499999999999933,74.99999999999933,1.3642420526593923e-14
2.690500000000066,0.07500000000000069,75.0000000000007,0.07499999999999933,74.99999999999933,1.3642420526593923e-14
2.700500000000069,0.07500000000000069,75.0000000000007,0.07499999999999933,74.99999999999933,1.3642420526593923e-14
2.7105000000000725,0.07500000000000069,75.0000000000007,0.07499999999999933,74.99999999999933,1.3642420526593923e-14
2.720500000000076,0.07500000000000069,75.0000000000007,0.07499999999999933,74.99999999999933,1.3642420526593923e-14
2.730500000000079,0.07500000000000069,75.0000000000007,0.07499999999999933,74.99999999999933,1.3642420526593923e-14
2.7405000000000825,0.07500000000000069,75.0000000000007,0.07499999999999933,74.99999999999933,1.3642420526593923e-14
2.750500000000086,0.07500000000000069,75.0000000000007,0.07499999999999933,74.99999999999933,1.3642420526593923e-14
2.760500000000089,0.07500000000000069,75.0000000000007,0.07499999999999933,74.99999999999933,1.3642420526593923e-14
2.7705000000000926,0.07500000000000069,75.0000000000007,0.07499999999999933,74.99999999999933,1.3642420526593923e-14
2.780500000000096,0.07500000000000069,75.0000000000007,0.07499999999999933,74.99999999999933,1.3642420526593923e-14
2.7905000000000992,0.07500000000000069,75.0000000000007,0.07499999999999933,74.99999999999933,1.3642420526593923e-14
2.8005000000001026,0.07500000000000069,75.0000000000007,0.07499999999999933,74.99999999999933,1.3642420526593923e-14
2.810500000000106,0.07500000000000069,75.0000000000007,0.07499999999999933,74.99999999999933,1.3642420526593923e-14
2.8205000000001093,0.07500000000000069,75.0000000000007,0.07499999999999933,74.99999999999933,1.3642420526593923e-14
2.8305000000001126,0.07500000000000069,75.0000000000007,0.07499999999999933,74.99999999999933,1.3642420526593923e-14
2.840500000000116,0.07500000000000069,75.0000000000007,0.07499999999999933,74.99999999999933,1.3642420526593923e-14
2.8505000000001193,0.07500000000000069,75.0000000000007,0.07499999999999933,74.99999999999933,1.3642420526593923e-14
2.8605000000001226,0.07500000000000069,75.0000000000007,0.07499999999999933,74.99999999999933,1.3642420526593923e-14
2.870500000000126,0.07500000000000069,75.0000000000007,0.07499999999999933,74.99999999999933,1.3642420526593923e-14
2.8805000000001293,0.07500000000000069,75.0000000000007,0.07499999999999933,74.99999999999933,1.3642420526593923e-14
2.8905000000001326,0.07500000000000069,75.0000000000007,0.07499999999999933,74.99999999999933,1.3642420526593923e-14
2.900500000000136,0.07500000000000069,75.0000000000007,0.07499999999999933,74.99999999999933,1.3642420526593923e-14
2.9105000000001393,0.07500000000000069,75.0000000000007,0.07499999999999933,74.99999999999933,1.3642420526593923e-14
2.9205000000001426,0.07500000000000069,75.0000000000007,0.07499999999999933,74.99999999999933,1.3642420526593923e-14
2.930500000000146,0.07500000000000069,75.0000000000007,0.07499999999999933,74.99999999999933,1.3642420526593923e-14
2.9405000000001493,0.07500000000000069,75.0000000000007,0.07499999999999933,74.99999999999933,1.3642420526593923e-14
2.9505000000001527,0.07500000000000069,75.0000000000007,0.07499999999999933,74.99999999999933,1.3642420526593923e-14
2.960500000000156,0.07500000000000069,75.0000000000007,0.07499999999999933,74.99999999999933,1.3642420526593923e-14
2.9705000000001593,0.07500000000000069,75.0000000000007,0.07499999999999933,74.99999999999933,1.3642420526593923e-14
2.9805000000001627,0.07500000000000069,75.0000000000007,0.07499999999999933,74.99999999999933,1.3642420526593923e-14
2.990500000000166,0.07500000000000069,75.0000000000007,0.07499999999999933,74.99999999999933,1.3642420526593923e-14
3.0005000000001694,0.07500000000000069,75.0000000000007,0.07499999999999933,74.99999999999933,1.3642420526593923e-14
3.0105000000001727,0.07500000000000069,75.0000000000007,0.07499999999999933,74.99999999999933,1.3642420526593923e-14
3.020500000000176,0.07500000000000069,75.0000000000007,0.07499999999999933,74.99999999999933,1.3642420526593923e-14
3.0305000000001794,0.07500000000000069,75.0000000000007,0.07499999999999933,74.99999999999933,1.3642420526593923e-14
3.0405000000001827,0.07500000000000069,75.0000000000007,0.07499999999999933,74.99999999999933,1.3642420526593923e-14
3.050500000000186,0.07500000000000069,75.0000000000007,0.07499999999999933,74.99999999999933,1.3642420526593923e-14
3.0605000000001894,0.07500000000000069,75.0000000000007,0.07499999999999933,74.99999999999933,1.3642420526593923e-14
3.0705000000001927,0.07500000000000069,75.0000000000007,0.07499999999999933,74.99999999999933,1.3642420526593923e-14
3.080500000000196,0.07500000000000069,75.0000000000007,0.07499999999999933,74.99999999999933,1.3642420526593923e-14
3.0905000000001994,0.07500000000000069,75.0000000000007,0.07499999999999933,74.99999999999933,1.3642420526593923e-14
3.1005000000002028,0.07500000000000069,75.0000000000007,0.07499999999999933,74.99999999999933,1.3642420526593923e-14
3.110500000000206,0.07500000000000069,75.0000000000007,0.07499999999999933,74.99999999999933,1.3642420526593923e-14
3.1205000000002094,0.07500000000000069,75.0000000000007,0.07499999999999933,74.99999999999933,1.3642420526593923e-14
3.130500000000213,0.07500000000000069,75.0000000000007,0.07499999999999933,74.99999999999933,1.3642420526593923e-14
3.140500000000216,0.07500000000000069,75.0000000000007,0.07499999999999933,74.99999999999933,1.3642420526593923e-14
3.1505000000002195,0.07500000000000069,75.0000000000007,0.07499999999999933,74.99999999999933,1.3642420526593923e-14
3.160500000000223,0.07500000000000069,75.0000000000007,0.07499999999999933,74.99999999999933,1.3642420526593923e-14
3.170500000000226,0.07500000000000069,75.0000000000007,0.07499999999999933,74.99999999999933,1.3642420526593923e-14
3.1805000000002295,0.07500000000000069,75.0000000000007,0.07499999999999933,74.99999999999933,1.3642420526593923e-14
3.190500000000233,0.07500000000000069,75.0000000000007,0.07499999999999933,74.99999999999933,1.3642420526593923e-14
3.200500000000236,0.07500000000000069,75.0000000000007,0.07499999999999933,74.99999999999933,1.3642420526593923e-14
3.2105000000002395,0.07500000000000069,75.0000000000007,0.07499999999999933,74.99999999999933,1.3642420526593923e-14
3.220500000000243,0.07500000000000069,75.0000000000007,0.07499999999999933,74.99999999999933,1.3642420526593923e-14
3.230500000000246,0.07500000000000069,75.0000000000007,0.07499999999999933,74.99999999999933,1.3642420526593923e-14
3.2405000000002495,0.07500000000000069,75.0000000000007,0.07499999999999933,74.99999999999933,1.3642420526593923e-14
3.250500000000253,0.07500000000000069,75.0000000000007,0.07499999999999933,74.99999999999933,1.3642420526593923e-14
3.260500000000256,0.07500000000000069,75.0000000000007,0.07499999999999933,74.99999999999933,1.3642420526593923e-14
3.2705000000002595,0.07500000000000069,75.0000000000007,0.07499999999999933,74.99999999999933,1.3642420526593923e-14
3.280500000000263,0.07500000000000069,75.0000000000007,0.07499999999999933,74.99999999999933,1.3642420526593923e-14
3.290500000000266,0.07500000000000069,75.0000000000007,0.07499999999999933,74.99999999999933,1.3642420526593923e-14
3.3005000000002696,0.07500000000000069,75.0000000000007,0.07499999999999933,74.99999999999933,1.3642420526593923e-14
3.310500000000273,0.07500000000000069,75.0000000000007,0.07499999999999933,74.99999999999933,1.3642420526593923e-14
3.3205000000002762,0.07500000000000069,75.0000000000007,0.07499999999999933,74.99999999999933,1.3642420526593923e-14
3.3305000000002796,0.07500000000000069,75.0000000000007,0.07499999999999933,74.99999999999933,1.3642420526593923e-14
3.340500000000283,0.07500000000000069,75.0000000000007,0.07499999999999933,74.99999999999933,1.3642420526593923e-14
3.3505000000002862,0.07500000000000069,75.0000000000007,0.07499999999999933,74.99999999999933,1.3642420526593923e-14
3.3605000000002896,0.07500000000000069,75.0000000000007,0.07499999999999933,74.99999999999933,1.3642420526593923e-14
3.370500000000293,0.07500000000000069,75.0000000000007,0.07499999999999933,74.99999999999933,1.3642420526593923e-14
3.3805000000002963,0.07500000000000069,75.0000000000007,0.07499999999999933,74.99999999999933,1.3642420526593923e-14
3.3905000000002996,0.07500000000000069,75.0000000000007,0.07499999999999933,74.99999999999933,1.3642420526593923e-14
3.400500000000303,0.07500000000000069,75.0000000000007,0.07499999999999933,74.99999999999933,1.3642420526593923e-14
3.4105000000003063,0.07500000000000069,75.0000000000007,0.07499999999999933,74.99999999999933,1.3642420526593923e-14
3.4205000000003096,0.07500000000000069,75.0000000000007,0.07499999999999933,74.99999999999933,1.3642420526593923e-14
3.430500000000313,0.07500000000000069,75.0000000000007,0.07499999999999933,74.99999999999933,1.3642420526593923e-14
3.4405000000003163,0.07500000000000069,75.0000000000007,0.07499999999999933,74.99999999999933,1.3642420526593923e-14
3.4505000000003196,0.07500000000000069,75.0000000000007,0.07499999999999933,74.99999999999933,1.3642420526593923e-14
3.460500000000323,0.07500000000000069,75.0000000000007,0.07499999999999933,74.99999999999933,1.3642420526593923e-14
3.4705000000003263,0.07500000000000069,75.0000000000007,0.07499999999999933,74.99999999999933,1.3642420526593923e-14
3.4805000000003297,0.07500000000000069,75.0000000000007,0.07499999999999933,74.99999999999933,1.3642420526593923e-14
3.490500000000333,0.07500000000000069,75.0000000000007,0.07499999999999933,74.99999999999933,1.3642420526593923e-14
3.5005000000003363,0.07500000000000069,75.0000000000007,0.07499999999999933,74.99999999999933,1.3642420526593923e-14
3.5105000000003397,0.07500000000000069,75.0000000000007,0.07499999999999933,74.99999999999933,1.3642420526593923e-14
3.520500000000343,0.07500000000000069,75.0000000000007,0.07499999999999933,74.99999999999933,1.3642420526593923e-14
3.5305000000003464,0.07500000000000069,75.0000000000007,0.07499999999999933,74.99999999999933,1.3642420526593923e-14
3.5405000000003497,0.07500000000000069,75.0000000000007,0.07499999999999933,74.99999999999933,1.3642420526593923e-14
3.550500000000353,0.07500000000000069,75.0000000000007,0.07499999999999933,74.99999999999933,1.3642420526593923e-14
3.5605000000003564,0.07500000000000069,75.0000000000007,0.07499999999999933,74.99999999999933,1.3642420526593923e-14
3.5705000000003597,0.07500000000000069,75.0000000000007,0.07499999999999933,74.99999999999933,1.3642420526593923e-14
3.580500000000363,0.07500000000000069,75.0000000000007,0.07499999999999933,74.99999999999933,1.3642420526593923e-14
3.5905000000003664,0.07500000000000069,75.0000000000007,0.07499999999999933,74.99999999999933,1.3642420526593923e-14
3.6005000000003697,0.07500000000000069,75.0000000000007,0.07499999999999933,74.99999999999933,1.3642420526593923e-14
3.610500000000373,0.07500000000000069,75.0000000000007,0.07499999999999933,74.99999999999933,1.3642420526593923e-14
3.6205000000003764,0.07500000000000069,75.0000000000007,0.07499999999999933,74.99999999999933,1.3642420526593923e-14
3.6305000000003798,0.07500000000000069,75.0000000000007,0.07499999999999933,74.99999999999933,1.3642420526593923e-14
3.640500000000383,0.07500000000000069,75.0000000000007,0.07499999999999933,74.99999999999933,1.3642420526593923e-14
3.6505000000003864,0.07500000000000069,75.0000000000007,0.07499999999999933,74.99999999999933,1.3642420526593923e-14
3.6605000000003898,0.07500000000000069,75.0000000000007,0.07499999999999933,74.99999999999933,1.3642420526593923e-14
3.670500000000393,0.07500000000000069,75.0000000000007,0.07499999999999933,74.99999999999933,1.3642420526593923e-14
3.6805000000003965,0.07500000000000069,75.0000000000007,0.07499999999999933,74.99999999999933,1.3642420526593923e-14
3.6905000000004,0.07500000000000069,75.0000000000007,0.07499999999999933,74.99999999999933,1.3642420526593923e-14
3.700500000000403,0.07500000000000069,75.0000000000007,0.07499999999999933,74.99999999999933,1.3642420526593923e-14
3.7105000000004065,0.07500000000000069,75.0000000000007,0.07499999999999933,74.99999999999933,1.3642420526593923e-14
3.72050000000041,0.07500000000000069,75.0000000000007,0.07499999999999933,74.99999999999933,1.3642420526593923e-14
3.730500000000413,0.07500000000000069,75.0000000000007,0.07499999999999933,74.99999999999933,1.3642420526593923e-14
3.7405000000004165,0.07500000000000069,75.0000000000007,0.07499999999999933,74.99999999999933,1.3642420526593923e-14
3.75050000000042,0.07500000000000069,75.0000000000007,0.07499999999999933,74.99999999999933,1.3642420526593923e-14
3.760500000000423,0.07500000000000069,75.0000000000007,0.07499999999999933,74.99999999999933,1.3642420526593923e-14
3.7705000000004265,0.07500000000000069,75.0000000000007,0.07499999999999933,74.99999999999933,1.3642420526593923e-14
3.78050000000043,0.07500000000000069,75.0000000000007,0.07499999999999933,74.99999999999933,1.3642420526593923e-14
3.790500000000433,0.07500000000000069,75.0000000000007,0.07499999999999933,74.99999999999933,1.3642420526593923e-14
3.8005000000004365,0.07500000000000069,75.0000000000007,0.07499999999999933,74.99999999999933,1.3642420526593923e-14
3.81050000000044,0.07500000000000069,75.0000000000007,0.07499999999999933,74.99999999999933,1.3642420526593923e-14
3.820500000000443,0.07500000000000069,75.0000000000007,0.07499999999999933,74.99999999999933,1.3642420526593923e-14
3.8305000000004465,0.07500000000000069,75.0000000000007,0.07499999999999933,74.99999999999933,1.3642420526593923e-14
3.84050000000045,0.07500000000000069,75.0000000000007,0.07499999999999933,74.99999999999933,1.3642420526593923e-14
3.8505000000004532,0.07500000000000069,75.0000000000007,0.07499999999999933,74.99999999999933,1.3642420526593923e-14
3.8605000000004566,0.07500000000000069,75.0000000000007,0.07499999999999933,74.99999999999933,1.3642420526593923e-14
3.87050000000046,0.07500000000000069,75.0000000000007,0.07499999999999933,74.99999999999933,1.3642420526593923e-14
3.8805000000004632,0.07500000000000069,75.0000000000007,0.07499999999999933,74.99999999999933,1.3642420526593923e-14
3.8905000000004666,0.07500000000000069,75.0000000000007,0.07499999999999933,74.99999999999933,1.3642420526593923e-14
3.90050000000047,0.07500000000000069,75.0000000000007,0.07499999999999933,74.99999999999933,1.3642420526593923e-14
3.9105000000004733,0.07500000000000069,75.0000000000007,0.07499999999999933,74.99999999999933,1.3642420526593923e-14
3.9205000000004766,0.07500000000000069,75.0000000000007,0.07499999999999933,74.99999999999933,1.3642420526593923e-14
3.93050000000048,0.07500000000000069,75.0000000000007,0.07499999999999933,74.99999999999933,1.3642420526593923e-14
3.9405000000004833,0.07500000000000069,75.0000000000007,0.07499999999999933,74.99999999999933,1.3642420526593923e-14
3.9505000000004866,0.07500000000000069,75.0000000000007,0.07499999999999933,74.99999999999933,1.3642420526593923e-14
3.96050000000049,0.07500000000000069,75.0000000000007,0.07499999999999933,74.99999999999933,1.3642420526593923e-14
3.9705000000004933,0.07500000000000069,75.0000000000007,0.07499999999999933,74.99999999999933,1.3642420526593923e-14
3.9805000000004966,0.07500000000000069,75.0000000000007,0.07499999999999933,74.99999999999933,1.3642420526593923e-14
3.9905000000005,0.07500000000000069,75.0000000000007,0.07499999999999933,74.99999999999933,1.3642420526593923e-14
4.000500000000502,0.07500000000000069,75.0000000000007,0.07499999999999933,74.99999999999933,1.3642420526593923e-14
4.010500000000497,0.07500000000000069,75.0000000000007,0.07499999999999933,74.99999999999933,1.3642420526593923e-14
4.020500000000491,0.07500000000000069,75.0000000000007,0.07499999999999933,74.99999999999933,1.3642420526593923e-14
4.030500000000486,0.07500000000000069,75.0000000000007,0.07499999999999933,74.99999999999933,1.3642420526593923e-14
4.04050000000048,0.07500000000000069,75.0000000000007,0.07499999999999933,74.99999999999933,1.3642420526593923e-14
4.050500000000475,0.07500000000000069,75.0000000000007,0.07499999999999933,74.99999999999933,1.3642420526593923e-14
4.060500000000469,0.07500000000000069,75.0000000000007,0.07499999999999933,74.99999999999933,1.3642420526593923e-14
4.070500000000464,0.07500000000000069,75.0000000000007,0.07499999999999933,74.99999999999933,1.3642420526593923e-14
4.080500000000458,0.07500000000000069,75.0000000000007,0.07499999999999933,74.99999999999933,1.3642420526593923e-14
4.0905000000004526,0.07500000000000069,75.0000000000007,0.07499999999999933,74.99999999999933,1.3642420526593923e-14
4.100500000000447,0.07500000000000069,75.0000000000007,0.07499999999999933,74.99999999999933,1.3642420526593923e-14
4.1105000000004415,0.07500000000000069,75.0000000000007,0.07499999999999933,74.99999999999933,1.3642420526593923e-14
4.120500000000436,0.07500000000000069,75.0000000000007,0.07499999999999933,74.99999999999933,1.3642420526593923e-14
4.13050000000043,0.07500000000000069,75.0000000000007,0.07499999999999933,74.99999999999933,1.3642420526593923e-14
4.140500000000425,0.07500000000000069,75.0000000000007,0.07499999999999933,74.99999999999933,1.3642420526593923e-14
4.150500000000419,0.07500000000000069,75.0000000000007,0.07499999999999933,74.99999999999933,1.3642420526593923e-14
4.160500000000414,0.07500000000000069,75.0000000000007,0.07499999999999933,74.99999999999933,1.3642420526593923e-14
4.170500000000408,0.07500000000000069,75.0000000000007,0.07499999999999933,74.99999999999933,1.3642420526593923e-14
4.180500000000403,0.07500000000000069,75.0000000000007,0.07499999999999933,74.99999999999933,1.3642420526593923e-14
4.190500000000397,0.07500000000000069,75.0000000000007,0.07499999999999933,74.99999999999933,1.3642420526593923e-14
4.200500000000392,0.07500000000000069,75.0000000000007,0.07499999999999933,74.99999999999933,1.3642420526593923e-14
4.210500000000386,0.07500000000000069,75.0000000000007,0.07499999999999933,74.99999999999933,1.3642420526593923e-14
4.2205000000003805,0.07500000000000069,75.0000000000007,0.07499999999999933,74.99999999999933,1.3642420526593923e-14
4.230500000000375,0.07500000000000069,75.0000000000007,0.07499999999999933,74.99999999999933,1.3642420526593923e-14
4.240500000000369,0.07500000000000069,75.0000000000007,0.07499999999999933,74.99999999999933,1.3642420526593923e-14
4.250500000000364,0.07500000000000069,75.0000000000007,0.07499999999999933,74.99999999999933,1.3642420526593923e-14
4.260500000000358,0.07500000000000069,75.0000000000007,0.07499999999999933,74.99999999999933,1.3642420526593923e-14
4.270500000000353,0.07500000000000069,75.0000000000007,0.07499999999999933,74.99999999999933,1.3642420526593923e-14
4.280500000000347,0.07500000000000069,75.0000000000007,0.07499999999999933,74.99999999999933,1.3642420526593923e-14
4.290500000000342,0.07500000000000069,75.0000000000007,0.07499999999999933,74.99999999999933,1.3642420526593923e-14
4.300500000000336,0.07500000000000069,75.0000000000007,0.07499999999999933,74.99999999999933,1.3642420526593923e-14
4.310500000000331,0.07500000000000069,75.0000000000007,0.07499999999999933,74.99999999999933,1.3642420526593923e-14
4.320500000000325,0.07500000000000069,75.0000000000007,0.07499999999999933,74.99999999999933,1.3642420526593923e-14
4.3305000000003195,0.07500000000000069,75.0000000000007,0.07499999999999933,74.99999999999933,1.3642420526593923e-14
4.340500000000314,0.07500000000000069,75.0000000000007,0.07499999999999933,74.99999999999933,1.3642420526593923e-14
4.3505000000003085,0.07500000000000069,75.0000000000007,0.07499999999999933,74.99999999999933,1.3642420526593923e-14
4.360500000000303,0.07500000000000069,75.0000000000007,0.07499999999999933,74.99999999999933,1.3642420526593923e-14
4.370500000000297,0.07500000000000069,75.0000000000007,0.07499999999999933,74.99999999999933,1.3642420526593923e-14
4.380500000000292,0.07500000000000069,75.0000000000007,0.07499999999999933,74.99999999999933,1.3642420526593923e-14
4.390500000000286,0.07500000000000069,75.0000000000007,0.07499999999999933,74.99999999999933,1.3642420526593923e-14
4.400500000000281,0.07500000000000069,75.0000000000007,0.07499999999999933,74.99999999999933,1.3642420526593923e-14
4.410500000000275,0.07500000000000069,75.0000000000007,0.07499999999999933,74.99999999999933,1.3642420526593923e-14
4.42050000000027,0.07500000000000069,75.0000000000007,0.07499999999999933,74.99999999999933,1.3642420526593923e-14
4.430500000000264,0.07500000000000069,75.0000000000007,0.07499999999999933,74.99999999999933,1.3642420526593923e-14
4.440500000000259,0.07500000000000069,75.0000000000007,0.07499999999999933,74.99999999999933,1.3642420526593923e-14
4.450500000000253,0.07500000000000069,75.0000000000007,0.07499999999999933,74.99999999999933,1.3642420526593923e-14
4.4605000000002475,0.07500000000000069,75.0000000000007,0.07499999999999933,74.99999999999933,1.3642420526593923e-14
4.470500000000242,0.07500000000000069,75.0000000000007,0.07499999999999933,74.99999999999933,1.3642420526593923e-14
4.480500000000236,0.07500000000000069,75.0000000000007,0.07499999999999933,74.99999999999933,1.3642420526593923e-14
4.490500000000231,0.07500000000000069,75.0000000000007,0.07499999999999933,74.99999999999933,1.3642420526593923e-14
4.500500000000225,0.07500000000000069,75.0000000000007,0.07499999999999933,74.99999999999933,1.3642420526593923e-14
4.51050000000022,0.07500000000000069,75.0000000000007,0.07499999999999933,74.99999999999933,1.3642420526593923e-14
4.520500000000214,0.07500000000000069,75.0000000000007,0.07499999999999933,74.99999999999933,1.3642420526593923e-14
4.530500000000209,0.07500000000000069,75.0000000000007,0.07499999999999933,74.99999999999933,1.3642420526593923e-14
4.540500000000203,0.07500000000000069,75.0000000000007,0.07499999999999933,74.99999999999933,1.3642420526593923e-14
4.550500000000198,0.07500000000000069,75.0000000000007,0.07499999999999933,74.99999999999933,1.3642420526593923e-14
4.560500000000192,0.07500000000000069,75.0000000000007,0.07499999999999933,74.99999999999933,1.3642420526593923e-14
4.5705000000001865,0.07500000000000069,75.0000000000007,0.07499999999999933,74.99999999999933,1.3642420526593923e-14
4.580500000000181,0.07500000000000069,75.0000000000007,0.07499999999999933,74.99999999999933,1.3642420526593923e-14
4.590500000000175,0.07500000000000069,75.0000000000007,0.07499999999999933,74.99999999999933,1.3642420526593923e-14
4.60050000000017,0.07500000000000069,75.0000000000007,0.07499999999999933,74.99999999999933,1.3642420526593923e-14
4.610500000000164,0.07500000000000069,75.0000000000007,0.07499999999999933,74.99999999999933,1.3642420526593923e-14
4.620500000000159,0.07500000000000069,75.0000000000007,0.07499999999999933,74.99999999999933,1.3642420526593923e-14
4.630500000000153,0.07500000000000069,75.0000000000007,0.07499999999999933,74.99999999999933,1.3642420526593923e-14
4.640500000000148,0.07500000000000069,75.0000000000007,0.07499999999999933,74.99999999999933,1.3642420526593923e-14
4.650500000000142,0.07500000000000069,75.0000000000007,0.07499999999999933,74.99999999999933,1.3642420526593923e-14
4.660500000000137,0.07500000000000069,75.0000000000007,0.07499999999999933,74.99999999999933,1.3642420526593923e-14
4.670500000000131,0.07500000000000069,75.0000000000007,0.07499999999999933,74.99999999999933,1.3642420526593923e-14
4.680500000000126,0.07500000000000069,75.0000000000007,0.07499999999999933,74.99999999999933,1.3642420526593923e-14
4.69050000000012,0.07500000000000069,75.0000000000007,0.07499999999999933,74.99999999999933,1.3642420526593923e-14
4.7005000000001145,0.07500000000000069,75.0000000000007,0.07499999999999933,74.99999999999933,1.3642420526593923e-14
4.710500000000109,0.07500000000000069,75.0000000000007,0.07499999999999933,74.99999999999933,1.3642420526593923e-14
4.720500000000103,0.07500000000000069,75.0000000000007,0.07499999999999933,74.99999999999933,1.3642420526593923e-14
4.730500000000098,0.07500000000000069,75.0000000000007,0.07499999999999933,74.99999999999933,1.3642420526593923e-14
4.740500000000092,0.07500000000000069,75.0000000000007,0.07499999999999933,74.99999999999933,1.3642420526593923e-14
4.750500000000087,0.07500000000000069,75.0000000000007,0.07499999999999933,74.99999999999933,1.3642420526593923e-14
4.760500000000081,0.07500000000000069,75.0000000000007,0.07499999999999933,74.99999999999933,1.3642420526593923e-14
4.770500000000076,0.07500000000000069,75.0000000000007,0.07499999999999933,74.99999999999933,1.3642420526593923e-14
4.78050000000007,0.07500000000000069,75.0000000000007,0.07499999999999933,74.99999999999933,1.3642420526593923e-14
4.790500000000065,0.07500000000000069,75.0000000000007,0.07499999999999933,74.99999999999933,1.3642420526593923e-14
4.800500000000059,0.07500000000000069,75.0000000000007,0.07499999999999933,74.99999999999933,1.3642420526593923e-14
4.8105000000000535,0.07500000000000069,75.0000000000007,0.07499999999999933,74.99999999999933,1.3642420526593923e-14
4.820500000000048,0.07500000000000069,75.0000000000007,0.07499999999999933,74.99999999999933,1.3642420526593923e-14
4.830500000000042,0.07500000000000069,75.0000000000007,0.07499999999999933,74.99999999999933,1.3642420526593923e-14
4.840500000000037,0.07500000000000069,75.0000000000007,0.07499999999999933,74.99999999999933,1.3642420526593923e-14
4.850500000000031,0.07500000000000069,75.0000000000007,0.07499999999999933,74.99999999999933,1.3642420526593923e-14
4.860500000000026,0.07500000000000069,75.0000000000007,0.07499999999999933,74.99999999999933,1.3642420526593923e-14
4.87050000000002,0.07500000000000069,75.0000000000007,0.07499999999999933,74.99999999999933,1.3642420526593923e-14
4.880500000000015,0.07500000000000069,75.0000000000007,0.07499999999999933,74.99999999999933,1.3642420526593923e-14
4.890500000000009,0.07500000000000069,75.0000000000007,0.07499999999999933,74.99999999999933,1.3642420526593923e-14
4.900500000000004,0.07500000000000069,75.0000000000007,0.07499999999999933,74.99999999999933,1.3642420526593923e-14
4.910499999999998,0.07500000000000069,75.0000000000007,0.07499999999999933,74.99999999999933,1.3642420526593923e-14
4.9204999999999925,0.07500000000000069,75.0000000000007,0.07499999999999933,74.99999999999933,1.3642420526593923e-14
4.930499999999987,0.07500000000000069,75.0000000000007,0.07499999999999933,74.99999999999933,1.3642420526593923e-14
4.9404999999999815,0.07500000000000069,75.0000000000007,0.07499999999999933,74.99999999999933,1.3642420526593923e-14
4.950499999999976,0.07500000000000069,75.0000000000007,0.07499999999999933,74.99999999999933,1.3642420526593923e-14
4.96049999999997,0.07500000000000069,75.0000000000007,0.07499999999999933,74.99999999999933,1.3642420526593923e-14
4.970499999999965,0.07500000000000069,75.0000000000007,0.07499999999999933,74.99999999999933,1.3642420526593923e-14
4.980499999999959,0.07500000000000069,75.0000000000007,0.07499999999999933,74.99999999999933,1.3642420526593923e-14
4.990499999999954,0.07500000000000069,75.0000000000007,0.07499999999999933,74.99999999999933,1.3642420526593923e-14
5.000499999999948,0.07500000000000069,75.0000000000007,0.07499999999999933,74.99999999999933,1.3642420526593923e-14
5.010499999999943,0.07500000000000069,75.0000000000007,0.07499999999999933,74.99999999999933,1.3642420526593923e-14
5.020499999999937,0.07500000000000069,75.0000000000007,0.07499999999999933,74.99999999999933,1.3642420526593923e-14
5.030499999999932,0.07500000000000069,75.0000000000007,0.07499999999999933,74.99999999999933,1.3642420526593923e-14
5.040499999999926,0.07500000000000069,75.0000000000007,0.07499999999999933,74.99999999999933,1.3642420526593923e-14
5.0504999999999205,0.07500000000000069,75.0000000000007,0.07499999999999933,74.99999999999933,1.3642420526593923e-14
5.060499999999915,0.07500000000000069,75.0000000000007,0.07499999999999933,74.99999999999933,1.3642420526593923e-14
5.070499999999909,0.07500000000000069,75.0000000000007,0.07499999999999933,74.99999999999933,1.3642420526593923e-14
5.080499999999904,0.07500000000000069,75.0000000000007,0.07499999999999933,74.99999999999933,1.3642420526593923e-14
5.090499999999898,0.07500000000000069,75.0000000000007,0.07499999999999933,74.99999999999933,1.3642420526593923e-14
5.100499999999893,0.07500000000000069,75.0000000000007,0.07499999999999933,74.99999999999933,1.3642420526593923e-14
5.110499999999887,0.07500000000000069,75.0000000000007,0.07499999999999933,74.99999999999933,1.3642420526593923e-14
5.120499999999882,0.07500000000000069,75.0000000000007,0.07499999999999933,74.99999999999933,1.3642420526593923e-14
5.130499999999876,0.07500000000000069,75.0000000000007,0.07499999999999933,74.99999999999933,1.3642420526593923e-14
5.140499999999871,0.07500000000000069,75.0000000000007,0.07499999999999933,74.99999999999933,1.3642420526593923e-14
5.150499999999865,0.07500000000000069,75.0000000000007,0.07499999999999933,74.99999999999933,1.3642420526593923e-14
5.1604999999998595,0.07500000000000069,75.0000000000007,0.07499999999999933,74.99999999999933,1.3642420526593923e-14
5.170499999999854,0.07500000000000069,75.0000000000007,0.07499999999999933,74.99999999999933,1.3642420526593923e-14
5.1804999999998484,0.07500000000000069,75.0000000000007,0.07499999999999933,74.99999999999933,1.3642420526593923e-14
5.190499999999843,0.07500000000000069,75.0000000000007,0.07499999999999933,74.99999999999933,1.3642420526593923e-14
5.200499999999837,0.07500000000000069,75.0000000000007,0.07499999999999933,74.99999999999933,1.3642420526593923e-14
5.210499999999832,0.07500000000000069,75.0000000000007,0.07499999999999933,74.99999999999933,1.3642420526593923e-14
5.220499999999826,0.07500000000000069,75.0000000000007,0.07499999999999933,74.99999999999933,1.3642420526593923e-14
5.230499999999821,0.07500000000000069,75.0000000000007,0.07499999999999933,74.99999999999933,1.3642420526593923e-14
5.240499999999815,0.07500000000000069,75.0000000000007,0.07499999999999933,74.99999999999933,1.3642420526593923e-14
5.25049999999981,0.07500000000000069,75.0000000000007,0.07499999999999933,74.99999999999933,1.3642420526593923e-14
5.260499999999804,0.07500000000000069,75.0000000000007,0.07499999999999933,74.99999999999933,1.3642420526593923e-14
5.270499999999799,0.07500000000000069,75.0000000000007,0.07499999999999933,74.99999999999933,1.3642420526593923e-14
5.280499999999793,0.07500000000000069,75.0000000000007,0.07499999999999933,74.99999999999933,1.3642420526593923e-14
5.2904999999997875,0.07500000000000069,75.0000000000007,0.07499999999999933,74.99999999999933,1.3642420526593923e-14
5.300499999999782,0.07500000000000069,75.0000000000007,0.07499999999999933,74.99999999999933,1.3642420526593923e-14
5.310499999999776,0.07500000000000069,75.0000000000007,0.07499999999999933,74.99999999999933,1.3642420526593923e-14
5.320499999999771,0.07500000000000069,75.0000000000007,0.07499999999999933,74.99999999999933,1.3642420526593923e-14
5.330499999999765,0.07500000000000069,75.0000000000007,0.07499999999999933,74.99999999999933,1.3642420526593923e-14
5.34049999999976,0.07500000000000069,75.0000000000007,0.07499999999999933,74.99999999999933,1.3642420526593923e-14
5.350499999999754,0.07500000000000069,75.0000000000007,0.07499999999999933,74.99999999999933,1.3642420526593923e-14
5.360499999999749,0.07500000000000069,75.0000000000007,0.07499999999999933,74.99999999999933,1.3642420526593923e-14
5.370499999999743,0.07500000000000069,75.0000000000007,0.07499999999999933,74.99999999999933,1.3642420526593923e-14
5.380499999999738,0.07500000000000069,75.0000000000007,0.07499999999999933,74.99999999999933,1.3642420526593923e-14
5.390499999999732,0.07500000000000069,75.0000000000007,0.07499999999999933,74.99999999999933,1.3642420526593923e-14
5.4004999999997265,0.07500000000000069,75.0000000000007,0.07499999999999933,74.99999999999933,1.3642420526593923e-14
5.410499999999721,0.07500000000000069,75.0000000000007,0.07499999999999933,74.99999999999933,1.3642420526593923e-14
5.420499999999715,0.07500000000000069,75.0000000000007,0.07499999999999933,74.99999999999933,1.3642420526593923e-14
5.43049999999971,0.07500000000000069,75.0000000000007,0.07499999999999933,74.99999999999933,1.3642420526593923e-14
5.440499999999704,0.07500000000000069,75.0000000000007,0.07499999999999933,74.99999999999933,1.3642420526593923e-14
5.450499999999699,0.07500000000000069,75.0000000000007,0.07499999999999933,74.99999999999933,1.3642420526593923e-14
5.460499999999693,0.07500000000000069,75.0000000000007,0.07499999999999933,74.99999999999933,1.3642420526593923e-14
5.470499999999688,0.07500000000000069,75.0000000000007,0.07499999999999933,74.99999999999933,1.3642420526593923e-14
5.480499999999682,0.07500000000000069,75.0000000000007,0.07499999999999933,74.99999999999933,1.3642420526593923e-14
5.490499999999677,0.07500000000000069,75.0000000000007,0.07499999999999933,74.99999999999933,1.3642420526593923e-14
5.500499999999671,0.07500000000000069,75.0000000000007,0.07499999999999933,74.99999999999933,1.3642420526593923e-14
5.5104999999996656,0.07500000000000069,75.0000000000007,0.07499999999999933,74.99999999999933,1.3642420526593923e-14
5.52049999999966,0.07500000000000069,75.0000000000007,0.07499999999999933,74.99999999999933,1.3642420526593923e-14
5.5304999999996545,0.07500000000000069,75.0000000000007,0.07499999999999933,74.99999999999933,1.3642420526593923e-14
5.540499999999649,0.07500000000000069,75.0000000000007,0.07499999999999933,74.99999999999933,1.3642420526593923e-14
5.550499999999643,0.07500000000000069,75.0000000000007,0.07499999999999933,74.99999999999933,1.3642420526593923e-14
5.560499999999638,0.07500000000000069,75.0000000000007,0.07499999999999933,74.99999999999933,1.3642420526593923e-14
5.570499999999632,0.07500000000000069,75.0000000000007,0.07499999999999933,74.99999999999933,1.3642420526593923e-14
5.580499999999627,0.07500000000000069,75.0000000000007,0.07499999999999933,74.99999999999933,1.3642420526593923e-14
5.590499999999621,0.07500000000000069,75.0000000000007,0.07499999999999933,74.99999999999933,1.3642420526593923e-14
5.600499999999616,0.07500000000000069,75.0000000000007,0.07499999999999933,74.99999999999933,1.3642420526593923e-14
5.61049999999961,0.07500000000000069,75.0000000000007,0.07499999999999933,74.99999999999933,1.3642420526593923e-14
5.620499999999605,0.07500000000000069,75.0000000000007,0.07499999999999933,74.99999999999933,1.3642420526593923e-14
5.630499999999599,0.07500000000000069,75.0000000000007,0.07499999999999933,74.99999999999933,1.3642420526593923e-14
5.6404999999995935,0.07500000000000069,75.0000000000007,0.07499999999999933,74.99999999999933,1.3642420526593923e-14
5.650499999999588,0.07500000000000069,75.0000000000007,0.07499999999999933,74.99999999999933,1.3642420526593923e-14
5.660499999999582,0.07500000000000069,75.0000000000007,0.07499999999999933,74.99999999999933,1.3642420526593923e-14
5.670499999999577,0.07500000000000069,75.0000000000007,0.07499999999999933,74.99999999999933,1.3642420526593923e-14
5.680499999999571,0.07500000000000069,75.0000000000007,0.07499999999999933,74.99999999999933,1.3642420526593923e-14
5.690499999999566,0.07500000000000069,75.0000000000007,0.07499999999999933,74.99999999999933,1.3642420526593923e-14
5.70049999999956,0.07500000000000069,75.0000000000007,0.07499999999999933,74.99999999999933,1.3642420526593923e-14
5.710499999999555,0.07500000000000069,75.0000000000007,0.07499999999999933,74.99999999999933,1.3642420526593923e-14
5.720499999999549,0.07500000000000069,75.0000000000007,0.07499999999999933,74.99999999999933,1.3642420526593923e-14
5.730499999999544,0.07500000000000069,75.0000000000007,0.07499999999999933,74.99999999999933,1.3642420526593923e-14
5.740499999999538,0.07500000000000069,75.0000000000007,0.07499999999999933,74.99999999999933,1.3642420526593923e-14
5.7504999999995325,0.07500000000000069,75.0000000000007,0.07499999999999933,74.99999999999933,1.3642420526593923e-14
5.760499999999527,0.07500000000000069,75.0000000000007,0.07499999999999933,74.99999999999933,1.3642420526593923e-14
5.7704999999995215,0.07500000000000069,75.0000000000007,0.07499999999999933,74.99999999999933,1.3642420526593923e-14
5.780499999999516,0.07500000000000069,75.0000000000007,0.07499999999999933,74.99999999999933,1.3642420526593923e-14
5.79049999999951,0.07500000000000069,75.0000000000007,0.07499999999999933,74.99999999999933,1.3642420526593923e-14
5.800499999999505,0.07500000000000069,75.0000000000007,0.07499999999999933,74.99999999999933,1.3642420526593923e-14
5.810499999999499,0.07500000000000069,75.0000000000007,0.07499999999999933,74.99999999999933,1.3642420526593923e-14
5.820499999999494,0.07500000000000069,75.0000000000007,0.07499999999999933,74.99999999999933,1.3642420526593923e-14
5.830499999999488,0.07500000000000069,75.0000000000007,0.07499999999999933,74.99999999999933,1.3642420526593923e-14
5.840499999999483,0.07500000000000069,75.0000000000007,0.07499999999999933,74.99999999999933,1.3642420526593923e-14
5.850499999999477,0.07500000000000069,75.0000000000007,0.07499999999999933,74.99999999999933,1.3642420526593923e-14
5.860499999999472,0.07500000000000069,75.0000000000007,0.07499999999999933,74.99999999999933,1.3642420526593923e-14
5.870499999999466,0.07500000000000069,75.0000000000007,0.07499999999999933,74.99999999999933,1.3642420526593923e-14
5.8804999999994605,0.07500000000000069,75.0000000000007,0.07499999999999933,74.99999999999933,1.3642420526593923e-14
5.890499999999455,0.07500000000000069,75.0000000000007,0.07499999999999933,74.99999999999933,1.3642420526593923e-14
5.900499999999449,0.07500000000000069,75.0000000000007,0.07499999999999933,74.99999999999933,1.3642420526593923e-14
5.910499999999444,0.07500000000000069,75.0000000000007,0.07499999999999933,74.99999999999933,1.3642420526593923e-14
5.920499999999438,0.07500000000000069,75.0000000000007,0.07499999999999933,74.99999999999933,1.3642420526593923e-14
5.930499999999433,0.07500000000000069,75.0000000000007,0.07499999999999933,74.99999999999933,1.3642420526593923e-14
5.940499999999427,0.07500000000000069,75.0000000000007,0.07499999999999933,74.99999999999933,1.3642420526593923e-14
5.950499999999422,0.07500000000000069,75.0000000000007,0.07499999999999933,74.99999999999933,1.3642420526593923e-14
5.960499999999416,0.07500000000000069,75.0000000000007,0.07499999999999933,74.99999999999933,1.3642420526593923e-14
5.970499999999411,0.07500000000000069,75.0000000000007,0.07499999999999933,74.99999999999933,1.3642420526593923e-14
5.980499999999405,0.07500000000000069,75.0000000000007,0.07499999999999933,74.99999999999933,1.3642420526593923e-14
5.9904999999993995,0.07500000000000069,75.0000000000007,0.07499999999999933,74.99999999999933,1.3642420526593923e-14
6.000499999999394,0.07500000000000069,75.0000000000007,0.07499999999999933,74.99999999999933,1.3642420526593923e-14
6.010499999999388,0.07500000000000069,75.0000000000007,0.07499999999999933,74.99999999999933,1.3642420526593923e-14
6.020499999999383,0.07500000000000069,75.0000000000007,0.07499999999999933,74.99999999999933,1.3642420526593923e-14
6.030499999999377,0.07500000000000069,75.0000000000007,0.07499999999999933,74.99999999999933,1.3642420526593923e-14
6.040499999999372,0.07500000000000069,75.0000000000007,0.07499999999999933,74.99999999999933,1.3642420526593923e-14
6.050499999999366,0.07500000000000069,75.0000000000007,0.07499999999999933,74.99999999999933,1.3642420526593923e-14
6.060499999999361,0.07500000000000069,75.0000000000007,0.07499999999999933,74.99999999999933,1.3642420526593923e-14
6.070499999999355,0.07500000000000069,75.0000000000007,0.07499999999999933,74.99999999999933,1.3642420526593923e-14
6.08049999999935,0.07500000000000069,75.0000000000007,0.07499999999999933,74.99999999999933,1.3642420526593923e-14
6.090499999999344,0.07500000000000069,75.0000000000007,0.07499999999999933,74.99999999999933,1.3642420526593923e-14
6.100499999999339,0.07500000000000069,75.0000000000007,0.07499999999999933,74.99999999999933,1.3642420526593923e-14
6.110499999999333,0.07500000000000069,75.0000000000007,0.07499999999999933,74.99999999999933,1.3642420526593923e-14
6.1204999999993275,0.07500000000000069,75.0000000000007,0.07499999999999933,74.99999999999933,1.3642420526593923e-14
6.130499999999322,0.07500000000000069,75.0000000000007,0.07499999999999933,74.99999999999933,1.3642420526593923e-14
6.140499999999316,0.07500000000000069,75.0000000000007,0.07499999999999933,74.99999999999933,1.3642420526593923e-14
6.150499999999311,0.07500000000000069,75.0000000000007,0.07499999999999933,74.99999999999933,1.3642420526593923e-14
6.160499999999305,0.07500000000000069,75.0000000000007,0.07499999999999933,74.99999999999933,1.3642420526593923e-14
6.1704999999993,0.07500000000000069,75.0000000000007,0.07499999999999933,74.99999999999933,1.3642420526593923e-14
6.180499999999294,0.07500000000000069,75.0000000000007,0.07499999999999933,74.99999999999933,1.3642420526593923e-14
6.190499999999289,0.07500000000000069,75.0000000000007,0.07499999999999933,74.99999999999933,1.3642420526593923e-14
6.200499999999283,0.07500000000000069,75.0000000000007,0.07499999999999933,74.99999999999933,1.3642420526593923e-14
6.210499999999278,0.07500000000000069,75.0000000000007,0.07499999999999933,74.99999999999933,1.3642420526593923e-14
6.220499999999272,0.07500000000000069,75.0000000000007,0.07499999999999933,74.99999999999933,1.3642420526593923e-14
6.2304999999992665,0.07500000000000069,75.0000000000007,0.07499999999999933,74.99999999999933,1.3642420526593923e-14
6.240499999999261,0.07500000000000069,75.0000000000007,0.07499999999999933,74.99999999999933,1.3642420526593923e-14
6.250499999999255,0.07500000000000069,75.0000000000007,0.07499999999999933,74.99999999999933,1.3642420526593923e-14
6.26049999999925,0.07500000000000069,75.0000000000007,0.07499999999999933,74.99999999999933,1.3642420526593923e-14
6.270499999999244,0.07500000000000069,75.0000000000007,0.07499999999999933,74.99999999999933,1.3642420526593923e-14
6.280499999999239,0.07500000000000069,75.0000000000007,0.07499999999999933,74.99999999999933,1.3642420526593923e-14
6.290499999999233,0.07500000000000069,75.0000000000007,0.07499999999999933,74.99999999999933,1.3642420526593923e-14
6.300499999999228,0.07500000000000069,75.0000000000007,0.07499999999999933,74.99999999999933,1.3642420526593923e-14
6.310499999999222,0.07500000000000069,75.0000000000007,0.07499999999999933,74.99999999999933,1.3642420526593923e-14
6.320499999999217,0.07500000000000069,75.0000000000007,0.07499999999999933,74.99999999999933,1.3642420526593923e-14
6.330499999999211,0.07500000000000069,75.0000000000007,0.07499999999999933,74.99999999999933,1.3642420526593923e-14
6.3404999999992055,0.07500000000000069,75.0000000000007,0.07499999999999933,74.99999999999933,1.3642420526593923e-14
6.3504999999992,0.07500000000000069,75.0000000000007,0.07499999999999933,74.99999999999933,1.3642420526593923e-14
6.3604999999991945,0.07500000000000069,75.0000000000007,0.07499999999999933,74.99999999999933,1.3642420526593923e-14
6.370499999999189,0.07500000000000069,75.0000000000007,0.07499999999999933,74.99999999999933,1.3642420526593923e-14
6.380499999999183,0.07500000000000069,75.0000000000007,0.07499999999999933,74.99999999999933,1.3642420526593923e-14
6.390499999999178,0.07500000000000069,75.0000000000007,0.07499999999999933,74.99999999999933,1.3642420526593923e-14
6.400499999999172,0.07500000000000069,75.0000000000007,0.07499999999999933,74.99999999999933,1.3642420526593923e-14
6.410499999999167,0.07500000000000069,75.0000000000007,0.07499999999999933,74.99999999999933,1.3642420526593923e-14
6.420499999999161,0.07500000000000069,75.0000000000007,0.07499999999999933,74.99999999999933,1.3642420526593923e-14
6.430499999999156,0.07500000000000069,75.0000000000007,0.07499999999999933,74.99999999999933,1.3642420526593923e-14
6.44049999999915,0.07500000000000069,75.0000000000007,0.07499999999999933,74.99999999999933,1.3642420526593923e-14
6.450499999999145,0.07500000000000069,75.0000000000007,0.07499999999999933,74.99999999999933,1.3642420526593923e-14
6.460499999999139,0.07500000000000069,75.0000000000007,0.07499999999999933,74.99999999999933,1.3642420526593923e-14
6.4704999999991335,0.07500000000000069,75.0000000000007,0.07499999999999933,74.99999999999933,1.3642420526593923e-14
6.480499999999128,0.07500000000000069,75.0000000000007,0.07499999999999933,74.99999999999933,1.3642420526593923e-14
6.490499999999122,0.07500000000000069,75.0000000000007,0.07499999999999933,74.99999999999933,1.3642420526593923e-14
6.500499999999117,0.07500000000000069,75.0000000000007,0.07499999999999933,74.99999999999933,1.3642420526593923e-14
6.510499999999111,0.07500000000000069,75.0000000000007,0.07499999999999933,74.99999999999933,1.3642420526593923e-14
6.520499999999106,0.07500000000000069,75.0000000000007,0.07499999999999933,74.99999999999933,1.3642420526593923e-14
6.5304999999991,0.07500000000000069,75.0000000000007,0.07499999999999933,74.99999999999933,1.3642420526593923e-14
6.540499999999095,0.07500000000000069,75.0000000000007,0.07499999999999933,74.99999999999933,1.3642420526593923e-14
6.550499999999089,0.07500000000000069,75.0000000000007,0.07499999999999933,74.99999999999933,1.3642420526593923e-14
6.560499999999084,0.07500000000000069,75.0000000000007,0.07499999999999933,74.99999999999933,1.3642420526593923e-14
6.570499999999078,0.07500000000000069,75.0000000000007,0.07499999999999933,74.99999999999933,1.3642420526593923e-14
6.5804999999990725,0.07500000000000069,75.0000000000007,0.07499999999999933,74.99999999999933,1.3642420526593923e-14
6.590499999999067,0.07500000000000069,75.0000000000007,0.07499999999999933,74.99999999999933,1.3642420526593923e-14
6.6004999999990615,0.07500000000000069,75.0000000000007,0.07499999999999933,74.99999999999933,1.3642420526593923e-14
6.610499999999056,0.07500000000000069,75.0000000000007,0.07499999999999933,74.99999999999933,1.3642420526593923e-14
6.62049999999905,0.07500000000000069,75.0000000000007,0.07499999999999933,74.99999999999933,1.3642420526593923e-14
6.630499999999045,0.07500000000000069,75.0000000000007,0.07499999999999933,74.99999999999933,1.3642420526593923e-14
6.640499999999039,0.07500000000000069,75.0000000000007,0.07499999999999933,74.99999999999933,1.3642420526593923e-14
6.650499999999034,0.07500000000000069,75.0000000000007,0.07499999999999933,74.99999999999933,1.3642420526593923e-14
6.660499999999028,0.07500000000000069,75.0000000000007,0.07499999999999933,74.99999999999933,1.3642420526593923e-14
6.670499999999023,0.07500000000000069,75.0000000000007,0.07499999999999933,74.99999999999933,1.3642420526593923e-14
6.680499999999017,0.07500000000000069,75.0000000000007,0.07499999999999933,74.99999999999933,1.3642420526593923e-14
6.690499999999012,0.07500000000000069,75.0000000000007,0.07499999999999933,74.99999999999933,1.3642420526593923e-14
6.700499999999006,0.07500000000000069,75.0000000000007,0.07499999999999933,74.99999999999933,1.3642420526593923e-14
6.7104999999990005,0.07500000000000069,75.0000000000007,0.07499999999999933,74.99999999999933,1.3642420526593923e-14
6.720499999998995,0.07500000000000069,75.0000000000007,0.07499999999999933,74.99999999999933,1.3642420526593923e-14
6.730499999998989,0.07500000000000069,75.0000000000007,0.07499999999999933,74.99999999999933,1.3642420526593923e-14
6.740499999998984,0.07500000000000069,75.0000000000007,0.07499999999999933,74.99999999999933,1.3642420526593923e-14
6.750499999998978,0.07500000000000069,75.0000000000007,0.07499999999999933,74.99999999999933,1.3642420526593923e-14
6.760499999998973,0.07500000000000069,75.0000000000007,0.07499999999999933,74.99999999999933,1.3642420526593923e-14
6.770499999998967,0.07500000000000069,75.0000000000007,0.07499999999999933,74.99999999999933,1.3642420526593923e-14
6.780499999998962,0.07500000000000069,75.0000000000007,0.07499999999999933,74.99999999999933,1.3642420526593923e-14
6.790499999998956,0.07500000000000069,75.0000000000007,0.07499999999999933,74.99999999999933,1.3642420526593923e-14
6.800499999998951,0.07500000000000069,75.0000000000007,0.07499999999999933,74.99999999999933,1.3642420526593923e-14
6.810499999998945,0.07500000000000069,75.0000000000007,0.07499999999999933,74.99999999999933,1.3642420526593923e-14
6.8204999999989395,0.07500000000000069,75.0000000000007,0.07499999999999933,74.99999999999933,1.3642420526593923e-14
6.830499999998934,0.07500000000000069,75.0000000000007,0.07499999999999933,74.99999999999933,1.3642420526593923e-14
6.840499999998928,0.07500000000000069,75.0000000000007,0.07499999999999933,74.99999999999933,1.3642420526593923e-14
6.850499999998923,0.07500000000000069,75.0000000000007,0.07499999999999933,74.99999999999933,1.3642420526593923e-14
6.860499999998917,0.07500000000000069,75.0000000000007,0.07499999999999933,74.99999999999933,1.3642420526593923e-14
6.870499999998912,0.07500000000000069,75.0000000000007,0.07499999999999933,74.99999999999933,1.3642420526593923e-14
6.880499999998906,0.07500000000000069,75.0000000000007,0.07499999999999933,74.99999999999933,1.3642420526593923e-14
6.890499999998901,0.07500000000000069,75.0000000000007,0.07499999999999933,74.99999999999933,1.3642420526593923e-14
6.900499999998895,0.07500000000000069,75.0000000000007,0.07499999999999933,74.99999999999933,1.3642420526593923e-14
6.91049999999889,0.07500000000000069,75.0000000000007,0.07499999999999933,74.99999999999933,1.3642420526593923e-14
6.920499999998884,0.07500000000000069,75.0000000000007,0.07499999999999933,74.99999999999933,1.3642420526593923e-14
6.930499999998879,0.07500000000000069,75.0000000000007,0.07499999999999933,74.99999999999933,1.3642420526593923e-14
6.940499999998873,0.07500000000000069,75.0000000000007,0.07499999999999933,74.99999999999933,1.3642420526593923e-14
6.9504999999988675,0.07500000000000069,75.0000000000007,0.07499999999999933,74.99999999999933,1.3642420526593923e-14
6.960499999998862,0.07500000000000069,75.0000000000007,0.07499999999999933,74.99999999999933,1.3642420526593923e-14
6.970499999998856,0.07500000000000069,75.0000000000007,0.07499999999999933,74.99999999999933,1.3642420526593923e-14
6.980499999998851,0.07500000000000069,75.0000000000007,0.07499999999999933,74.99999999999933,1.3642420526593923e-14
6.990499999998845,0.07500000000000069,75.0000000000007,0.07499999999999933,74.99999999999933,1.3642420526593923e-14
7.00049999999884,0.07500000000000069,75.0000000000007,0.07499999999999933,74.99999999999933,1.3642420526593923e-14
7.010499999998834,0.07500000000000069,75.0000000000007,0.07499999999999933,74.99999999999933,1.3642420526593923e-14
7.020499999998829,0.07500000000000069,75.0000000000007,0.07499999999999933,74.99999999999933,1.3642420526593923e-14
7.030499999998823,0.07500000000000069,75.0000000000007,0.07499999999999933,74.99999999999933,1.3642420526593923e-14
7.040499999998818,0.07500000000000069,75.0000000000007,0.07499999999999933,74.99999999999933,1.3642420526593923e-14
7.050499999998812,0.07500000000000069,75.0000000000007,0.07499999999999933,74.99999999999933,1.3642420526593923e-14
7.0604999999988065,0.07500000000000069,75.0000000000007,0.07499999999999933,74.99999999999933,1.3642420526593923e-14
7.070499999998801,0.07500000000000069,75.0000000000007,0.07499999999999933,74.99999999999933,1.3642420526593923e-14
7.080499999998795,0.07500000000000069,75.0000000000007,0.07499999999999933,74.99999999999933,1.3642420526593923e-14
7.09049999999879,0.07500000000000069,75.0000000000007,0.07499999999999933,74.99999999999933,1.3642420526593923e-14
7.100499999998784,0.07500000000000069,75.0000000000007,0.07499999999999933,74.99999999999933,1.3642420526593923e-14
7.110499999998779,0.07500000000000069,75.0000000000007,0.07499999999999933,74.99999999999933,1.3642420526593923e-14
7.120499999998773,0.07500000000000069,75.0000000000007,0.07499999999999933,74.99999999999933,1.3642420526593923e-14
7.130499999998768,0.07500000000000069,75.0000000000007,0.07499999999999933,74.99999999999933,1.3642420526593923e-14
7.140499999998762,0.07500000000000069,75.0000000000007,0.07499999999999933,74.99999999999933,1.3642420526593923e-14
7.150499999998757,0.07500000000000069,75.0000000000007,0.07499999999999933,74.99999999999933,1.3642420526593923e-14
7.160499999998751,0.07500000000000069,75.0000000000007,0.07499999999999933,74.99999999999933,1.3642420526593923e-14
7.1704999999987455,0.07500000000000069,75.0000000000007,0.07499999999999933,74.99999999999933,1.3642420526593923e-14
7.18049999999874,0.07500000000000069,75.0000000000007,0.07499999999999933,74.99999999999933,1.3642420526593923e-14
7.1904999999987345,0.07500000000000069,75.0000000000007,0.07499999999999933,74.99999999999933,1.3642420526593923e-14
7.200499999998729,0.07500000000000069,75.0000000000007,0.07499999999999933,74.99999999999933,1.3642420526593923e-14
7.210499999998723,0.07500000000000069,75.0000000000007,0.07499999999999933,74.99999999999933,1.3642420526593923e-14
7.220499999998718,0.07500000000000069,75.0000000000007,0.07499999999999933,74.99999999999933,1.3642420526593923e-14
7.230499999998712,0.07500000000000069,75.0000000000007,0.07499999999999933,74.99999999999933,1.3642420526593923e-14
7.240499999998707,0.07500000000000069,75.0000000000007,0.07499999999999933,74.99999999999933,1.3642420526593923e-14
7.250499999998701,0.07500000000000069,75.0000000000007,0.07499999999999933,74.99999999999933,1.3642420526593923e-14
7.260499999998696,0.07500000000000069,75.0000000000007,0.07499999999999933,74.99999999999933,1.3642420526593923e-14
7.27049999999869,0.07500000000000069,75.0000000000007,0.07499999999999933,74.99999999999933,1.3642420526593923e-14
7.280499999998685,0.07500000000000069,75.0000000000007,0.07499999999999933,74.99999999999933,1.3642420526593923e-14
7.290499999998679,0.07500000000000069,75.0000000000007,0.07499999999999933,74.99999999999933,1.3642420526593923e-14
7.3004999999986735,0.07500000000000069,75.0000000000007,0.07499999999999933,74.99999999999933,1.3642420526593923e-14
7.310499999998668,0.07500000000000069,75.0000000000007,0.07499999999999933,74.99999999999933,1.3642420526593923e-14
7.320499999998662,0.07500000000000069,75.0000000000007,0.07499999999999933,74.99999999999933,1.3642420526593923e-14
7.330499999998657,0.07500000000000069,75.0000000000007,0.07499999999999933,74.99999999999933,1.3642420526593923e-14
7.340499999998651,0.07500000000000069,75.0000000000007,0.07499999999999933,74.99999999999933,1.3642420526593923e-14
7.350499999998646,0.07500000000000069,75.0000000000007,0.07499999999999933,74.99999999999933,1.3642420526593923e-14
7.36049999999864,0.07500000000000069,75.0000000000007,0.07499999999999933,74.99999999999933,1.3642420526593923e-14
7.370499999998635,0.07500000000000069,75.0000000000007,0.07499999999999933,74.99999999999933,1.3642420526593923e-14
7.380499999998629,0.07500000000000069,75.0000000000007,0.07499999999999933,74.99999999999933,1.3642420526593923e-14
7.390499999998624,0.07500000000000069,75.0000000000007,0.07499999999999933,74.99999999999933,1.3642420526593923e-14
7.400499999998618,0.07500000000000069,75.0000000000007,0.07499999999999933,74.99999999999933,1.3642420526593923e-14
7.4104999999986125,0.07500000000000069,75.0000000000007,0.07499999999999933,74.99999999999933,1.3642420526593923e-14
7.420499999998607,0.07500000000000069,75.0000000000007,0.07499999999999933,74.99999999999933,1.3642420526593923e-14
7.4304999999986014,0.07500000000000069,75.0000000000007,0.07499999999999933,74.99999999999933,1.3642420526593923e-14
7.440499999998596,0.07500000000000069,75.0000000000007,0.07499999999999933,74.99999999999933,1.3642420526593923e-14
7.45049999999859,0.07500000000000069,75.0000000000007,0.07499999999999933,74.99999999999933,1.3642420526593923e-14
7.460499999998585,0.07500000000000069,75.0000000000007,0.07499999999999933,74.99999999999933,1.3642420526593923e-14
7.470499999998579,0.07500000000000069,75.0000000000007,0.07499999999999933,74.99999999999933,1.3642420526593923e-14
7.480499999998574,0.07500000000000069,75.0000000000007,0.07499999999999933,74.99999999999933,1.3642420526593923e-14
7.490499999998568,0.07500000000000069,75.0000000000007,0.07499999999999933,74.99999999999933,1.3642420526593923e-14
7.500499999998563,0.07500000000000069,75.0000000000007,0.07499999999999933,74.99999999999933,1.3642420526593923e-14
7.510499999998557,0.07500000000000069,75.0000000000007,0.07499999999999933,74.99999999999933,1.3642420526593923e-14
7.520499999998552,0.07500000000000069,75.0000000000007,0.07499999999999933,74.99999999999933,1.3642420526593923e-14
7.530499999998546,0.07500000000000069,75.0000000000007,0.07499999999999933,74.99999999999933,1.3642420526593923e-14
7.5404999999985405,0.07500000000000069,75.0000000000007,0.07499999999999933,74.99999999999933,1.3642420526593923e-14
7.550499999998535,0.07500000000000069,75.0000000000007,0.07499999999999933,74.99999999999933,1.3642420526593923e-14
7.560499999998529,0.07500000000000069,75.0000000000007,0.07499999999999933,74.99999999999933,1.3642420526593923e-14
7.570499999998524,0.07500000000000069,75.0000000000007,0.07499999999999933,74.99999999999933,1.3642420526593923e-14
7.580499999998518,0.07500000000000069,75.0000000000007,0.07499999999999933,74.99999999999933,1.3642420526593923e-14
7.590499999998513,0.07500000000000069,75.0000000000007,0.07499999999999933,74.99999999999933,1.3642420526593923e-14
7.600499999998507,0.07500000000000069,75.0000000000007,0.07499999999999933,74.99999999999933,1.3642420526593923e-14
7.610499999998502,0.07500000000000069,75.0000000000007,0.07499999999999933,74.99999999999933,1.3642420526593923e-14
7.620499999998496,0.07500000000000069,75.0000000000007,0.07499999999999933,74.99999999999933,1.3642420526593923e-14
7.630499999998491,0.07500000000000069,75.0000000000007,0.07499999999999933,74.99999999999933,1.3642420526593923e-14
7.640499999998485,0.07500000000000069,75.0000000000007,0.07499999999999933,74.99999999999933,1.3642420526593923e-14
7.6504999999984795,0.07500000000000069,75.0000000000007,0.07499999999999933,74.99999999999933,1.3642420526593923e-14
7.660499999998474,0.07500000000000069,75.0000000000007,0.07499999999999933,74.99999999999933,1.3642420526593923e-14
7.670499999998468,0.07500000000000069,75.0000000000007,0.07499999999999933,74.99999999999933,1.3642420526593923e-14
7.680499999998463,0.07500000000000069,75.0000000000007,0.07499999999999933,74.99999999999933,1.3642420526593923e-14
7.690499999998457,0.07500000000000069,75.0000000000007,0.07499999999999933,74.99999999999933,1.3642420526593923e-14
7.700499999998452,0.07500000000000069,75.0000000000007,0.07499999999999933,74.99999999999933,1.3642420526593923e-14
7.710499999998446,0.07500000000000069,75.0000000000007,0.07499999999999933,74.99999999999933,1.3642420526593923e-14
7.720499999998441,0.07500000000000069,75.0000000000007,0.07499999999999933,74.99999999999933,1.3642420526593923e-14
7.730499999998435,0.07500000000000069,75.0000000000007,0.07499999999999933,74.99999999999933,1.3642420526593923e-14
7.74049999999843,0.07500000000000069,75.0000000000007,0.07499999999999933,74.99999999999933,1.3642420526593923e-14
7.750499999998424,0.07500000000000069,75.0000000000007,0.07499999999999933,74.99999999999933,1.3642420526593923e-14
7.7604999999984186,0.07500000000000069,75.0000000000007,0.07499999999999933,74.99999999999933,1.3642420526593923e-14
7.770499999998413,0.07500000000000069,75.0000000000007,0.07499999999999933,74.99999999999933,1.3642420526593923e-14
7.7804999999984075,0.07500000000000069,75.0000000000007,0.07499999999999933,74.99999999999933,1.3642420526593923e-14
7.790499999998402,0.07500000000000069,75.0000000000007,0.07499999999999933,74.99999999999933,1.3642420526593923e-14
7.800499999998396,0.07500000000000069,75.0000000000007,0.07499999999999933,74.99999999999933,1.3642420526593923e-14
7.810499999998391,0.07500000000000069,75.0000000000007,0.07499999999999933,74.99999999999933,1.3642420526593923e-14
7.820499999998385,0.07500000000000069,75.0000000000007,0.07499999999999933,74.99999999999933,1.3642420526593923e-14
7.83049999999838,0.07500000000000069,75.0000000000007,0.07499999999999933,74.99999999999933,1.3642420526593923e-14
7.840499999998374,0.07500000000000069,75.0000000000007,0.07499999999999933,74.99999999999933,1.3642420526593923e-14
7.850499999998369,0.07500000000000069,75.0000000000007,0.07499999999999933,74.99999999999933,1.3642420526593923e-14
7.860499999998363,0.07500000000000069,75.0000000000007,0.07499999999999933,74.99999999999933,1.3642420526593923e-14
7.870499999998358,0.07500000000000069,75.0000000000007,0.07499999999999933,74.99999999999933,1.3642420526593923e-14
7.880499999998352,0.07500000000000069,75.0000000000007,0.07499999999999933,74.99999999999933,1.3642420526593923e-14
7.8904999999983465,0.07500000000000069,75.0000000000007,0.07499999999999933,74.99999999999933,1.3642420526593923e-14
7.900499999998341,0.07500000000000069,75.0000000000007,0.07499999999999933,74.99999999999933,1.3642420526593923e-14
7.910499999998335,0.07500000000000069,75.0000000000007,0.07499999999999933,74.99999999999933,1.3642420526593923e-14
7.92049999999833,0.07500000000000069,75.0000000000007,0.07499999999999933,74.99999999999933,1.3642420526593923e-14
7.930499999998324,0.07500000000000069,75.0000000000007,0.07499999999999933,74.99999999999933,1.3642420526593923e-14
7.940499999998319,0.07500000000000069,75.0000000000007,0.07499999999999933,74.99999999999933,1.3642420526593923e-14
7.950499999998313,0.07500000000000069,75.0000000000007,0.07499999999999933,74.99999999999933,1.3642420526593923e-14
7.960499999998308,0.07500000000000069,75.0000000000007,0.07499999999999933,74.99999999999933,1.3642420526593923e-14
7.970499999998302,0.07500000000000069,75.0000000000007,0.07499999999999933,74.99999999999933,1.3642420526593923e-14
7.980499999998297,0.07500000000000069,75.0000000000007,0.07499999999999933,74.99999999999933,1.3642420526593923e-14
7.990499999998291,0.07500000000000069,75.0000000000007,0.07499999999999933,74.99999999999933,1.3642420526593923e-14
8.000499999998286,0.07500000000000069,75.0000000000007,0.07499999999999933,74.99999999999933,1.3642420526593923e-14
8.010499999998299,0.07500000000000069,75.0000000000007,0.07499999999999933,74.99999999999933,1.3642420526593923e-14
8.02049999999831,0.07500000000000069,75.0000000000007,0.07499999999999933,74.99999999999933,1.3642420526593923e-14
8.030499999998323,0.07500000000000069,75.0000000000007,0.07499999999999933,74.99999999999933,1.3642420526593923e-14
8.040499999998335,0.07500000000000069,75.0000000000007,0.07499999999999933,74.99999999999933,1.3642420526593923e-14
8.050499999998348,0.07500000000000069,75.0000000000007,0.07499999999999933,74.99999999999933,1.3642420526593923e-14
8.06049999999836,0.07500000000000069,75.0000000000007,0.07499999999999933,74.99999999999933,1.3642420526593923e-14
8.070499999998372,0.07500000000000069,75.0000000000007,0.07499999999999933,74.99999999999933,1.3642420526593923e-14
8.080499999998384,0.07500000000000069,75.0000000000007,0.07499999999999933,74.99999999999933,1.3642420526593923e-14
8.090499999998396,0.07500000000000069,75.0000000000007,0.07499999999999933,74.99999999999933,1.3642420526593923e-14
8.100499999998409,0.07500000000000069,75.0000000000007,0.07499999999999933,74.99999999999933,1.3642420526593923e-14
8.11049999999842,0.07500000000000069,75.0000000000007,0.07499999999999933,74.99999999999933,1.3642420526593923e-14
8.120499999998433,0.07500000000000069,75.0000000000007,0.07499999999999933,74.99999999999933,1.3642420526593923e-14
8.130499999998445,0.07500000000000069,75.0000000000007,0.07499999999999933,74.99999999999933,1.3642420526593923e-14
8.140499999998458,0.07500000000000069,75.0000000000007,0.07499999999999933,74.99999999999933,1.3642420526593923e-14
8.15049999999847,0.07500000000000069,75.0000000000007,0.07499999999999933,74.99999999999933,1.3642420526593923e-14
8.160499999998482,0.07500000000000069,75.0000000000007,0.07499999999999933,74.99999999999933,1.3642420526593923e-14
8.170499999998494,0.07500000000000069,75.0000000000007,0.07499999999999933,74.99999999999933,1.3642420526593923e-14
8.180499999998506,0.07500000000000069,75.0000000000007,0.07499999999999933,74.99999999999933,1.3642420526593923e-14
8.190499999998519,0.07500000000000069,75.0000000000007,0.07499999999999933,74.99999999999933,1.3642420526593923e-14
8.20049999999853,0.07500000000000069,75.0000000000007,0.07499999999999933,74.99999999999933,1.3642420526593923e-14
8.210499999998543,0.07500000000000069,75.0000000000007,0.07499999999999933,74.99999999999933,1.3642420526593923e-14
8.220499999998555,0.07500000000000069,75.0000000000007,0.07499999999999933,74.99999999999933,1.3642420526593923e-14
8.230499999998568,0.07500000000000069,75.0000000000007,0.07499999999999933,74.99999999999933,1.3642420526593923e-14
8.24049999999858,0.07500000000000069,75.0000000000007,0.07499999999999933,74.99999999999933,1.3642420526593923e-14
8.250499999998592,0.07500000000000069,75.0000000000007,0.07499999999999933,74.99999999999933,1.3642420526593923e-14
8.260499999998604,0.07500000000000069,75.0000000000007,0.07499999999999933,74.99999999999933,1.3642420526593923e-14
8.270499999998616,0.07500000000000069,75.0000000000007,0.07499999999999933,74.99999999999933,1.3642420526593923e-14
8.280499999998629,0.07500000000000069,75.0000000000007,0.07499999999999933,74.99999999999933,1.3642420526593923e-14
8.29049999999864,0.07500000000000069,75.0000000000007,0.07499999999999933,74.99999999999933,1.3642420526593923e-14
8.300499999998653,0.07500000000000069,75.0000000000007,0.07499999999999933,74.99999999999933,1.3642420526593923e-14
8.310499999998665,0.07500000000000069,75.0000000000007,0.07499999999999933,74.99999999999933,1.3642420526593923e-14
8.320499999998678,0.07500000000000069,75.0000000000007,0.07499999999999933,74.99999999999933,1.3642420526593923e-14
8.33049999999869,0.07500000000000069,75.0000000000007,0.07499999999999933,74.99999999999933,1.3642420526593923e-14
8.340499999998702,0.07500000000000069,75.0000000000007,0.07499999999999933,74.99999999999933,1.3642420526593923e-14
8.350499999998714,0.07500000000000069,75.0000000000007,0.07499999999999933,74.99999999999933,1.3642420526593923e-14
8.360499999998726,0.07500000000000069,75.0000000000007,0.07499999999999933,74.99999999999933,1.3642420526593923e-14
8.370499999998739,0.07500000000000069,75.0000000000007,0.07499999999999933,74.99999999999933,1.3642420526593923e-14
8.38049999999875,0.07500000000000069,75.0000000000007,0.07499999999999933,74.99999999999933,1.3642420526593923e-14
8.390499999998763,0.07500000000000069,75.0000000000007,0.07499999999999933,74.99999999999933,1.3642420526593923e-14
8.400499999998775,0.07500000000000069,75.0000000000007,0.07499999999999933,74.99999999999933,1.3642420526593923e-14
8.410499999998788,0.07500000000000069,75.0000000000007,0.07499999999999933,74.99999999999933,1.3642420526593923e-14
8.4204999999988,0.07500000000000069,75.0000000000007,0.07499999999999933,74.99999999999933,1.3642420526593923e-14
8.430499999998812,0.07500000000000069,75.0000000000007,0.07499999999999933,74.99999999999933,1.3642420526593923e-14
8.440499999998824,0.07500000000000069,75.0000000000007,0.07499999999999933,74.99999999999933,1.3642420526593923e-14
8.450499999998836,0.07500000000000069,75.0000000000007,0.07499999999999933,74.99999999999933,1.3642420526593923e-14
8.460499999998849,0.07500000000000069,75.0000000000007,0.07499999999999933,74.99999999999933,1.3642420526593923e-14
8.47049999999886,0.07500000000000069,75.0000000000007,0.07499999999999933,74.99999999999933,1.3642420526593923e-14
8.480499999998873,0.07500000000000069,75.0000000000007,0.07499999999999933,74.99999999999933,1.3642420526593923e-14
8.490499999998885,0.07500000000000069,75.0000000000007,0.07499999999999933,74.99999999999933,1.3642420526593923e-14
8.500499999998897,0.07500000000000069,75.0000000000007,0.07499999999999933,74.99999999999933,1.3642420526593923e-14
8.51049999999891,0.07500000000000069,75.0000000000007,0.07499999999999933,74.99999999999933,1.3642420526593923e-14
8.520499999998922,0.07500000000000069,75.0000000000007,0.07499999999999933,74.99999999999933,1.3642420526593923e-14
8.530499999998934,0.07500000000000069,75.0000000000007,0.07499999999999933,74.99999999999933,1.3642420526593923e-14
8.540499999998946,0.07500000000000069,75.0000000000007,0.07499999999999933,74.99999999999933,1.3642420526593923e-14
8.550499999998959,0.07500000000000069,75.0000000000007,0.07499999999999933,74.99999999999933,1.3642420526593923e-14
8.56049999999897,0.07500000000000069,75.0000000000007,0.07499999999999933,74.99999999999933,1.3642420526593923e-14
8.570499999998983,0.07500000000000069,75.0000000000007,0.07499999999999933,74.99999999999933,1.3642420526593923e-14
8.580499999998995,0.07500000000000069,75.0000000000007,0.07499999999999933,74.99999999999933,1.3642420526593923e-14
8.590499999999007,0.07500000000000069,75.0000000000007,0.07499999999999933,74.99999999999933,1.3642420526593923e-14
8.60049999999902,0.07500000000000069,75.0000000000007,0.07499999999999933,74.99999999999933,1.3642420526593923e-14
8.610499999999032,0.07500000000000069,75.0000000000007,0.07499999999999933,74.99999999999933,1.3642420526593923e-14
8.620499999999044,0.07500000000000069,75.0000000000007,0.07499999999999933,74.99999999999933,1.3642420526593923e-14
8.630499999999056,0.07500000000000069,75.0000000000007,0.07499999999999933,74.99999999999933,1.3642420526593923e-14
8.640499999999069,0.07500000000000069,75.0000000000007,0.07499999999999933,74.99999999999933,1.3642420526593923e-14
8.65049999999908,0.07500000000000069,75.0000000000007,0.07499999999999933,74.99999999999933,1.3642420526593923e-14
8.660499999999093,0.07500000000000069,75.0000000000007,0.07499999999999933,74.99999999999933,1.3642420526593923e-14
8.670499999999105,0.07500000000000069,75.0000000000007,0.07499999999999933,74.99999999999933,1.3642420526593923e-14
8.680499999999117,0.07500000000000069,75.0000000000007,0.07499999999999933,74.99999999999933,1.3642420526593923e-14
8.69049999999913,0.07500000000000069,75.0000000000007,0.07499999999999933,74.99999999999933,1.3642420526593923e-14
8.700499999999142,0.07500000000000069,75.0000000000007,0.07499999999999933,74.99999999999933,1.3642420526593923e-14
8.710499999999154,0.07500000000000069,75.0000000000007,0.07499999999999933,74.99999999999933,1.3642420526593923e-14
8.720499999999166,0.07500000000000069,75.0000000000007,0.07499999999999933,74.99999999999933,1.3642420526593923e-14
8.730499999999179,0.07500000000000069,75.0000000000007,0.07499999999999933,74.99999999999933,1.3642420526593923e-14
8.74049999999919,0.07500000000000069,75.0000000000007,0.07499999999999933,74.99999999999933,1.3642420526593923e-14
8.750499999999203,0.07500000000000069,75.0000000000007,0.07499999999999933,74.99999999999933,1.3642420526593923e-14
8.760499999999215,0.07500000000000069,75.0000000000007,0.07499999999999933,74.99999999999933,1.3642420526593923e-14
8.770499999999227,0.07500000000000069,75.0000000000007,0.07499999999999933,74.99999999999933,1.3642420526593923e-14
8.78049999999924,0.07500000000000069,75.0000000000007,0.07499999999999933,74.99999999999933,1.3642420526593923e-14
8.790499999999252,0.07500000000000069,75.0000000000007,0.07499999999999933,74.99999999999933,1.3642420526593923e-14
8.800499999999264,0.07500000000000069,75.0000000000007,0.07499999999999933,74.99999999999933,1.3642420526593923e-14
8.810499999999276,0.07500000000000069,75.0000000000007,0.07499999999999933,74.99999999999933,1.3642420526593923e-14
8.820499999999289,0.07500000000000069,75.0000000000007,0.07499999999999933,74.99999999999933,1.3642420526593923e-14
8.8304999999993,0.07500000000000069,75.0000000000007,0.07499999999999933,74.99999999999933,1.3642420526593923e-14
8.840499999999313,0.07500000000000069,75.0000000000007,0.07499999999999933,74.99999999999933,1.3642420526593923e-14
8.850499999999325,0.07500000000000069,75.0000000000007,0.07499999999999933,74.99999999999933,1.3642420526593923e-14
8.860499999999337,0.07500000000000069,75.0000000000007,0.07499999999999933,74.99999999999933,1.3642420526593923e-14
8.87049999999935,0.07500000000000069,75.0000000000007,0.07499999999999933,74.99999999999933,1.3642420526593923e-14
8.880499999999362,0.07500000000000069,75.0000000000007,0.07499999999999933,74.99999999999933,1.3642420526593923e-14
8.890499999999374,0.07500000000000069,75.0000000000007,0.07499999999999933,74.99999999999933,1.3642420526593923e-14
8.900499999999386,0.07500000000000069,75.0000000000007,0.07499999999999933,74.99999999999933,1.3642420526593923e-14
8.910499999999399,0.07500000000000069,75.0000000000007,0.07499999999999933,74.99999999999933,1.3642420526593923e-14
8.92049999999941,0.07500000000000069,75.0000000000007,0.07499999999999933,74.99999999999933,1.3642420526593923e-14
8.930499999999423,0.07500000000000069,75.0000000000007,0.07499999999999933,74.99999999999933,1.3642420526593923e-14
8.940499999999435,0.07500000000000069,75.0000000000007,0.07499999999999933,74.99999999999933,1.3642420526593923e-14
8.950499999999447,0.07500000000000069,75.0000000000007,0.07499999999999933,74.99999999999933,1.3642420526593923e-14
8.96049999999946,0.07500000000000069,75.0000000000007,0.07499999999999933,74.99999999999933,1.3642420526593923e-14
8.970499999999472,0.07500000000000069,75.0000000000007,0.07499999999999933,74.99999999999933,1.3642420526593923e-14
8.980499999999484,0.07500000000000069,75.0000000000007,0.07499999999999933,74.99999999999933,1.3642420526593923e-14
8.990499999999496,0.07500000000000069,75.0000000000007,0.07499999999999933,74.99999999999933,1.3642420526593923e-14
9.000499999999509,0.07500000000000069,75.0000000000007,0.07499999999999933,74.99999999999933,1.3642420526593923e-14
9.01049999999952,0.07500000000000069,75.0000000000007,0.07499999999999933,74.99999999999933,1.3642420526593923e-14
9.020499999999533,0.07500000000000069,75.0000000000007,0.07499999999999933,74.99999999999933,1.3642420526593923e-14
9.030499999999545,0.07500000000000069,75.0000000000007,0.07499999999999933,74.99999999999933,1.3642420526593923e-14
9.040499999999557,0.07500000000000069,75.0000000000007,0.07499999999999933,74.99999999999933,1.3642420526593923e-14
9.05049999999957,0.07500000000000069,75.0000000000007,0.07499999999999933,74.99999999999933,1.3642420526593923e-14
9.060499999999582,0.07500000000000069,75.0000000000007,0.07499999999999933,74.99999999999933,1.3642420526593923e-14
9.070499999999594,0.07500000000000069,75.0000000000007,0.07499999999999933,74.99999999999933,1.3642420526593923e-14
9.080499999999606,0.07500000000000069,75.0000000000007,0.07499999999999933,74.99999999999933,1.3642420526593923e-14
9.090499999999619,0.07500000000000069,75.0000000000007,0.07499999999999933,74.99999999999933,1.3642420526593923e-14
9.10049999999963,0.07500000000000069,75.0000000000007,0.07499999999999933,74.99999999999933,1.3642420526593923e-14
9.110499999999643,0.07500000000000069,75.0000000000007,0.07499999999999933,74.99999999999933,1.3642420526593923e-14
9.120499999999655,0.07500000000000069,75.0000000000007,0.07499999999999933,74.99999999999933,1.3642420526593923e-14
9.130499999999667,0.07500000000000069,75.0000000000007,0.07499999999999933,74.99999999999933,1.3642420526593923e-14
9.14049999999968,0.07500000000000069,75.0000000000007,0.07499999999999933,74.99999999999933,1.3642420526593923e-14
9.150499999999692,0.07500000000000069,75.0000000000007,0.07499999999999933,74.99999999999933,1.3642420526593923e-14
9.160499999999704,0.07500000000000069,75.0000000000007,0.07499999999999933,74.99999999999933,1.3642420526593923e-14
9.170499999999716,0.07500000000000069,75.0000000000007,0.07499999999999933,74.99999999999933,1.3642420526593923e-14
9.180499999999729,0.07500000000000069,75.0000000000007,0.07499999999999933,74.99999999999933,1.3642420526593923e-14
9.19049999999974,0.07500000000000069,75.0000000000007,0.07499999999999933,74.99999999999933,1.3642420526593923e-14
9.200499999999753,0.07500000000000069,75.0000000000007,0.07499999999999933,74.99999999999933,1.3642420526593923e-14
9.210499999999765,0.07500000000000069,75.0000000000007,0.07499999999999933,74.99999999999933,1.3642420526593923e-14
9.220499999999777,0.07500000000000069,75.0000000000007,0.07499999999999933,74.99999999999933,1.3642420526593923e-14
9.23049999999979,0.07500000000000069,75.0000000000007,0.07499999999999933,74.99999999999933,1.3642420526593923e-14
9.240499999999802,0.07500000000000069,75.0000000000007,0.07499999999999933,74.99999999999933,1.3642420526593923e-14
9.250499999999814,0.07500000000000069,75.0000000000007,0.07499999999999933,74.99999999999933,1.3642420526593923e-14
9.260499999999826,0.07500000000000069,75.0000000000007,0.07499999999999933,74.99999999999933,1.3642420526593923e-14
9.270499999999839,0.07500000000000069,75.0000000000007,0.07499999999999933,74.99999999999933,1.3642420526593923e-14
9.28049999999985,0.07500000000000069,75.0000000000007,0.07499999999999933,74.99999999999933,1.3642420526593923e-14
9.290499999999863,0.07500000000000069,75.0000000000007,0.07499999999999933,74.99999999999933,1.3642420526593923e-14
9.300499999999875,0.07500000000000069,75.0000000000007,0.07499999999999933,74.99999999999933,1.3642420526593923e-14
9.310499999999887,0.07500000000000069,75.0000000000007,0.07499999999999933,74.99999999999933,1.3642420526593923e-14
9.3204999999999,0.07500000000000069,75.0000000000007,0.07499999999999933,74.99999999999933,1.3642420526593923e-14
9.330499999999912,0.07500000000000069,75.0000000000007,0.07499999999999933,74.99999999999933,1.3642420526593923e-14
9.340499999999924,0.07500000000000069,75.0000000000007,0.07499999999999933,74.99999999999933,1.3642420526593923e-14
9.350499999999936,0.07500000000000069,75.0000000000007,0.07499999999999933,74.99999999999933,1.3642420526593923e-14
9.360499999999949,0.07500000000000069,75.0000000000007,0.07499999999999933,74.99999999999933,1.3642420526593923e-14
9.37049999999996,0.07500000000000069,75.0000000000007,0.07499999999999933,74.99999999999933,1.3642420526593923e-14
9.380499999999973,0.07500000000000069,75.0000000000007,0.07499999999999933,74.99999999999933,1.3642420526593923e-14
9.390499999999985,0.07500000000000069,75.0000000000007,0.07499999999999933,74.99999999999933,1.3642420526593923e-14
9.400499999999997,0.07500000000000069,75.0000000000007,0.07499999999999933,74.99999999999933,1.3642420526593923e-14
9.41050000000001,0.07500000000000069,75.0000000000007,0.07499999999999933,74.99999999999933,1.3642420526593923e-14
9.420500000000022,0.07500000000000069,75.0000000000007,0.07499999999999933,74.99999999999933,1.3642420526593923e-14
9.430500000000034,0.07500000000000069,75.0000000000007,0.07499999999999933,74.99999999999933,1.3642420526593923e-14
9.440500000000046,0.07500000000000069,75.0000000000007,0.07499999999999933,74.99999999999933,1.3642420526593923e-14
9.450500000000059,0.07500000000000069,75.0000000000007,0.07499999999999933,74.99999999999933,1.3642420526593923e-14
9.46050000000007,0.07500000000000069,75.0000000000007,0.07499999999999933,74.99999999999933,1.3642420526593923e-14
9.470500000000083,0.07500000000000069,75.0000000000007,0.07499999999999933,74.99999999999933,1.3642420526593923e-14
9.480500000000095,0.07500000000000069,75.0000000000007,0.07499999999999933,74.99999999999933,1.3642420526593923e-14
9.490500000000107,0.07500000000000069,75.0000000000007,0.07499999999999933,74.99999999999933,1.3642420526593923e-14
9.50050000000012,0.07500000000000069,75.0000000000007,0.07499999999999933,74.99999999999933,1.3642420526593923e-14
9.510500000000132,0.07500000000000069,75.0000000000007,0.07499999999999933,74.99999999999933,1.3642420526593923e-14
9.520500000000144,0.07500000000000069,75.0000000000007,0.07499999999999933,74.99999999999933,1.3642420526593923e-14
9.530500000000156,0.07500000000000069,75.0000000000007,0.07499999999999933,74.99999999999933,1.3642420526593923e-14
9.540500000000169,0.07500000000000069,75.0000000000007,0.07499999999999933,74.99999999999933,1.3642420526593923e-14
9.55050000000018,0.07500000000000069,75.0000000000007,0.07499999999999933,74.99999999999933,1.3642420526593923e-14
9.560500000000193,0.07500000000000069,75.0000000000007,0.07499999999999933,74.99999999999933,1.3642420526593923e-14
9.570500000000205,0.07500000000000069,75.0000000000007,0.07499999999999933,74.99999999999933,1.3642420526593923e-14
9.580500000000217,0.07500000000000069,75.0000000000007,0.07499999999999933,74.99999999999933,1.3642420526593923e-14
9.59050000000023,0.07500000000000069,75.0000000000007,0.07499999999999933,74.99999999999933,1.3642420526593923e-14
9.600500000000242,0.07500000000000069,75.0000000000007,0.07499999999999933,74.99999999999933,1.3642420526593923e-14
9.610500000000254,0.07500000000000069,75.0000000000007,0.07499999999999933,74.99999999999933,1.3642420526593923e-14
9.620500000000266,0.07500000000000069,75.0000000000007,0.07499999999999933,74.99999999999933,1.3642420526593923e-14
9.630500000000279,0.07500000000000069,75.0000000000007,0.07499999999999933,74.99999999999933,1.3642420526593923e-14
9.64050000000029,0.07500000000000069,75.0000000000007,0.07499999999999933,74.99999999999933,1.3642420526593923e-14
9.650500000000303,0.07500000000000069,75.0000000000007,0.07499999999999933,74.99999999999933,1.3642420526593923e-14
9.660500000000315,0.07500000000000069,75.0000000000007,0.07499999999999933,74.99999999999933,1.3642420526593923e-14
9.670500000000327,0.07500000000000069,75.0000000000007,0.07499999999999933,74.99999999999933,1.3642420526593923e-14
9.68050000000034,0.07500000000000069,75.0000000000007,0.07499999999999933,74.99999999999933,1.3642420526593923e-14
9.690500000000352,0.07500000000000069,75.0000000000007,0.07499999999999933,74.99999999999933,1.3642420526593923e-14
9.700500000000364,0.07500000000000069,75.0000000000007,0.07499999999999933,74.99999999999933,1.3642420526593923e-14
9.710500000000376,0.07500000000000069,75.0000000000007,0.07499999999999933,74.99999999999933,1.3642420526593923e-14
9.720500000000388,0.07500000000000069,75.0000000000007,0.07499999999999933,74.99999999999933,1.3642420526593923e-14
9.7305000000004,0.07500000000000069,75.0000000000007,0.07499999999999933,74.99999999999933,1.3642420526593923e-14
9.740500000000413,0.07500000000000069,75.0000000000007,0.07499999999999933,74.99999999999933,1.3642420526593923e-14
9.750500000000425,0.07500000000000069,75.0000000000007,0.07499999999999933,74.99999999999933,1.3642420526593923e-14
9.760500000000437,0.07500000000000069,75.0000000000007,0.07499999999999933,74.99999999999933,1.3642420526593923e-14
9.77050000000045,0.07500000000000069,75.0000000000007,0.07499999999999933,74.99999999999933,1.3642420526593923e-14
9.780500000000462,0.07500000000000069,75.0000000000007,0.07499999999999933,74.99999999999933,1.3642420526593923e-14
9.790500000000474,0.07500000000000069,75.0000000000007,0.07499999999999933,74.99999999999933,1.3642420526593923e-14
9.800500000000486,0.07500000000000069,75.0000000000007,0.07499999999999933,74.99999999999933,1.3642420526593923e-14
9.810500000000498,0.07500000000000069,75.0000000000007,0.07499999999999933,74.99999999999933,1.3642420526593923e-14
9.82050000000051,0.07500000000000069,75.0000000000007,0.07499999999999933,74.99999999999933,1.3642420526593923e-14
9.830500000000523,0.07500000000000069,75.0000000000007,0.07499999999999933,74.99999999999933,1.3642420526593923e-14
9.840500000000535,0.07500000000000069,75.0000000000007,0.07499999999999933,74.99999999999933,1.3642420526593923e-14
9.850500000000547,0.07500000000000069,75.0000000000007,0.07499999999999933,74.99999999999933,1.3642420526593923e-14
9.86050000000056,0.07500000000000069,75.0000000000007,0.07499999999999933,74.99999999999933,1.3642420526593923e-14
9.870500000000572,0.07500000000000069,75.0000000000007,0.07499999999999933,74.99999999999933,1.3642420526593923e-14
9.880500000000584,0.07500000000000069,75.0000000000007,0.07499999999999933,74.99999999999933,1.3642420526593923e-14
9.890500000000596,0.07500000000000069,75.0000000000007,0.07499999999999933,74.99999999999933,1.3642420526593923e-14
9.900500000000608,0.07500000000000069,75.0000000000007,0.07499999999999933,74.99999999999933,1.3642420526593923e-14
9.91050000000062,0.07500000000000069,75.0000000000007,0.07499999999999933,74.99999999999933,1.3642420526593923e-14
9.920500000000633,0.07500000000000069,75.0000000000007,0.07499999999999933,74.99999999999933,1.3642420526593923e-14
9.930500000000645,0.07500000000000069,75.0000000000007,0.07499999999999933,74.99999999999933,1.3642420526593923e-14
9.940500000000657,0.07500000000000069,75.0000000000007,0.07499999999999933,74.99999999999933,1.3642420526593923e-14
9.95050000000067,0.07500000000000069,75.0000000000007,0.07499999999999933,74.99999999999933,1.3642420526593923e-14
9.960500000000682,0.07500000000000069,75.0000000000007,0.07499999999999933,74.99999999999933,1.3642420526593923e-14
9.970500000000694,0.07500000000000069,75.0000000000007,0.07499999999999933,74.99999999999933,1.3642420526593923e-14
9.980500000000706,0.07500000000000069,75.0000000000007,0.07499999999999933,74.99999999999933,1.3642420526593923e-14
9.990500000000718,0.07500000000000069,75.0000000000007,0.07499999999999933,74.99999999999933,1.3642420526593923e-14
